x0,y0,z0,x1,y1,z1,x2,y2,z2,x3,y3,z3,x4,y4,z4,x5,y5,z5,x6,y6,z6,x7,y7,z7,x8,y8,z8,x9,y9,z9,x10,y10,z10,x11,y11,z11,x12,y12,z12,x13,y13,z13,x14,y14,z14,x15,y15,z15,x16,y16,z16,x17,y17,z17,x18,y18,z18,x19,y19,z19,x20,y20,z20,label
0.25736963748931885,0.6665912866592407,5.007407821722154e-08,0.31448230147361755,0.6387728452682495,-0.006742408033460379,0.3485715985298157,0.6022273302078247,-0.024483075365424156,0.3705730438232422,0.5785292983055115,-0.04610031843185425,0.3857688903808594,0.571135938167572,-0.06760445982217789,0.3247882127761841,0.4815406799316406,-0.03318413347005844,0.34655430912971497,0.4111607074737549,-0.06018217280507088,0.3565234839916229,0.362650990486145,-0.07781481742858887,0.35941100120544434,0.31781935691833496,-0.09111741930246353,0.2904033958911896,0.48199430108070374,-0.046877626329660416,0.34316110610961914,0.5006718635559082,-0.08304962515830994,0.35655054450035095,0.5601526498794556,-0.09021300822496414,0.35015013813972473,0.5898181200027466,-0.09049680083990097,0.264024555683136,0.5066307783126831,-0.06040147319436073,0.3192008137702942,0.5385146141052246,-0.08963984996080399,0.32860034704208374,0.5906861424446106,-0.07843527942895889,0.32055002450942993,0.613608717918396,-0.06626414507627487,0.24556106328964233,0.5432830452919006,-0.07559803128242493,0.29209810495376587,0.5651793479919434,-0.0913388803601265,0.30396777391433716,0.5995851159095764,-0.0801883265376091,0.29899466037750244,0.6167358160018921,-0.06883428245782852,1
0.24749703705310822,0.6584560871124268,6.153470053504861e-07,0.29872313141822815,0.6368107795715332,-0.02010069414973259,0.3349165916442871,0.6028202176094055,-0.03915068134665489,0.35284942388534546,0.5803205370903015,-0.06050116941332817,0.33597028255462646,0.577754020690918,-0.07912679761648178,0.3279307186603546,0.4779183566570282,-0.03091013804078102,0.3525755703449249,0.4030624032020569,-0.0580889992415905,0.36375170946121216,0.3559633493423462,-0.07316919416189194,0.3703492283821106,0.3116341531276703,-0.08180584013462067,0.2884388267993927,0.47232145071029663,-0.04198679327964783,0.3031688928604126,0.3899977207183838,-0.07808379828929901,0.3137299418449402,0.33211997151374817,-0.09675874561071396,0.31806591153144836,0.2800254821777344,-0.103669174015522,0.25287318229675293,0.4910339117050171,-0.05448175594210625,0.29516491293907166,0.5032702684402466,-0.09677387773990631,0.3133307695388794,0.5610421299934387,-0.10163697600364685,0.3161775767803192,0.5977890491485596,-0.0913255363702774,0.2280234396457672,0.5274391770362854,-0.06888696551322937,0.27059322595596313,0.545113742351532,-0.09355823695659637,0.2926272749900818,0.5833051800727844,-0.09061729907989502,0.29907727241516113,0.6083475947380066,-0.08075564354658127,2
0.2433399111032486,0.6464591026306152,6.329781854219618e-07,0.2881401777267456,0.6292871832847595,-0.022011592984199524,0.3264661729335785,0.5954344272613525,-0.03743820637464523,0.3336104452610016,0.5710339546203613,-0.05123474821448326,0.3099171817302704,0.5521606206893921,-0.06753139197826385,0.316336989402771,0.4685914218425751,-0.03384282812476158,0.3444788157939911,0.39801663160324097,-0.05247773602604866,0.360265851020813,0.3513623774051666,-0.06709863245487213,0.3693591356277466,0.3073948621749878,-0.07770463824272156,0.28489646315574646,0.46301424503326416,-0.0418904647231102,0.3075527548789978,0.3767457902431488,-0.05804407596588135,0.3187311887741089,0.3186957836151123,-0.07580332458019257,0.32428550720214844,0.26857468485832214,-0.08872878551483154,0.25169122219085693,0.4811343848705292,-0.05105052515864372,0.2651573121547699,0.4159790873527527,-0.07575790584087372,0.27866506576538086,0.3633112907409668,-0.09975834935903549,0.28794240951538086,0.31790098547935486,-0.11683215945959091,0.21911218762397766,0.5169489979743958,-0.06091025099158287,0.2527830898761749,0.5076556205749512,-0.0862107053399086,0.27416256070137024,0.5374011993408203,-0.09454271197319031,0.2865852415561676,0.5679035782814026,-0.09946309030056,3
0.1768348515033722,0.6171368360519409,7.155622228083303e-08,0.2353341281414032,0.5964577198028564,-0.014688118360936642,0.2853788733482361,0.559372067451477,-0.034800898283720016,0.3139299154281616,0.5322467088699341,-0.05814655125141144,0.2960103452205658,0.5294615030288696,-0.08148002624511719,0.2834016978740692,0.40617847442626953,-0.03134147450327873,0.3229590654373169,0.34258174896240234,-0.06055517494678497,0.34244847297668457,0.29265978932380676,-0.07922784984111786,0.35611873865127563,0.24655267596244812,-0.09379563480615616,0.23852813243865967,0.38576796650886536,-0.04374060779809952,0.2795809209346771,0.42205095291137695,-0.08547371625900269,0.2783673405647278,0.5001040697097778,-0.09343073517084122,0.26893293857574463,0.5344158411026001,-0.09216176718473434,0.19633984565734863,0.39927446842193604,-0.057562947273254395,0.23938286304473877,0.45114994049072266,-0.09156229346990585,0.23787279427051544,0.5140491127967834,-0.0816902220249176,0.22616958618164062,0.5326502323150635,-0.06911271065473557,0.16164502501487732,0.43172627687454224,-0.07406314462423325,0.19999302923679352,0.4823368191719055,-0.09253381192684174,0.20413537323474884,0.5239135026931763,-0.08405664563179016,0.19542600214481354,0.5304413437843323,-0.0741080790758133,1
0.3289317488670349,0.6159818768501282,6.605294800010597e-08,0.3663604259490967,0.5654475688934326,-0.019952518865466118,0.39131414890289307,0.5106555819511414,-0.04604105278849602,0.405763179063797,0.4751928746700287,-0.07516619563102722,0.3909060060977936,0.48390403389930725,-0.10382942110300064,0.3286234736442566,0.396441251039505,-0.043281011283397675,0.30477988719940186,0.31572043895721436,-0.07730766385793686,0.2843751311302185,0.2625710964202881,-0.09755368530750275,0.261696994304657,0.2207893580198288,-0.11190368235111237,0.2901490032672882,0.41756439208984375,-0.05371351167559624,0.33233749866485596,0.41639262437820435,-0.0983969196677208,0.3631547689437866,0.47582516074180603,-0.10568910837173462,0.36540937423706055,0.5012854337692261,-0.1037072166800499,0.26503992080688477,0.4574498236179352,-0.06589558720588684,0.3151234984397888,0.467325359582901,-0.10333030670881271,0.343795508146286,0.5142624974250793,-0.09208095073699951,0.3444986939430237,0.5343484878540039,-0.07784315198659897,0.25073325634002686,0.5039200186729431,-0.08112609386444092,0.2969192564487457,0.5160492062568665,-0.10189779847860336,0.3202202618122101,0.5422965884208679,-0.09243781864643097,0.32015863060951233,0.5527637600898743,-0.08126216381788254,1
0.30376672744750977,0.597954511642456,4.382722451623522e-08,0.3506743609905243,0.5569357872009277,-0.016250157728791237,0.38661542534828186,0.507641613483429,-0.03825174272060394,0.40619051456451416,0.472714900970459,-0.06362318992614746,0.38935598731040955,0.4729984402656555,-0.08878728002309799,0.34519028663635254,0.3735273480415344,-0.03632071986794472,0.35305917263031006,0.2880971133708954,-0.06655482202768326,0.3529677093029022,0.23098786175251007,-0.08515702933073044,0.34883052110671997,0.18038088083267212,-0.09925283491611481,0.3029100000858307,0.37715867161750793,-0.04774821549654007,0.3443699777126312,0.39142683148384094,-0.09071168303489685,0.3606623411178589,0.4629846215248108,-0.09887216240167618,0.3582168221473694,0.495902955532074,-0.09805963188409805,0.2696225047111511,0.40560296177864075,-0.060502681881189346,0.3185020685195923,0.4301411211490631,-0.09609008580446243,0.33239105343818665,0.48981013894081116,-0.08520291745662689,0.326250284910202,0.5139719247817993,-0.07185502350330353,0.24547940492630005,0.44581517577171326,-0.07602683454751968,0.29137107729911804,0.4712238609790802,-0.095969557762146,0.3062903583049774,0.5084394812583923,-0.08707009255886078,0.3019050359725952,0.5205602049827576,-0.07663421332836151,1
0.14587140083312988,0.43863481283187866,1.4714140661453712e-07,0.19399920105934143,0.46636828780174255,-0.022570503875613213,0.25377339124679565,0.4788103401660919,-0.0438377782702446,0.2957842946052551,0.4730933904647827,-0.06676577776670456,0.2896622121334076,0.43609821796417236,-0.08882569521665573,0.311423659324646,0.3742947280406952,-0.030770890414714813,0.37582218647003174,0.3421209752559662,-0.06233172118663788,0.41728484630584717,0.3189592957496643,-0.07937146723270416,0.4484424591064453,0.29154127836227417,-0.0911732167005539,0.28501763939857483,0.32887306809425354,-0.03937864303588867,0.32168030738830566,0.34937500953674316,-0.08923185616731644,0.278257817029953,0.4119788110256195,-0.0979367047548294,0.25142553448677063,0.4264596104621887,-0.09256239235401154,0.2505704462528229,0.2996855080127716,-0.050552964210510254,0.2698759138584137,0.3436128497123718,-0.09601522982120514,0.23296231031417847,0.3948250412940979,-0.08522667735815048,0.2138054519891739,0.39280393719673157,-0.06711170077323914,0.2118450552225113,0.28082650899887085,-0.06412896513938904,0.22520992159843445,0.3315802216529846,-0.09027708321809769,0.20532122254371643,0.36952078342437744,-0.08036307990550995,0.19309844076633453,0.3609994649887085,-0.06690715253353119,1
0.15766291320323944,0.40148696303367615,1.3651900587774435e-07,0.2002839744091034,0.44757431745529175,-0.021402457728981972,0.24861927330493927,0.4815109968185425,-0.04354958236217499,0.29001879692077637,0.5008004903793335,-0.06787730753421783,0.30900073051452637,0.4735507667064667,-0.09129336476325989,0.33086392283439636,0.4081122577190399,-0.0281214639544487,0.396381139755249,0.4137715995311737,-0.058632541447877884,0.44073396921157837,0.41331344842910767,-0.07607589662075043,0.47668319940567017,0.4035576581954956,-0.08803617209196091,0.319429874420166,0.3583662211894989,-0.03714817389845848,0.34971702098846436,0.4050760865211487,-0.08233897387981415,0.2951354384422302,0.44444194436073303,-0.08972286432981491,0.26724323630332947,0.4439937472343445,-0.08459977060556412,0.29652833938598633,0.32085591554641724,-0.04887879639863968,0.30871206521987915,0.3801540732383728,-0.08933454006910324,0.2624373435974121,0.40713340044021606,-0.0773581713438034,0.2438400536775589,0.3914850652217865,-0.059989724308252335,0.2658565938472748,0.29105955362319946,-0.06314191222190857,0.2715224325656891,0.34734565019607544,-0.08705577999353409,0.24258720874786377,0.37057414650917053,-0.07618127763271332,0.2299831211566925,0.3522978723049164,-0.0624362975358963,1
0.16443806886672974,0.549378514289856,7.051139050417987e-07,0.2140946388244629,0.5504768490791321,-0.03138227015733719,0.2520532011985779,0.5243668556213379,-0.04975152015686035,0.23137600719928741,0.47668400406837463,-0.06783012300729752,0.202988401055336,0.4316391050815582,-0.08419216424226761,0.2795255184173584,0.41012507677078247,-0.03236112371087074,0.32288074493408203,0.34302347898483276,-0.060822878032922745,0.34900081157684326,0.3002374768257141,-0.07602574676275253,0.36624038219451904,0.2583811283111572,-0.08319364488124847,0.23968644440174103,0.38254228234291077,-0.03588579222559929,0.2661985158920288,0.29571983218193054,-0.07042830437421799,0.2846563756465912,0.24148492515087128,-0.08859032392501831,0.29757222533226013,0.1887706071138382,-0.0933651477098465,0.19892528653144836,0.3802165985107422,-0.042657122015953064,0.20603744685649872,0.3940485417842865,-0.09005934000015259,0.2059432864189148,0.4558740258216858,-0.10152384638786316,0.20460845530033112,0.4895751476287842,-0.0935145765542984,0.1601686179637909,0.3934929072856903,-0.05124087259173393,0.1714964061975479,0.42986589670181274,-0.0849873498082161,0.18095026910305023,0.4833957850933075,-0.08758591115474701,0.1888946294784546,0.5134372115135193,-0.07925102114677429,2
0.2527908682823181,0.553860068321228,7.117664040379168e-07,0.2931234538555145,0.5344852805137634,-0.03347514942288399,0.31432589888572693,0.5128113031387329,-0.05882129818201065,0.2877517342567444,0.5386695861816406,-0.08327912539243698,0.2527974545955658,0.563334047794342,-0.10809827595949173,0.2691876292228699,0.41349393129348755,-0.057765085250139236,0.2575426697731018,0.32939156889915466,-0.09339943528175354,0.24694505333900452,0.2779061198234558,-0.11322364956140518,0.23065941035747528,0.23388780653476715,-0.12421272695064545,0.2241937518119812,0.4259517788887024,-0.06192421913146973,0.18403467535972595,0.3651121258735657,-0.104093536734581,0.15174426138401031,0.32623136043548584,-0.12536078691482544,0.11914513260126114,0.288942813873291,-0.13246923685073853,0.19683115184307098,0.460234671831131,-0.06743989139795303,0.21349303424358368,0.5016395449638367,-0.11395825445652008,0.24383799731731415,0.5385538935661316,-0.11961419135332108,0.2577870190143585,0.5532665848731995,-0.10949245095252991,0.18373994529247284,0.5024189949035645,-0.0752277597784996,0.20923849940299988,0.5377772450447083,-0.10400719195604324,0.23635178804397583,0.5631093978881836,-0.09798360615968704,0.251748263835907,0.5749017000198364,-0.0849471390247345,2
0.2679157853126526,0.5465107560157776,6.963538226045785e-07,0.31174400448799133,0.536871075630188,-0.02510586380958557,0.34246107935905457,0.5118609666824341,-0.0435856431722641,0.31015485525131226,0.5017977952957153,-0.06003819406032562,0.2663884162902832,0.5030280351638794,-0.08063126355409622,0.3330116271972656,0.3900749981403351,-0.043900441378355026,0.35635125637054443,0.31298303604125977,-0.06496202200651169,0.36767759919166565,0.26305389404296875,-0.07958513498306274,0.3731669783592224,0.2140568345785141,-0.09009329229593277,0.29844194650650024,0.38000890612602234,-0.051538921892642975,0.31361663341522217,0.291530966758728,-0.06879527121782303,0.317398339509964,0.23219560086727142,-0.08667115867137909,0.31754496693611145,0.17823368310928345,-0.09903369098901749,0.2651306688785553,0.3969443142414093,-0.05986452102661133,0.26417165994644165,0.3419376015663147,-0.08540078997612,0.26409557461738586,0.2911536693572998,-0.1110713854432106,0.2627123296260834,0.23983940482139587,-0.12911491096019745,0.2344435155391693,0.4325995445251465,-0.06885121017694473,0.24444928765296936,0.440403550863266,-0.09549527615308762,0.2549392879009247,0.47322624921798706,-0.10464879870414734,0.2625036835670471,0.49812835454940796,-0.11003436148166656,3
0.3113534450531006,0.5474447011947632,7.796681984473253e-07,0.3350275158882141,0.5257934927940369,-0.023911399766802788,0.34847399592399597,0.513066291809082,-0.04650970920920372,0.3249219059944153,0.5445438027381897,-0.06829391419887543,0.29692816734313965,0.5775796175003052,-0.09478162229061127,0.30552318692207336,0.41575872898101807,-0.055833205580711365,0.2981448471546173,0.34186452627182007,-0.07916969060897827,0.2913113832473755,0.2951048016548157,-0.09441712498664856,0.28260883688926697,0.2515665888786316,-0.10648457705974579,0.2772376835346222,0.42929425835609436,-0.06507809460163116,0.2517048120498657,0.36011940240859985,-0.08458145707845688,0.23628608882427216,0.31453558802604675,-0.10298489779233932,0.2236955463886261,0.2731703519821167,-0.11802372336387634,0.2593715488910675,0.4685330092906952,-0.0742073729634285,0.22657868266105652,0.4345638155937195,-0.10089999437332153,0.20829114317893982,0.4115634858608246,-0.1248624175786972,0.19382765889167786,0.3893522024154663,-0.14286984503269196,0.249502032995224,0.519975483417511,-0.08381722122430801,0.2456202208995819,0.5317222476005554,-0.11260607093572617,0.2595617175102234,0.5470954179763794,-0.12557317316532135,0.27308839559555054,0.5597767233848572,-0.1348361074924469,3
0.21366602182388306,0.40835532546043396,5.684360644409026e-07,0.2547766864299774,0.44532227516174316,-0.018452679738402367,0.30135226249694824,0.4547378420829773,-0.02703816629946232,0.3041934370994568,0.4125496745109558,-0.033628206700086594,0.2931396961212158,0.3689439296722412,-0.04344727843999863,0.3675471544265747,0.3739319145679474,-0.022414300590753555,0.4249984622001648,0.3571196496486664,-0.03319450840353966,0.46031051874160767,0.34345224499702454,-0.04243405535817146,0.49141597747802734,0.3235989511013031,-0.049510590732097626,0.3527710437774658,0.3324509561061859,-0.028267057612538338,0.4114333391189575,0.301874577999115,-0.03403355926275253,0.44748711585998535,0.27668458223342896,-0.046390287578105927,0.48094654083251953,0.24998578429222107,-0.05622215196490288,0.3238118886947632,0.30380743741989136,-0.035461194813251495,0.36609959602355957,0.2669047713279724,-0.05355854332447052,0.40049177408218384,0.24100828170776367,-0.07830782234668732,0.4322931170463562,0.2136051207780838,-0.09703824669122696,0.2833423912525177,0.28505581617355347,-0.04300539568066597,0.30332979559898376,0.30309316515922546,-0.06618841737508774,0.28919199109077454,0.3472279906272888,-0.07487400621175766,0.27266281843185425,0.38164979219436646,-0.08021584153175354,3
0.24294385313987732,0.5507402420043945,5.407181191685595e-08,0.2913181483745575,0.5369865894317627,-0.015233802609145641,0.32520291209220886,0.5164231657981873,-0.03795633465051651,0.3439429998397827,0.5012897849082947,-0.06373419612646103,0.3415481150150299,0.498412162065506,-0.08911123126745224,0.3353753983974457,0.3808036744594574,-0.036195676773786545,0.360182523727417,0.31351932883262634,-0.06537939608097076,0.37455254793167114,0.2639438509941101,-0.08354634791612625,0.38317620754241943,0.21997740864753723,-0.09697990119457245,0.29715096950531006,0.3633689284324646,-0.04643705114722252,0.3265223801136017,0.4051019251346588,-0.08510075509548187,0.3222411274909973,0.4700801968574524,-0.09271533787250519,0.3114416301250458,0.4943804144859314,-0.09208627045154572,0.26063108444213867,0.3746313750743866,-0.05789032205939293,0.2913035750389099,0.43552443385124207,-0.0907430648803711,0.29054251313209534,0.4866424798965454,-0.08358533680438995,0.2823013365268707,0.49920639395713806,-0.07326392084360123,0.22947880625724792,0.4013601243495941,-0.07169880717992783,0.2562375068664551,0.4585922360420227,-0.09049534797668457,0.26392707228660583,0.49645307660102844,-0.08407047390937805,0.26303574442863464,0.5035340785980225,-0.07547418028116226,1
0.23318396508693695,0.5400146842002869,6.07792401297047e-07,0.28172600269317627,0.5273778438568115,-0.023456694558262825,0.31645193696022034,0.5021635890007019,-0.039532873779535294,0.3016504943370819,0.48122644424438477,-0.05690726265311241,0.27062222361564636,0.46989697217941284,-0.0729847103357315,0.3236475884914398,0.384468674659729,-0.029368039220571518,0.3526017665863037,0.3071332275867462,-0.05460852012038231,0.36876603960990906,0.2616936266422272,-0.06693927198648453,0.3761768341064453,0.21805454790592194,-0.07247007638216019,0.2811528444290161,0.3673464059829712,-0.03597835451364517,0.2856719493865967,0.28412431478500366,-0.06744737923145294,0.289135217666626,0.22952483594417572,-0.0834059789776802,0.28725752234458923,0.17678245902061462,-0.08726486563682556,0.24155977368354797,0.3756486177444458,-0.04474138468503952,0.25268983840942383,0.40580320358276367,-0.08507862687110901,0.2651115655899048,0.4631383419036865,-0.09444301575422287,0.27027735114097595,0.4945937395095825,-0.08666153252124786,0.20771023631095886,0.3996274769306183,-0.055285245180130005,0.22293387353420258,0.4447875916957855,-0.08035033196210861,0.2398821860551834,0.4878771901130676,-0.0806649699807167,0.2517101764678955,0.5107735395431519,-0.07245418429374695,2
0.2491624802350998,0.5365723967552185,4.265703523742559e-08,0.29436683654785156,0.5182371735572815,-0.018471118062734604,0.32986482977867126,0.4922349452972412,-0.04158014804124832,0.3456629514694214,0.47294124960899353,-0.06706537306308746,0.3369125425815582,0.4616674780845642,-0.09177248179912567,0.33194535970687866,0.3629014194011688,-0.03942612186074257,0.35172584652900696,0.2823886275291443,-0.07010388374328613,0.3601766526699066,0.22914402186870575,-0.08791017532348633,0.361427903175354,0.1832694709300995,-0.10049448162317276,0.29215002059936523,0.3511877954006195,-0.04763738065958023,0.31928515434265137,0.379485160112381,-0.08800249546766281,0.31836673617362976,0.44346916675567627,-0.0953809916973114,0.3098912835121155,0.46421676874160767,-0.0941961482167244,0.25584766268730164,0.36366042494773865,-0.05746079981327057,0.28552037477493286,0.414621502161026,-0.09169094264507294,0.28739047050476074,0.46471238136291504,-0.08405238389968872,0.2802690863609314,0.47313860058784485,-0.07309188693761826,0.2253231555223465,0.38856399059295654,-0.06980301439762115,0.2522430121898651,0.43772006034851074,-0.08950737863779068,0.2616208493709564,0.4732106626033783,-0.08282273262739182,0.2605324983596802,0.4762578010559082,-0.0737035870552063,1
0.3003179728984833,0.551515519618988,5.038074277763371e-07,0.3395461142063141,0.5155960321426392,-0.023646123707294464,0.3564162254333496,0.4643194377422333,-0.03665868192911148,0.31953704357147217,0.4535631537437439,-0.04773850739002228,0.2766213119029999,0.45697638392448425,-0.06055714935064316,0.31441912055015564,0.34291592240333557,-0.030091414228081703,0.2992251217365265,0.2556152045726776,-0.04519966244697571,0.28950488567352295,0.20348556339740753,-0.05499734356999397,0.2772097587585449,0.15587446093559265,-0.062132179737091064,0.27917471528053284,0.3570603132247925,-0.03415508195757866,0.24850067496299744,0.2698962986469269,-0.04867228493094444,0.2250390350818634,0.2194894254207611,-0.0634852945804596,0.20348942279815674,0.1747439056634903,-0.0731208547949791,0.2568416893482208,0.39222583174705505,-0.039652131497859955,0.2321605384349823,0.350673109292984,-0.06370216608047485,0.2129935622215271,0.31597286462783813,-0.0848897248506546,0.1944599449634552,0.2810642123222351,-0.09762805700302124,0.24436765909194946,0.44030019640922546,-0.04615842550992966,0.2517867982387543,0.4292811155319214,-0.0689140185713768,0.27161523699760437,0.4532305598258972,-0.0757233053445816,0.2871182858943939,0.4757411479949951,-0.07828740775585175,3
0.273272842168808,0.4824955463409424,6.836183388259087e-07,0.2957966923713684,0.4457215964794159,-0.036398064345121384,0.2980424761772156,0.40688052773475647,-0.059440527111291885,0.268658846616745,0.43184694647789,-0.07839249074459076,0.23586592078208923,0.4561607241630554,-0.10060036927461624,0.2284981608390808,0.31111282110214233,-0.05980244278907776,0.18792317807674408,0.23627355694770813,-0.08474916219711304,0.15886171162128448,0.1889023333787918,-0.10117478668689728,0.12913936376571655,0.1476176381111145,-0.11285969614982605,0.19418133795261383,0.3402422368526459,-0.061392854899168015,0.13429854810237885,0.276178777217865,-0.08462665975093842,0.08978872746229172,0.23743566870689392,-0.10616928339004517,0.05179192125797272,0.2050143927335739,-0.12043311446905136,0.18144653737545013,0.3829628825187683,-0.06364347040653229,0.12898226082324982,0.35875073075294495,-0.09559106826782227,0.09175065159797668,0.3423103094100952,-0.12175203114748001,0.061380743980407715,0.3275565207004547,-0.1383390873670578,0.18358564376831055,0.43395698070526123,-0.06724468618631363,0.1803564876317978,0.43704262375831604,-0.1002034991979599,0.20717549324035645,0.45268213748931885,-0.11087314039468765,0.2343083620071411,0.46760088205337524,-0.11528606712818146,3
0.2092519998550415,0.4131859838962555,6.45902161977574e-07,0.2533611059188843,0.4418887197971344,-0.02311556041240692,0.29605644941329956,0.4413188397884369,-0.03577914088964462,0.28844577074050903,0.3975085914134979,-0.04624234512448311,0.2693924009799957,0.35490426421165466,-0.05946103110909462,0.3526158928871155,0.3564419150352478,-0.029340337961912155,0.40874364972114563,0.32989946007728577,-0.04430318623781204,0.44278985261917114,0.3088895380496979,-0.05598246678709984,0.4722345471382141,0.28439247608184814,-0.06468271464109421,0.33245399594306946,0.3155905306339264,-0.03342803940176964,0.3860025703907013,0.27700841426849365,-0.043847691267728806,0.41942253708839417,0.24488575756549835,-0.057858120650053024,0.4487983286380768,0.21316003799438477,-0.06833501160144806,0.3007444441318512,0.29282423853874207,-0.03909095749258995,0.3300122916698456,0.24800243973731995,-0.05875338613986969,0.352486789226532,0.21526890993118286,-0.08097682893276215,0.37304189801216125,0.183424711227417,-0.09722722321748734,0.2600703835487366,0.2844143211841583,-0.04581158980727196,0.2684398293495178,0.29126057028770447,-0.07025986164808273,0.25913703441619873,0.33103662729263306,-0.07921059429645538,0.24943116307258606,0.36379507184028625,-0.08401820063591003,3
0.21436119079589844,0.45812204480171204,6.18198782831314e-07,0.25893744826316833,0.46305662393569946,-0.02801135927438736,0.29331958293914795,0.4354148209095001,-0.04238399863243103,0.270038366317749,0.3927854001522064,-0.05582292005419731,0.24424917995929718,0.3531370460987091,-0.06790824979543686,0.3217107057571411,0.3460135757923126,-0.027063224464654922,0.36180776357650757,0.28887540102005005,-0.05147579684853554,0.3859809339046478,0.2496662735939026,-0.0640774667263031,0.4025612771511078,0.21248109638690948,-0.07004064321517944,0.2917361557483673,0.3180069625377655,-0.029693936929106712,0.32318785786628723,0.25126177072525024,-0.05761334300041199,0.34337449073791504,0.20917537808418274,-0.07185561209917068,0.3588889241218567,0.1673610806465149,-0.07528560608625412,0.25801870226860046,0.31002649664878845,-0.03571256250143051,0.26042982935905457,0.32041510939598083,-0.072983518242836,0.252817839384079,0.37031471729278564,-0.0806824341416359,0.24941202998161316,0.39122265577316284,-0.0734565332531929,0.22327333688735962,0.3131253719329834,-0.04372921958565712,0.2269963175058365,0.3386678993701935,-0.06734839081764221,0.22585658729076385,0.37663671374320984,-0.06706296652555466,0.22705018520355225,0.38987940549850464,-0.059754855930805206,2
0.17066644132137299,0.30748575925827026,6.802550274187524e-07,0.20088893175125122,0.36211150884628296,-0.02244403585791588,0.24834699928760529,0.38631391525268555,-0.032245878130197525,0.27236703038215637,0.34385207295417786,-0.043032679706811905,0.28162673115730286,0.29346442222595215,-0.05237501859664917,0.31974613666534424,0.3552522659301758,-0.015197343192994595,0.38398411870002747,0.37464576959609985,-0.03630562126636505,0.42381685972213745,0.3825424909591675,-0.04739062115550041,0.4563053548336029,0.3856658339500427,-0.05182525888085365,0.317274808883667,0.3051854372024536,-0.019529981538653374,0.3846103250980377,0.3076901435852051,-0.04487200453877449,0.4313761591911316,0.30749955773353577,-0.059307098388671875,0.46779605746269226,0.3055456280708313,-0.06324566900730133,0.29983651638031006,0.26318392157554626,-0.026970459148287773,0.3124438226222992,0.27173948287963867,-0.06677177548408508,0.27492910623550415,0.2944625914096832,-0.07669326663017273,0.24489626288414001,0.30900803208351135,-0.06925465911626816,0.27255210280418396,0.2290250062942505,-0.035588670521974564,0.2728904187679291,0.25086644291877747,-0.06618539988994598,0.24654817581176758,0.2824072539806366,-0.0682137981057167,0.22419510781764984,0.30402541160583496,-0.06010875478386879,1
0.2755250036716461,0.5458256006240845,4.3151953832420986e-07,0.31158605217933655,0.510057270526886,-0.02359236404299736,0.33253607153892517,0.4731403589248657,-0.0422837920486927,0.31248679757118225,0.481239378452301,-0.06194261834025383,0.28088080883026123,0.501826822757721,-0.08059187978506088,0.2876203656196594,0.38325661420822144,-0.03768721967935562,0.2661614716053009,0.303560733795166,-0.06708022207021713,0.24997977912425995,0.25900739431381226,-0.08350592851638794,0.23019395768642426,0.22021502256393433,-0.09314903616905212,0.24888060986995697,0.39886099100112915,-0.04490526020526886,0.2185254693031311,0.34840506315231323,-0.07988391816616058,0.19229376316070557,0.3138573467731476,-0.09717370569705963,0.16395509243011475,0.28034669160842896,-0.10290370136499405,0.22520911693572998,0.4316650331020355,-0.054002124816179276,0.2450641393661499,0.46463820338249207,-0.08879692852497101,0.2743905782699585,0.4910367727279663,-0.09382972121238708,0.28771910071372986,0.49794676899909973,-0.08710259944200516,0.21385832130908966,0.47279495000839233,-0.06579773128032684,0.2440684586763382,0.507731556892395,-0.08504984527826309,0.26860496401786804,0.5215980410575867,-0.08273790031671524,0.28134697675704956,0.5207802057266235,-0.07538091391324997,2
0.27918344736099243,0.5601227283477783,5.811097025798517e-07,0.320717990398407,0.5385378003120422,-0.03255101293325424,0.3454584777355194,0.4972296953201294,-0.050267744809389114,0.3116726279258728,0.46650320291519165,-0.06393604725599289,0.2662622034549713,0.448056161403656,-0.07956870645284653,0.3394427001476288,0.3696134388446808,-0.0404648631811142,0.3518545925617218,0.28471603989601135,-0.0591622069478035,0.35214921832084656,0.23144447803497314,-0.07257668673992157,0.34862858057022095,0.18418538570404053,-0.08227600157260895,0.3062363266944885,0.3646257519721985,-0.0411808155477047,0.31364697217941284,0.2657788395881653,-0.055296339094638824,0.31003859639167786,0.20693935453891754,-0.0704915001988411,0.30472302436828613,0.160101979970932,-0.08086199313402176,0.2766455113887787,0.3857264816761017,-0.04400596022605896,0.2653304934501648,0.31401684880256653,-0.0643468052148819,0.259255051612854,0.2557153105735779,-0.0868220329284668,0.2544880211353302,0.20494072139263153,-0.10340713709592819,0.25003528594970703,0.4239088296890259,-0.0488491952419281,0.25416791439056396,0.41791754961013794,-0.07187285274267197,0.2667306959629059,0.43858975172042847,-0.08176203072071075,0.2779107987880707,0.45881444215774536,-0.08762384951114655,3
0.3019551932811737,0.5642048716545105,1.644920999410715e-08,0.3408541977405548,0.5277893543243408,-0.01690930314362049,0.3686986267566681,0.47889190912246704,-0.03687529265880585,0.3672454059123993,0.4494608938694,-0.059069953858852386,0.3452036380767822,0.44255363941192627,-0.08104917407035828,0.331406831741333,0.3625432550907135,-0.0360143706202507,0.329066663980484,0.2775478959083557,-0.06488032639026642,0.3249216079711914,0.2188662439584732,-0.08181789517402649,0.31588301062583923,0.1697147935628891,-0.09424041956663132,0.29050010442733765,0.3682516813278198,-0.04359375685453415,0.3208693563938141,0.3829628527164459,-0.08279513567686081,0.33646783232688904,0.447651743888855,-0.08940122276544571,0.3326811194419861,0.4712945818901062,-0.08754418045282364,0.26114368438720703,0.3946291208267212,-0.05250490829348564,0.29745110869407654,0.42593786120414734,-0.08749593794345856,0.31390145421028137,0.47675779461860657,-0.07910477370023727,0.30968785285949707,0.4899140000343323,-0.06728550046682358,0.23971669375896454,0.43021348118782043,-0.06365009397268295,0.2763170301914215,0.4628406763076782,-0.08565247803926468,0.29548946022987366,0.4959646761417389,-0.07913456857204437,0.2957165241241455,0.5017344951629639,-0.06963804364204407,1
0.3018231689929962,0.5614275336265564,7.168213755903707e-08,0.33675169944763184,0.5267274379730225,-0.009141768328845501,0.35948729515075684,0.49197518825531006,-0.026756377890706062,0.3736824691295624,0.4751937687397003,-0.04749685525894165,0.38308006525039673,0.48339033126831055,-0.0685434341430664,0.3246297836303711,0.38281750679016113,-0.026841940358281136,0.3212304413318634,0.3311024308204651,-0.05192922055721283,0.32477182149887085,0.29522037506103516,-0.06907131522893906,0.32847923040390015,0.2640417218208313,-0.08191400021314621,0.28985854983329773,0.3871278166770935,-0.037346865981817245,0.32699593901634216,0.41043978929519653,-0.06891094148159027,0.3472658395767212,0.4644734561443329,-0.07608172297477722,0.35019195079803467,0.4910683035850525,-0.07646694034337997,0.2654523551464081,0.4165281653404236,-0.048698894679546356,0.3096439242362976,0.45556381344795227,-0.07535145431756973,0.32691091299057007,0.49634334444999695,-0.07001611590385437,0.32587963342666626,0.5115699172019958,-0.0620545819401741,0.2494267225265503,0.45661795139312744,-0.061720382422208786,0.28841280937194824,0.4921007752418518,-0.0766257494688034,0.30674952268600464,0.5164469480514526,-0.07118402421474457,0.30857527256011963,0.5212511420249939,-0.06423269957304001,1
0.2764504849910736,0.5594123601913452,3.05871239447697e-08,0.30756819248199463,0.5160281658172607,-0.015046619810163975,0.32390066981315613,0.4784286320209503,-0.038420990109443665,0.33236202597618103,0.45662155747413635,-0.0642436295747757,0.33970651030540466,0.4575924277305603,-0.08911959826946259,0.2661190330982208,0.37532150745391846,-0.03892351686954498,0.23949295282363892,0.31768062710762024,-0.07134002447128296,0.21959447860717773,0.2759423553943634,-0.0924488753080368,0.20025306940078735,0.24159544706344604,-0.10793561488389969,0.22984857857227325,0.39532268047332764,-0.04803578555583954,0.2699727416038513,0.41686373949050903,-0.08672299236059189,0.3015792667865753,0.45811545848846436,-0.09456195682287216,0.3104744553565979,0.4779773950576782,-0.09494950622320175,0.21174311637878418,0.43671825528144836,-0.0585411861538887,0.26558971405029297,0.46933501958847046,-0.0902620479464531,0.29146263003349304,0.4953486919403076,-0.0838889330625534,0.29350745677948,0.5027490854263306,-0.07494737207889557,0.20664173364639282,0.48363935947418213,-0.07144733518362045,0.25581273436546326,0.5138853788375854,-0.0904911458492279,0.27825647592544556,0.5264694690704346,-0.08595211803913116,0.2798936069011688,0.5234032273292542,-0.07910416275262833,1
0.2948579490184784,0.5591301321983337,6.655248796505475e-08,0.3370196223258972,0.5229799151420593,-0.008844880387187004,0.3634087145328522,0.4814935326576233,-0.02625359036028385,0.3791741728782654,0.4577255845069885,-0.047397833317518234,0.37478113174438477,0.4676303267478943,-0.06836385279893875,0.3274948000907898,0.36940014362335205,-0.024083256721496582,0.3271471858024597,0.3086768388748169,-0.0498344860970974,0.3355814218521118,0.27134013175964355,-0.06688482314348221,0.343549519777298,0.24341124296188354,-0.07913532853126526,0.2931406497955322,0.37449610233306885,-0.03577619791030884,0.33098191022872925,0.3932006061077118,-0.06977653503417969,0.3494758605957031,0.4478936493396759,-0.07776115089654922,0.3507300019264221,0.47550421953201294,-0.0780021995306015,0.26883065700531006,0.4028654098510742,-0.048617713153362274,0.3129406273365021,0.4364601969718933,-0.07732167094945908,0.3294702470302582,0.48030564188957214,-0.07196646928787231,0.32801854610443115,0.49725496768951416,-0.06341616064310074,0.25435811281204224,0.44135671854019165,-0.06330300122499466,0.2947746813297272,0.4762381315231323,-0.07904307544231415,0.31106820702552795,0.502515435218811,-0.07371963560581207,0.3110543191432953,0.5081226229667664,-0.0667429268360138,1
0.29264384508132935,0.5705879926681519,5.527259077098279e-07,0.33260393142700195,0.5369487404823303,-0.016583984717726707,0.36100536584854126,0.5015219449996948,-0.030538583174347878,0.3489741086959839,0.48896297812461853,-0.046440307050943375,0.32001015543937683,0.4959666132926941,-0.061251070350408554,0.33215823769569397,0.3955729901790619,-0.022274699062108994,0.3402373194694519,0.324155330657959,-0.04442379251122475,0.34609562158584595,0.2809292674064636,-0.05668668448925018,0.3483949899673462,0.24232348799705505,-0.06315552443265915,0.293804407119751,0.39745691418647766,-0.0305905994027853,0.29064103960990906,0.33629801869392395,-0.05455354228615761,0.29695364832878113,0.2972054183483124,-0.06619454175233841,0.29992592334747314,0.26267096400260925,-0.06949882209300995,0.2631320357322693,0.4213625490665436,-0.04094094783067703,0.28748753666877747,0.4439433515071869,-0.07196204364299774,0.3105865716934204,0.48676496744155884,-0.07797367125749588,0.3213089108467102,0.5124682188034058,-0.07186688482761383,0.24241633713245392,0.4606533646583557,-0.05296117439866066,0.272173136472702,0.49376219511032104,-0.07222680002450943,0.29788386821746826,0.520578145980835,-0.07219366729259491,0.3128572404384613,0.5346900820732117,-0.06613944470882416,2
0.29862719774246216,0.5582943558692932,5.385363692766987e-07,0.3354155719280243,0.5291674733161926,-0.01833188347518444,0.36315637826919556,0.4961334764957428,-0.034190934151411057,0.35749149322509766,0.48206162452697754,-0.05108911544084549,0.33360007405281067,0.491249680519104,-0.06650828570127487,0.33602046966552734,0.39062511920928955,-0.024120742455124855,0.34090250730514526,0.3306741714477539,-0.04984669387340546,0.3520382046699524,0.2966028153896332,-0.06438957899808884,0.3623273968696594,0.27128785848617554,-0.07147959619760513,0.29748064279556274,0.3930877447128296,-0.031604986637830734,0.28960585594177246,0.33395466208457947,-0.060131244361400604,0.3055351972579956,0.31069618463516235,-0.07145524770021439,0.31985968351364136,0.2994995713233948,-0.07248355448246002,0.26655879616737366,0.41694140434265137,-0.041685108095407486,0.2925860285758972,0.4360024333000183,-0.07426687330007553,0.31810683012008667,0.4772416949272156,-0.07878079265356064,0.3314354717731476,0.5053628087043762,-0.07092858105897903,0.2470250129699707,0.45574289560317993,-0.05365845933556557,0.2811194360256195,0.48796650767326355,-0.07282759249210358,0.30466315150260925,0.513394832611084,-0.0726737454533577,0.31620997190475464,0.5249818563461304,-0.06632917374372482,2
0.2772550880908966,0.5541263222694397,5.067522579338402e-07,0.30353543162345886,0.5154612064361572,-0.01730557158589363,0.32181525230407715,0.47568172216415405,-0.03117232955992222,0.31098705530166626,0.4842488765716553,-0.04627685621380806,0.28969645500183105,0.5113562941551208,-0.06080200895667076,0.27046775817871094,0.3994433283805847,-0.02475026063621044,0.25210335850715637,0.33540117740631104,-0.046419426798820496,0.2427624613046646,0.2992848753929138,-0.05753878131508827,0.23141145706176758,0.2681003212928772,-0.06365960836410522,0.2340628206729889,0.4203438460826874,-0.03201644495129585,0.2075246125459671,0.377794086933136,-0.056704744696617126,0.19985613226890564,0.3508681356906891,-0.06884579360485077,0.18925470113754272,0.3253989517688751,-0.07224595546722412,0.21189871430397034,0.4570806622505188,-0.041066594421863556,0.2380927950143814,0.4772323668003082,-0.07013657689094543,0.27057522535324097,0.5010994076728821,-0.07579724490642548,0.2850765585899353,0.5105257630348206,-0.07048056274652481,0.20268216729164124,0.501083493232727,-0.0518411360681057,0.24088354408740997,0.5275322794914246,-0.06982142478227615,0.2692200541496277,0.5372508764266968,-0.07017509639263153,0.28132742643356323,0.5349149107933044,-0.06512049585580826,2
0.19970451295375824,0.5014302730560303,6.304771318355051e-07,0.2480618953704834,0.5143457651138306,-0.019334545359015465,0.28995227813720703,0.5078444480895996,-0.0330236591398716,0.2897385060787201,0.48340216279029846,-0.04724238067865372,0.26930615305900574,0.4570878744125366,-0.06014904007315636,0.3200361728668213,0.40824219584465027,-0.023895850405097008,0.3615458905696869,0.3672957420349121,-0.045832157135009766,0.3884052336215973,0.3462758958339691,-0.05797567218542099,0.4128284156322479,0.32806479930877686,-0.06431209295988083,0.291886568069458,0.3720388412475586,-0.02944857068359852,0.3227449357509613,0.3175121247768402,-0.05409212037920952,0.3522152304649353,0.29360678791999817,-0.06762472540140152,0.3774358034133911,0.2758328914642334,-0.07250838726758957,0.25743937492370605,0.35745900869369507,-0.037091322243213654,0.2684048116207123,0.38381028175354004,-0.07085897773504257,0.2624472975730896,0.43262550234794617,-0.08094777911901474,0.2546403408050537,0.46403852105140686,-0.07756958901882172,0.2217617928981781,0.36200034618377686,-0.04618636891245842,0.23229104280471802,0.41512635350227356,-0.07234858721494675,0.23851943016052246,0.46478116512298584,-0.0782482847571373,0.24231597781181335,0.49617308378219604,-0.07553756237030029,2
0.23497037589550018,0.5694848895072937,5.664594482368557e-07,0.28245893120765686,0.5598286986351013,-0.01846848428249359,0.3207739591598511,0.5372918844223022,-0.032593779265880585,0.3220459520816803,0.5154148936271667,-0.0474565215408802,0.3020678758621216,0.4999309182167053,-0.06036108732223511,0.3223162293434143,0.43060216307640076,-0.023962371051311493,0.35123908519744873,0.3753843605518341,-0.04638926312327385,0.37200218439102173,0.35047343373298645,-0.05907462164759636,0.39125964045524597,0.32824450731277466,-0.06584616005420685,0.2882481813430786,0.41308578848838806,-0.029951313510537148,0.3047705292701721,0.3511335253715515,-0.055023178458213806,0.32948431372642517,0.3268250524997711,-0.06687260419130325,0.35104939341545105,0.30903905630111694,-0.07056548446416855,0.2543700933456421,0.41750332713127136,-0.038158465176820755,0.27873918414115906,0.4402204751968384,-0.07044094055891037,0.2882762849330902,0.4926820993423462,-0.07613483816385269,0.2900870740413666,0.5269949436187744,-0.07006227225065231,0.2252545952796936,0.4406854510307312,-0.04809531196951866,0.2524084150791168,0.48410743474960327,-0.07138267159461975,0.2696074843406677,0.5237134099006653,-0.07405641674995422,0.2781832218170166,0.5464338064193726,-0.06947951763868332,2
0.2887236475944519,0.5675527453422546,6.222322213034204e-07,0.32811424136161804,0.5533231496810913,-0.018244871869683266,0.3618887662887573,0.5334144234657288,-0.03466067463159561,0.36100319027900696,0.5299449563026428,-0.05048530176281929,0.3422340750694275,0.5369107723236084,-0.06995844095945358,0.3584691286087036,0.41898810863494873,-0.03731786459684372,0.3823804259300232,0.3477087914943695,-0.05559273436665535,0.39637061953544617,0.30274316668510437,-0.0691130980849266,0.4061211049556732,0.2595028877258301,-0.07929480820894241,0.32864221930503845,0.4144221842288971,-0.047330815345048904,0.34765130281448364,0.33470141887664795,-0.0609588623046875,0.35824644565582275,0.28210675716400146,-0.07699495553970337,0.3659449517726898,0.23383614420890808,-0.08984088897705078,0.29535630345344543,0.43082475662231445,-0.05779853090643883,0.3052457571029663,0.3769899606704712,-0.07909604161977768,0.3180926740169525,0.33130091428756714,-0.1033279225230217,0.3282991051673889,0.2883830666542053,-0.12198054045438766,0.2613341510295868,0.46234652400016785,-0.06880897283554077,0.27952051162719727,0.4636538326740265,-0.09226002544164658,0.2973998188972473,0.4958907961845398,-0.10199278593063354,0.3099977374076843,0.5256108641624451,-0.10908616334199905,3
0.30884283781051636,0.5725281834602356,5.935917215538211e-07,0.34580278396606445,0.5509054660797119,-0.017369726672768593,0.37604671716690063,0.5234039425849915,-0.03165753558278084,0.376145601272583,0.5270297527313232,-0.04565475881099701,0.3654176592826843,0.5439063310623169,-0.06247418001294136,0.36421138048171997,0.4134204089641571,-0.02843489684164524,0.38067787885665894,0.3502531349658966,-0.04405135661363602,0.3917825520038605,0.3092615008354187,-0.05632566288113594,0.4020901322364807,0.27344757318496704,-0.06565490365028381,0.3311592936515808,0.412235826253891,-0.036139361560344696,0.3361852467060089,0.3447940945625305,-0.04769931733608246,0.34935256838798523,0.30911508202552795,-0.0598059706389904,0.3645598590373993,0.2833216190338135,-0.06911411136388779,0.2998008131980896,0.43256229162216187,-0.045117154717445374,0.302486777305603,0.3839629292488098,-0.06410633027553558,0.31763550639152527,0.3493277430534363,-0.08437879383563995,0.33268293738365173,0.3226868510246277,-0.09951899945735931,0.2725074887275696,0.4686179757118225,-0.0549514964222908,0.29388442635536194,0.4720100164413452,-0.07653025537729263,0.3161577582359314,0.5025374293327332,-0.08595644682645798,0.3334592580795288,0.5316710472106934,-0.09220172464847565,3
0.2967807650566101,0.5569477081298828,5.637093067889509e-07,0.3327803611755371,0.5429599285125732,-0.01578904129564762,0.36506977677345276,0.5189074277877808,-0.026915019378066063,0.36623048782348633,0.5153123140335083,-0.038054220378398895,0.35047978162765503,0.5232004523277283,-0.05193744972348213,0.3613637685775757,0.41000720858573914,-0.020217956975102425,0.3806360960006714,0.3509158194065094,-0.033249154686927795,0.3945806622505188,0.3152484595775604,-0.044282108545303345,0.40814346075057983,0.28323644399642944,-0.052787765860557556,0.32920950651168823,0.40206852555274963,-0.02700461633503437,0.34157228469848633,0.34186094999313354,-0.03513723611831665,0.3548329770565033,0.3083800673484802,-0.04634954407811165,0.3700440526008606,0.2813016474246979,-0.055333398282527924,0.29687070846557617,0.4159339964389801,-0.035376135259866714,0.2987706959247589,0.3675103783607483,-0.05104438215494156,0.3092915415763855,0.33407387137413025,-0.07064211368560791,0.3212909698486328,0.306200236082077,-0.08571698516607285,0.2664109766483307,0.4458712041378021,-0.04467552900314331,0.2783665359020233,0.4519985020160675,-0.06437923014163971,0.2945690155029297,0.48441317677497864,-0.07387270033359528,0.3085474371910095,0.5126416087150574,-0.0801772028207779,3
0.22029992938041687,0.5098138451576233,5.62630759759486e-07,0.26444631814956665,0.52372145652771,-0.01752628944814205,0.3053628206253052,0.520666778087616,-0.03062521293759346,0.3111459016799927,0.5012377500534058,-0.04307473823428154,0.29845789074897766,0.47478392720222473,-0.05845958739519119,0.3393779397010803,0.4114963412284851,-0.026407521218061447,0.38170456886291504,0.36950820684432983,-0.041659921407699585,0.41002562642097473,0.3432788550853729,-0.05447722598910332,0.4356152415275574,0.3196529150009155,-0.06403523683547974,0.3123920261859894,0.38608071208000183,-0.033600471913814545,0.35175782442092896,0.3387083411216736,-0.044124785810709,0.3791998624801636,0.312832236289978,-0.05742499604821205,0.4058765769004822,0.29280808568000793,-0.06839024275541306,0.27628931403160095,0.37708526849746704,-0.04210299625992775,0.30449792742729187,0.32997873425483704,-0.06106017529964447,0.3293803930282593,0.3034738004207611,-0.08001508563756943,0.3534040153026581,0.2816053032875061,-0.09484585374593735,0.23509153723716736,0.3830597400665283,-0.05136988312005997,0.25795596837997437,0.3817751705646515,-0.07373234629631042,0.26560187339782715,0.42380785942077637,-0.08063836395740509,0.26919808983802795,0.4640924334526062,-0.08488110452890396,3
0.2978834807872772,0.5248229503631592,6.090440365369432e-07,0.32504716515541077,0.49455347657203674,-0.01993386447429657,0.3393007814884186,0.46352624893188477,-0.033849433064460754,0.3307667374610901,0.48241621255874634,-0.04640873894095421,0.31776896119117737,0.5070025324821472,-0.0626513734459877,0.28193771839141846,0.3793308138847351,-0.037269752472639084,0.2677196264266968,0.3145546317100525,-0.05231664329767227,0.2578720450401306,0.2770848274230957,-0.062365952879190445,0.2482832819223404,0.24097196757793427,-0.07026830315589905,0.25192922353744507,0.39820101857185364,-0.042832471430301666,0.23119549453258514,0.345050573348999,-0.05309844762086868,0.21937355399131775,0.31293588876724243,-0.06527116149663925,0.21173958480358124,0.2829267382621765,-0.07541525363922119,0.2345195710659027,0.4365100562572479,-0.04897596687078476,0.2077118307352066,0.41316545009613037,-0.06746184080839157,0.1938234567642212,0.38711339235305786,-0.08935271203517914,0.18384283781051636,0.36248263716697693,-0.10659988224506378,0.22791020572185516,0.4852103888988495,-0.05578072741627693,0.24060216546058655,0.5020442008972168,-0.0790066346526146,0.26743602752685547,0.5154702663421631,-0.09125910699367523,0.2905275225639343,0.5250970721244812,-0.09989386796951294,3
0.3278425931930542,0.4846179187297821,6.186382393025269e-07,0.3589821457862854,0.45445486903190613,-0.017654936760663986,0.3810744285583496,0.4227367043495178,-0.03236724063754082,0.3801901340484619,0.42462682723999023,-0.04650602117180824,0.3695155382156372,0.43859362602233887,-0.0635698065161705,0.3446812033653259,0.318138986825943,-0.031935032457113266,0.3457913398742676,0.2494393289089203,-0.04727105051279068,0.34560832381248474,0.20722703635692596,-0.05822025239467621,0.34444811940193176,0.16830715537071228,-0.06619587540626526,0.3117111027240753,0.3271847069263458,-0.03870776295661926,0.30417028069496155,0.26242801547050476,-0.04869653284549713,0.30538734793663025,0.222421795129776,-0.05954427644610405,0.30966776609420776,0.18798550963401794,-0.06794371455907822,0.2861006557941437,0.35761943459510803,-0.04635537415742874,0.2713882327079773,0.317833811044693,-0.06299421191215515,0.26803314685821533,0.2812720835208893,-0.08252158015966415,0.2682120203971863,0.24951043725013733,-0.09769152104854584,0.2691846489906311,0.4027332663536072,-0.05497324466705322,0.28699642419815063,0.40616604685783386,-0.0743323266506195,0.3144116997718811,0.42798757553100586,-0.08300419896841049,0.33839085698127747,0.4478268623352051,-0.088852658867836,3
0.33857664465904236,0.4485117197036743,5.719780915569572e-07,0.37371519207954407,0.4205947518348694,-0.0223249401897192,0.39855021238327026,0.38419097661972046,-0.037682317197322845,0.3899229168891907,0.3740735948085785,-0.05146247521042824,0.3713535666465759,0.3774866461753845,-0.06719043850898743,0.3638855814933777,0.2734602093696594,-0.03095685876905918,0.36899369955062866,0.2066938430070877,-0.04815760627388954,0.37452465295791626,0.16598579287528992,-0.061349570751190186,0.38242262601852417,0.13078607618808746,-0.07082763314247131,0.33066678047180176,0.28018268942832947,-0.03525006026029587,0.32714447379112244,0.21280822157859802,-0.04781005531549454,0.3358895480632782,0.17639754712581635,-0.059830110520124435,0.3505050837993622,0.15030355751514435,-0.06887058913707733,0.3036918640136719,0.30754053592681885,-0.041520968079566956,0.29352056980133057,0.25287455320358276,-0.06169302761554718,0.3014647960662842,0.21892982721328735,-0.08161569386720657,0.3135268986225128,0.1945991963148117,-0.09620388597249985,0.28420490026474,0.34958338737487793,-0.04902779683470726,0.30079033970832825,0.3435242474079132,-0.07319778949022293,0.3252461850643158,0.3655138313770294,-0.08500813692808151,0.3468438386917114,0.38860848546028137,-0.09227539598941803,3
0.3431553244590759,0.4859788119792938,9.696618974430748e-08,0.37936732172966003,0.4489368200302124,-0.018508151173591614,0.4035551846027374,0.40606844425201416,-0.03841044753789902,0.4150218963623047,0.38031402230262756,-0.06018678843975067,0.4149581789970398,0.3577921986579895,-0.08180636167526245,0.37088248133659363,0.2877284586429596,-0.0345776192843914,0.37704768776893616,0.20376738905906677,-0.06261777877807617,0.3805147707462311,0.15055643022060394,-0.0811648741364479,0.37868502736091614,0.10332128405570984,-0.0942961573600769,0.33416447043418884,0.29640650749206543,-0.04132767766714096,0.36623626947402954,0.28865742683410645,-0.08054390549659729,0.3855792284011841,0.3529983460903168,-0.08983907848596573,0.38546454906463623,0.3897344470024109,-0.08953464031219482,0.30414146184921265,0.3231136202812195,-0.04940497502684593,0.34004974365234375,0.3228851556777954,-0.08465205878019333,0.3614538013935089,0.3810945451259613,-0.07617267966270447,0.36203670501708984,0.41450563073158264,-0.06305978447198868,0.2802232801914215,0.3600994348526001,-0.05955248326063156,0.3153701722621918,0.3633477985858917,-0.08373179286718369,0.3389908969402313,0.4026106595993042,-0.07626693695783615,0.3436584174633026,0.4267275929450989,-0.06473397463560104,1
0.3129579722881317,0.5440740585327148,1.0807160322201526e-07,0.3521389365196228,0.5041272640228271,-0.014296798035502434,0.37541285157203674,0.46330633759498596,-0.03699473291635513,0.3904556930065155,0.43999314308166504,-0.0631779357790947,0.393416166305542,0.4404618442058563,-0.08921754360198975,0.3317031264305115,0.34274622797966003,-0.030391419306397438,0.3253959119319916,0.2787435054779053,-0.059411853551864624,0.3307742774486542,0.2368311882019043,-0.07788730412721634,0.3368174731731415,0.2057517170906067,-0.09053218364715576,0.2955426871776581,0.3528537452220917,-0.0409078449010849,0.33605873584747314,0.3640580475330353,-0.07759761810302734,0.3614558279514313,0.4257114827632904,-0.08469849824905396,0.3656787872314453,0.455005019903183,-0.08339822292327881,0.2703632116317749,0.3843185305595398,-0.05315782502293587,0.31564387679100037,0.4045906662940979,-0.08532635122537613,0.34017127752304077,0.4529430866241455,-0.07749573886394501,0.34256798028945923,0.47515273094177246,-0.06621431559324265,0.25404590368270874,0.4253426492214203,-0.06764039397239685,0.29633867740631104,0.44637757539749146,-0.086992546916008,0.32002660632133484,0.47601962089538574,-0.07991741597652435,0.3245040774345398,0.4876564145088196,-0.0703820288181305,2
0.12289224565029144,0.5215474367141724,3.487262034695959e-08,0.15294137597084045,0.5031263828277588,-0.012736071832478046,0.1787191480398178,0.47254878282546997,-0.024256156757473946,0.19103765487670898,0.4497799873352051,-0.036739517003297806,0.18160521984100342,0.43895652890205383,-0.04869041219353676,0.16260939836502075,0.3907952904701233,-0.01889796182513237,0.16645768284797668,0.33391696214675903,-0.036520831286907196,0.1655874252319336,0.299032598733902,-0.04692967236042023,0.16105955839157104,0.2683963179588318,-0.05395086482167244,0.13610641658306122,0.3904719948768616,-0.023009885102510452,0.1570603996515274,0.38449129462242126,-0.05064641311764717,0.16463199257850647,0.4310060739517212,-0.0564056858420372,0.16188061237335205,0.45598238706588745,-0.05432775616645813,0.11198402941226959,0.40064308047294617,-0.028355691581964493,0.13512492179870605,0.40721312165260315,-0.052880384027957916,0.14103515446186066,0.44838857650756836,-0.047148432582616806,0.13679412007331848,0.46642038226127625,-0.03722871094942093,0.09069947898387909,0.4173365831375122,-0.035121917724609375,0.1138729453086853,0.42469263076782227,-0.04871763661503792,0.121786929666996,0.4536817967891693,-0.04224632680416107,0.11907819658517838,0.46584299206733704,-0.03370656073093414,1
0.08800508081912994,0.41953611373901367,1.8170851490140194e-08,0.11888634413480759,0.4162593483924866,-0.006920972373336554,0.14065784215927124,0.4096320569515228,-0.01919822208583355,0.15442653000354767,0.4051896333694458,-0.0333496630191803,0.16606613993644714,0.4057348668575287,-0.04691445082426071,0.14851348102092743,0.33253341913223267,-0.02019570767879486,0.159462109208107,0.2958163022994995,-0.03731699287891388,0.16423407196998596,0.2663745880126953,-0.049405068159103394,0.16616660356521606,0.2410978376865387,-0.05807604268193245,0.12873776257038116,0.32224923372268677,-0.026274899020791054,0.1478542536497116,0.3536626994609833,-0.046678733080625534,0.15047825872898102,0.3855355381965637,-0.0521242581307888,0.14659759402275085,0.4030877947807312,-0.053413163870573044,0.10867519676685333,0.32881656289100647,-0.03278011083602905,0.12770015001296997,0.3691577613353729,-0.047485724091529846,0.1298680454492569,0.3941035866737366,-0.0427321121096611,0.12549938261508942,0.4048125147819519,-0.03747459501028061,0.0911678895354271,0.3450932800769806,-0.04082511365413666,0.10754299908876419,0.3810478448867798,-0.04784264788031578,0.11094409972429276,0.396968811750412,-0.042971543967723846,0.10783787816762924,0.401203989982605,-0.03776922821998596,1
0.15641549229621887,0.4560500681400299,2.4108601337502478e-08,0.18716846406459808,0.4392346143722534,-0.012449856847524643,0.2110602855682373,0.40720030665397644,-0.021558109670877457,0.22222475707530975,0.38026663661003113,-0.031556785106658936,0.2164008617401123,0.35711634159088135,-0.04096972569823265,0.19364339113235474,0.3336677849292755,-0.01475315261632204,0.195905402302742,0.2755153775215149,-0.030641239136457443,0.19386111199855804,0.24170167744159698,-0.04047175124287605,0.18780264258384705,0.21221387386322021,-0.04694288223981857,0.17262591421604156,0.3371640145778656,-0.01806318573653698,0.18738994002342224,0.3115885853767395,-0.043589912354946136,0.19655418395996094,0.35196053981781006,-0.05025952681899071,0.19581159949302673,0.3799287676811218,-0.049143288284540176,0.15202051401138306,0.3476819396018982,-0.022771282121539116,0.1693291962146759,0.33112916350364685,-0.04636209458112717,0.17849086225032806,0.3715922236442566,-0.04103126749396324,0.17709136009216309,0.39640897512435913,-0.03125545009970665,0.13198904693126678,0.3633859157562256,-0.02870572730898857,0.15032929182052612,0.35252001881599426,-0.04306316375732422,0.16012941300868988,0.3796866536140442,-0.03728564828634262,0.15965287387371063,0.39748746156692505,-0.029098153114318848,1
0.11921115219593048,0.4216585159301758,3.5336910286787315e-07,0.1533907949924469,0.42300936579704285,-0.013946128077805042,0.18204346299171448,0.3999282717704773,-0.018696743994951248,0.17258727550506592,0.3607158660888672,-0.02196234092116356,0.15835177898406982,0.33362719416618347,-0.026145663112401962,0.20133833587169647,0.33617281913757324,-0.011984688229858875,0.22974440455436707,0.300327330827713,-0.019437646493315697,0.24665603041648865,0.2766880989074707,-0.025491807609796524,0.2594268321990967,0.2547828257083893,-0.02999831922352314,0.18117618560791016,0.3171616792678833,-0.0146103510633111,0.20916001498699188,0.27111536264419556,-0.01964651793241501,0.22546891868114471,0.2414240837097168,-0.02695268578827381,0.23893246054649353,0.21571144461631775,-0.03212497755885124,0.15714134275913239,0.3130318522453308,-0.018743043765425682,0.17421695590019226,0.26629507541656494,-0.03126135468482971,0.187226802110672,0.23725634813308716,-0.044423915445804596,0.19791415333747864,0.21153485774993896,-0.053477488458156586,0.12967434525489807,0.32009357213974,-0.0234066154807806,0.14635318517684937,0.3114798963069916,-0.0388311892747879,0.1494024097919464,0.335612952709198,-0.04325060918927193,0.14859719574451447,0.3574950695037842,-0.04503195732831955,3
0.14405126869678497,0.41013303399086,3.15938962103246e-07,0.17000506818294525,0.39858174324035645,-0.012215039692819118,0.18417476117610931,0.3716649115085602,-0.0168845746666193,0.17349773645401,0.3471519649028778,-0.020119886845350266,0.1587480902671814,0.3347529470920563,-0.023939575999975204,0.18644270300865173,0.3140714466571808,-0.012793812900781631,0.20044316351413727,0.2746849060058594,-0.019512925297021866,0.2079257369041443,0.24967101216316223,-0.024510784074664116,0.2119518220424652,0.22745659947395325,-0.027917880564928055,0.16776026785373688,0.30667373538017273,-0.014308858662843704,0.17868804931640625,0.26127633452415466,-0.018120000138878822,0.18493205308914185,0.23165786266326904,-0.023681659251451492,0.18927542865276337,0.20697054266929626,-0.02764858864247799,0.14838144183158875,0.31200161576271057,-0.017032645642757416,0.15029974281787872,0.27436429262161255,-0.025871893391013145,0.15549606084823608,0.24517272412776947,-0.03736856207251549,0.15860918164253235,0.221127450466156,-0.04564709961414337,0.12898454070091248,0.32736676931381226,-0.020397180691361427,0.14096534252166748,0.32021114230155945,-0.031675588339567184,0.15202829241752625,0.3350430428981781,-0.03638606145977974,0.15838873386383057,0.3519064486026764,-0.03890887647867203,3
0.11697748303413391,0.3962233364582062,2.1648357062531431e-07,0.13862717151641846,0.3752394914627075,-0.012794206850230694,0.14569947123527527,0.3398136794567108,-0.018196893855929375,0.12696346640586853,0.3127278983592987,-0.02353261038661003,0.10712011903524399,0.2977089285850525,-0.027936875820159912,0.14443278312683105,0.2948944568634033,-0.007854297757148743,0.1468878537416458,0.2534274458885193,-0.017965354025363922,0.14615148305892944,0.22754545509815216,-0.024539342150092125,0.14379841089248657,0.20513227581977844,-0.02852608636021614,0.12420478463172913,0.2958052456378937,-0.009877677075564861,0.11528714001178741,0.24629610776901245,-0.022562507539987564,0.10943044722080231,0.21481293439865112,-0.030686287209391594,0.10313980281352997,0.18765100836753845,-0.03412003070116043,0.10634852945804596,0.3100045919418335,-0.01335742324590683,0.10228678584098816,0.28998544812202454,-0.03326593339443207,0.11240950226783752,0.3153870403766632,-0.03639141097664833,0.11812715232372284,0.333484411239624,-0.032147955149412155,0.09129731357097626,0.33130013942718506,-0.017467761412262917,0.09285885840654373,0.3150682747364044,-0.03322209417819977,0.10319985449314117,0.3335816264152527,-0.03213388845324516,0.10961412638425827,0.3491173982620239,-0.02698572725057602,2
0.2173195630311966,0.37558019161224365,-8.707928600415471e-08,0.24700769782066345,0.37399590015411377,-0.004435447044670582,0.27485841512680054,0.36218035221099854,-0.00900081917643547,0.290834903717041,0.34478914737701416,-0.015266640111804008,0.2889667749404907,0.3217224180698395,-0.020437531173229218,0.27482324838638306,0.303756445646286,-0.002049034694209695,0.29607677459716797,0.29009413719177246,-0.014606969431042671,0.29407986998558044,0.31119418144226074,-0.020970992743968964,0.29085081815719604,0.31607189774513245,-0.023758539929986,0.26015907526016235,0.2955666482448578,-0.006039308849722147,0.2814858853816986,0.2922249436378479,-0.019958211109042168,0.2715969383716583,0.32672232389450073,-0.023168465122580528,0.26145002245903015,0.33297815918922424,-0.02262052707374096,0.24339058995246887,0.29199010133743286,-0.011563888750970364,0.2661711573600769,0.288638174533844,-0.027064982801675797,0.2573126554489136,0.3233138918876648,-0.022826913744211197,0.24676696956157684,0.3313920199871063,-0.016433734446763992,0.22454744577407837,0.2929759919643402,-0.01723039150238037,0.24666421115398407,0.2957530617713928,-0.027268510311841965,0.2419223040342331,0.32140636444091797,-0.02226572483778,0.2326284945011139,0.32812613248825073,-0.016173047944903374,1
0.08775393664836884,0.4562973380088806,3.042394212116051e-07,0.1110682263970375,0.44085124135017395,-0.012010655365884304,0.12404684722423553,0.40967386960983276,-0.016549721360206604,0.1081526130437851,0.38654038310050964,-0.01977754756808281,0.09119299054145813,0.37122100591659546,-0.02412431314587593,0.12346390634775162,0.34470969438552856,-0.011779261752963066,0.13320882618427277,0.30096176266670227,-0.017343925312161446,0.13745759427547455,0.2735043168067932,-0.021829646080732346,0.13917221128940582,0.2477942705154419,-0.025363484397530556,0.10025233775377274,0.3391602635383606,-0.013546614907681942,0.10347941517829895,0.29068049788475037,-0.017259644344449043,0.10370495915412903,0.25910013914108276,-0.02330988086760044,0.10352890193462372,0.2320438027381897,-0.027415789663791656,0.07916519045829773,0.34879422187805176,-0.01638467237353325,0.07299042493104935,0.3053889274597168,-0.02764930948615074,0.06964646279811859,0.2729059159755707,-0.04130962863564491,0.06537608802318573,0.24567513167858124,-0.05066429078578949,0.060344941914081573,0.37008967995643616,-0.01949487254023552,0.06843870133161545,0.3632260859012604,-0.03400498256087303,0.07656319439411163,0.38374054431915283,-0.04003963991999626,0.08083707839250565,0.4041826128959656,-0.04295380041003227,3
0.3005322515964508,0.502888560295105,-1.251264247770223e-08,0.3370298147201538,0.48829445242881775,-0.005837659817188978,0.35969579219818115,0.4721384644508362,-0.019646326079964638,0.37595924735069275,0.46286433935165405,-0.03636159747838974,0.3931494653224945,0.4640679657459259,-0.052892062813043594,0.354789674282074,0.38171711564064026,-0.02011767216026783,0.37094685435295105,0.34189772605895996,-0.03900616243481636,0.37718215584754944,0.30784887075424194,-0.05280893296003342,0.3796581029891968,0.277054101228714,-0.06300978362560272,0.33460015058517456,0.3786631226539612,-0.02892664633691311,0.3728576600551605,0.414497047662735,-0.05238058790564537,0.3739142417907715,0.4493544101715088,-0.05861569195985794,0.36437317728996277,0.46587687730789185,-0.06020577624440193,0.31796565651893616,0.3951913118362427,-0.037996694445610046,0.3564445674419403,0.43347883224487305,-0.05624712258577347,0.354979544878006,0.4624592661857605,-0.050504133105278015,0.34530019760131836,0.4738849997520447,-0.04413582384586334,0.3050692677497864,0.42127448320388794,-0.04854070395231247,0.3375343978404999,0.452240914106369,-0.05779413878917694,0.3368114233016968,0.4729907512664795,-0.05124758556485176,0.32798680663108826,0.4799481928348541,-0.04449889808893204,1
0.42127710580825806,0.47206777334213257,1.8405826551770588e-07,0.44477173686027527,0.4580325484275818,0.006268750876188278,0.46890589594841003,0.4542286992073059,0.004384635481983423,0.48913997411727905,0.46760258078575134,-0.001437605475075543,0.5030203461647034,0.48065319657325745,-0.006755385547876358,0.4788379967212677,0.41032931208610535,0.007506540976464748,0.49720701575279236,0.38642916083335876,0.0026070917956531048,0.5075122714042664,0.37002938985824585,-0.0005002651596441865,0.5159890651702881,0.35475653409957886,-0.001987884286791086,0.48402392864227295,0.4147639572620392,-0.0022236115764826536,0.5158032178878784,0.3992499113082886,-0.007531659211963415,0.53648442029953,0.3883264362812042,-0.010930115357041359,0.5523591637611389,0.3790237307548523,-0.011970910243690014,0.48374804854393005,0.42697563767433167,-0.012125935405492783,0.5102312564849854,0.4539850354194641,-0.019025642424821854,0.5001620650291443,0.4699379801750183,-0.018941201269626617,0.4891594648361206,0.47510719299316406,-0.01582195796072483,0.48115766048431396,0.4457835853099823,-0.021857770159840584,0.4989958107471466,0.46986711025238037,-0.022311024367809296,0.4900229275226593,0.48030832409858704,-0.017366232350468636,0.47967538237571716,0.4829179048538208,-0.012547152116894722,2
0.42789506912231445,0.4890010356903076,2.0525524746517476e-07,0.428293377161026,0.45384809374809265,-0.001857791212387383,0.44217705726623535,0.42948591709136963,-0.0038001229986548424,0.4599854350090027,0.4283604323863983,-0.00673490297049284,0.4726172089576721,0.43343403935432434,-0.009320351295173168,0.4545402526855469,0.4095792770385742,-0.005403684452176094,0.46800631284713745,0.37509822845458984,-0.011358799412846565,0.47644224762916565,0.3542027473449707,-0.014011228457093239,0.48304086923599243,0.3380430340766907,-0.014922686852514744,0.46848803758621216,0.4239358603954315,-0.009226683527231216,0.48943156003952026,0.39193132519721985,-0.01510185468941927,0.5042200684547424,0.37528765201568604,-0.018573064357042313,0.5160714983940125,0.36463356018066406,-0.019493626430630684,0.4761464297771454,0.4446008503437042,-0.01313821878284216,0.481479287147522,0.4412733018398285,-0.020361481234431267,0.47168412804603577,0.4490005671977997,-0.021654633805155754,0.4630577564239502,0.4553939402103424,-0.0195342805236578,0.47947192192077637,0.46674609184265137,-0.017140986397862434,0.4796692132949829,0.4641270041465759,-0.02070433646440506,0.4719020426273346,0.46848157048225403,-0.018153872340917587,0.4649201035499573,0.47303006052970886,-0.014494874514639378,2
0.42520618438720703,0.4309883117675781,1.2274196592443332e-07,0.43795329332351685,0.39906564354896545,0.009254418313503265,0.46118441224098206,0.3824780583381653,0.012181098572909832,0.47744980454444885,0.3830873668193817,0.012367607094347477,0.4899917244911194,0.39063355326652527,0.011654708534479141,0.4715372920036316,0.357455313205719,0.008487045764923096,0.4944969713687897,0.3315698802471161,0.0073545039631426334,0.5089806914329529,0.3158659338951111,0.006473882589489222,0.519727349281311,0.30345624685287476,0.006070984061807394,0.4814838171005249,0.3685268461704254,-0.0008210590458475053,0.5143696069717407,0.345333069562912,-0.0021324865520000458,0.5341620445251465,0.33094048500061035,-0.0041056228801608086,0.5483852028846741,0.31886836886405945,-0.004417853895574808,0.4879808723926544,0.38602447509765625,-0.009692833758890629,0.5222446322441101,0.37739160656929016,-0.013860724866390228,0.5430846214294434,0.3720415532588959,-0.019431574270129204,0.5572106242179871,0.36654767394065857,-0.022706303745508194,0.4899114966392517,0.4097646176815033,-0.0175998043268919,0.5107110142707825,0.41847360134124756,-0.019976483657956123,0.504092812538147,0.4303504526615143,-0.017767390236258507,0.4937106668949127,0.44317105412483215,-0.015586436726152897,3
0.4031137526035309,0.4409712255001068,-4.8256890039510836e-08,0.4169918894767761,0.41272130608558655,0.008134163916110992,0.4363192319869995,0.38936206698417664,0.008437559939920902,0.4536310136318207,0.38168570399284363,0.005322717595845461,0.46616122126579285,0.3822517395019531,0.0020212417002767324,0.4414389729499817,0.3551459312438965,0.006706648506224155,0.45470860600471497,0.3239539563655853,0.003736115526407957,0.46313223242759705,0.30058926343917847,0.0005250333342701197,0.469178169965744,0.2818474769592285,-0.002421492477878928,0.44868025183677673,0.360439658164978,-0.0017213452374562621,0.47671839594841003,0.37025389075279236,-0.007305430248379707,0.47437480092048645,0.3901560604572296,-0.009666187688708305,0.46507129073143005,0.39971575140953064,-0.010051887482404709,0.45492371916770935,0.37399113178253174,-0.009460050612688065,0.4804961383342743,0.3874846398830414,-0.012948719784617424,0.47408562898635864,0.4049907326698303,-0.009489818476140499,0.4641243517398834,0.41204994916915894,-0.006701604928821325,0.45997822284698486,0.391215056180954,-0.017074095085263252,0.48007625341415405,0.4035218358039856,-0.016554126515984535,0.4720456898212433,0.41754910349845886,-0.011207853443920612,0.4615623354911804,0.42366138100624084,-0.007112647872418165,1
0.42071595788002014,0.4318258464336395,2.4936381848306155e-08,0.4340391755104065,0.3991380035877228,0.0015923960600048304,0.45581987500190735,0.37952151894569397,-0.0018153248820453882,0.4752105474472046,0.38093075156211853,-0.006553965620696545,0.48709726333618164,0.39412790536880493,-0.011173258535563946,0.4652615487575531,0.363357275724411,-0.007090936880558729,0.49023500084877014,0.34187257289886475,-0.01395928580313921,0.5068275332450867,0.3278878331184387,-0.018539441749453545,0.5199618935585022,0.31663259863853455,-0.022132407873868942,0.4715260863304138,0.3808210492134094,-0.013103635981678963,0.497988224029541,0.392585426568985,-0.021359039470553398,0.4905838966369629,0.40339890122413635,-0.021812954917550087,0.47961941361427307,0.40548571944236755,-0.020769217982888222,0.47447508573532104,0.40401503443717957,-0.018605433404445648,0.49443891644477844,0.4177674651145935,-0.022805489599704742,0.4866299331188202,0.42290690541267395,-0.017145588994026184,0.47712573409080505,0.42164066433906555,-0.013011764734983444,0.4749375283718109,0.4276462495326996,-0.0245833583176136,0.4891589879989624,0.4389902949333191,-0.024197477847337723,0.48029825091362,0.4421592354774475,-0.017858289182186127,0.47169229388237,0.4397929310798645,-0.01319912075996399,1
0.057379595935344696,0.45288193225860596,4.0388064803664747e-07,0.07817977666854858,0.4089287519454956,-0.0017736353911459446,0.11772257834672928,0.3879675567150116,-0.010255455039441586,0.15527313947677612,0.40640199184417725,-0.020259689539670944,0.17490872740745544,0.4318334460258484,-0.029202962294220924,0.1119198203086853,0.3554022014141083,-0.018403012305498123,0.14441250264644623,0.3116336166858673,-0.031454719603061676,0.16174501180648804,0.2793637216091156,-0.03825090453028679,0.17418833076953888,0.2508721947669983,-0.042830947786569595,0.11962810903787613,0.37406668066978455,-0.02766312286257744,0.17013025283813477,0.34293681383132935,-0.041971463710069656,0.20245850086212158,0.3252422511577606,-0.04841385409235954,0.22820112109184265,0.309449702501297,-0.052061062306165695,0.12340068817138672,0.4023004472255707,-0.03615864738821983,0.17803813517093658,0.4148789048194885,-0.04936976358294487,0.17246583104133606,0.430848091840744,-0.04587726667523384,0.1595752239227295,0.43558013439178467,-0.04008740559220314,0.12605120241641998,0.43519166111946106,-0.04521499574184418,0.16601361334323883,0.4478394389152527,-0.05051743611693382,0.15845246613025665,0.45456662774086,-0.0438992902636528,0.14528469741344452,0.45263752341270447,-0.03770313039422035,2
0.056080833077430725,0.46968522667884827,4.2812396827685006e-07,0.07520073652267456,0.4264615774154663,-0.0015358785167336464,0.11350705474615097,0.405140221118927,-0.009405095130205154,0.15164513885974884,0.4236973226070404,-0.01897447556257248,0.17362964153289795,0.44773754477500916,-0.027514545246958733,0.11064870655536652,0.3716285526752472,-0.015973778441548347,0.14270177483558655,0.32939422130584717,-0.02898458205163479,0.16052669286727905,0.2985035479068756,-0.035822246223688126,0.17347420752048492,0.2710830569267273,-0.04027489572763443,0.11949343234300613,0.3900924324989319,-0.02501237392425537,0.16830189526081085,0.35937148332595825,-0.04017665609717369,0.1997244954109192,0.34113892912864685,-0.04781445115804672,0.22473645210266113,0.3254225552082062,-0.051787812262773514,0.12389685213565826,0.4172530770301819,-0.03331534191966057,0.1720881462097168,0.4327910244464874,-0.04706776514649391,0.16280865669250488,0.4474611282348633,-0.04389095678925514,0.1484788954257965,0.45044755935668945,-0.037685442715883255,0.12702947854995728,0.4485972821712494,-0.042130280286073685,0.1620146483182907,0.4632759392261505,-0.04741142317652702,0.1529144048690796,0.47068458795547485,-0.040679559111595154,0.14013808965682983,0.46813422441482544,-0.03394236043095589,2
0.12559448182582855,0.38614946603775024,3.20387272267908e-07,0.15871697664260864,0.40846097469329834,-0.008381431922316551,0.19263803958892822,0.4092361330986023,-0.013003082945942879,0.21569682657718658,0.39341992139816284,-0.019689923152327538,0.2268049418926239,0.36913764476776123,-0.025603853166103363,0.21756228804588318,0.369855672121048,-0.005639140028506517,0.25915050506591797,0.36649662256240845,-0.017826294526457787,0.28228604793548584,0.36450326442718506,-0.024977855384349823,0.3014990985393524,0.3582268953323364,-0.028827078640460968,0.21214380860328674,0.3466545045375824,-0.010909505188465118,0.26019781827926636,0.32475706934928894,-0.02655159868299961,0.2874942421913147,0.3159253001213074,-0.034974340349435806,0.30795013904571533,0.3052434027194977,-0.038277916610240936,0.1980029046535492,0.32777488231658936,-0.017618583515286446,0.23337514698505402,0.3249607980251312,-0.04066180810332298,0.21907521784305573,0.35724303126335144,-0.04306582361459732,0.20281444489955902,0.37750571966171265,-0.03733934462070465,0.17839470505714417,0.3141707181930542,-0.02465500496327877,0.2050507664680481,0.32343727350234985,-0.042341265827417374,0.1988281011581421,0.3517917990684509,-0.04147544503211975,0.1862688809633255,0.37051326036453247,-0.035907432436943054,2
0.0742403194308281,0.4810781478881836,4.7428380867131636e-07,0.10551315546035767,0.45733585953712463,-0.017883913591504097,0.12204556167125702,0.4227920472621918,-0.028536008670926094,0.1099267452955246,0.39777088165283203,-0.03929508104920387,0.09132805466651917,0.3836030066013336,-0.04909440502524376,0.10499583929777145,0.347541481256485,-0.01999812386929989,0.12002719938755035,0.2940559983253479,-0.037745751440525055,0.12656834721565247,0.25889837741851807,-0.0478985570371151,0.12994427978992462,0.22844889760017395,-0.05247606709599495,0.07610969245433807,0.34667322039604187,-0.02212149277329445,0.07741546630859375,0.28647381067276,-0.042720772325992584,0.07711014896631241,0.24280153214931488,-0.053521186113357544,0.07549624145030975,0.20646968483924866,-0.0567731074988842,0.05022130534052849,0.3606679439544678,-0.02581970766186714,0.06266596168279648,0.3508523404598236,-0.054052047431468964,0.07862348854541779,0.3870011866092682,-0.05916634202003479,0.08701898902654648,0.4165131747722626,-0.052847351878881454,0.028967425227165222,0.3844614028930664,-0.030590960755944252,0.0470147579908371,0.3826900124549866,-0.05115613713860512,0.06489062309265137,0.4086869955062866,-0.050822436809539795,0.07589109987020493,0.431632936000824,-0.04377661272883415,2
0.29748088121414185,0.5069209337234497,3.286128844592895e-07,0.3240133821964264,0.48819178342819214,-0.013894878327846527,0.3368152976036072,0.46010860800743103,-0.021137740463018417,0.3304747939109802,0.4386732280254364,-0.029020637273788452,0.31771203875541687,0.42696958780288696,-0.03611020743846893,0.32546138763427734,0.39401140809059143,-0.012072814628481865,0.3344956934452057,0.3456447422504425,-0.025052540004253387,0.337207555770874,0.31460151076316833,-0.03279833868145943,0.33709973096847534,0.2881876826286316,-0.03648146614432335,0.3029037415981293,0.3956521153450012,-0.0147634819149971,0.29764288663864136,0.3400695025920868,-0.030303912237286568,0.29356175661087036,0.3026185631752014,-0.039660703390836716,0.28945693373680115,0.27250850200653076,-0.04288410767912865,0.2835688292980194,0.4098191559314728,-0.018831441178917885,0.2858555316925049,0.39536407589912415,-0.04150627925992012,0.29740792512893677,0.4237946569919586,-0.04629513621330261,0.30461153388023376,0.4475577771663666,-0.041518405079841614,0.2683585584163666,0.4316081404685974,-0.023716825991868973,0.27567824721336365,0.4257460832595825,-0.0406900979578495,0.28826165199279785,0.44626760482788086,-0.04033536836504936,0.2970168888568878,0.4647587835788727,-0.03445655480027199,2
0.3113303780555725,0.500262439250946,3.1605370054421655e-07,0.33523255586624146,0.4875701069831848,-0.012177969329059124,0.3524630069732666,0.4624602198600769,-0.018401429057121277,0.34185874462127686,0.44215983152389526,-0.023213952779769897,0.3267538845539093,0.43043577671051025,-0.02918366715312004,0.3487571179866791,0.3936893045902252,-0.01496389601379633,0.3600246012210846,0.3482897877693176,-0.021829117089509964,0.36584070324897766,0.31965935230255127,-0.027104297652840614,0.3683750331401825,0.29432496428489685,-0.0307462178170681,0.328328013420105,0.38940468430519104,-0.017465006560087204,0.3362528383731842,0.33540892601013184,-0.022179361432790756,0.34044313430786133,0.3010967969894409,-0.02860860340297222,0.34339439868927,0.2714192867279053,-0.033080097287893295,0.3088456392288208,0.3979041874408722,-0.02077050879597664,0.3090876340866089,0.35326075553894043,-0.031183933839201927,0.3129020035266876,0.3200891613960266,-0.04319149628281593,0.3151114583015442,0.29193776845932007,-0.05174882709980011,0.289582222700119,0.41687479615211487,-0.024528415873646736,0.301815003156662,0.40328654646873474,-0.03649410605430603,0.31092655658721924,0.4226417541503906,-0.03955557197332382,0.3158721923828125,0.4435555934906006,-0.04088207334280014,3
0.18767313659191132,0.4616871178150177,2.1906301128638006e-07,0.20739896595478058,0.4466823935508728,-0.011822703294456005,0.21349748969078064,0.4179133176803589,-0.016262700781226158,0.2003113180398941,0.3972703218460083,-0.01938571222126484,0.18475306034088135,0.38599178194999695,-0.02338816225528717,0.2125873565673828,0.36366507411003113,-0.01065860129892826,0.21647599339485168,0.3229435086250305,-0.016672957688570023,0.21757468581199646,0.29825258255004883,-0.021909473463892937,0.21756169199943542,0.2757505178451538,-0.025861332193017006,0.19415931403636932,0.3592653274536133,-0.011965998448431492,0.19296139478683472,0.31231358647346497,-0.01618211902678013,0.19007794559001923,0.2826160192489624,-0.02189568802714348,0.18932954967021942,0.2554554343223572,-0.02570660226047039,0.1771034300327301,0.36662185192108154,-0.014428280293941498,0.17113089561462402,0.322529673576355,-0.024547941982746124,0.16653597354888916,0.29485344886779785,-0.03490147367119789,0.16412542760372162,0.26958417892456055,-0.041734207421541214,0.1618659794330597,0.3839588165283203,-0.017384108155965805,0.1595049500465393,0.36764800548553467,-0.030347861349582672,0.16572749614715576,0.3845711350440979,-0.0336640402674675,0.17272216081619263,0.4028071463108063,-0.034407105296850204,3
0.2145308256149292,0.4225434362888336,5.6294680028656785e-09,0.23477716743946075,0.411128968000412,-0.009512294083833694,0.24684900045394897,0.3819221258163452,-0.013098178431391716,0.239882230758667,0.35257571935653687,-0.016786780208349228,0.22809389233589172,0.33337828516960144,-0.01995977573096752,0.25276556611061096,0.3457218408584595,-0.0027673053555190563,0.26290374994277954,0.3115686774253845,-0.010484432801604271,0.2684491276741028,0.2901308238506317,-0.01553717628121376,0.2711811065673828,0.2722706198692322,-0.019176630303263664,0.23645122349262238,0.3433896005153656,-0.003322897246107459,0.23405255377292633,0.3206384479999542,-0.018360508605837822,0.23272331058979034,0.3451891839504242,-0.0232721995562315,0.23320747911930084,0.36347290873527527,-0.022278977558016777,0.22107332944869995,0.34712034463882446,-0.005098280962556601,0.21838288009166718,0.32852107286453247,-0.02107740007340908,0.2209850400686264,0.3553052842617035,-0.01972075179219246,0.22347138822078705,0.37193629145622253,-0.01398698054254055,0.20677821338176727,0.35616904497146606,-0.0075334967114031315,0.20679956674575806,0.3431251645088196,-0.019261036068201065,0.21062436699867249,0.3619661331176758,-0.017229896038770676,0.21384236216545105,0.3750430643558502,-0.012232393026351929,1
0.27222877740859985,0.4277220666408539,2.2647691721999763e-08,0.2943405508995056,0.4160972833633423,-0.00552367651835084,0.3099253177642822,0.3901766538619995,-0.008790954016149044,0.3127944767475128,0.3681674301624298,-0.013048396445810795,0.3043629229068756,0.35335344076156616,-0.017504921182990074,0.30380260944366455,0.3446671664714813,-0.006087271496653557,0.3132135272026062,0.30691996216773987,-0.014366880059242249,0.31830087304115295,0.28412386775016785,-0.019532280042767525,0.31996211409568787,0.26340752840042114,-0.023275334388017654,0.288148432970047,0.34567680954933167,-0.00923396646976471,0.2945416271686554,0.32372474670410156,-0.023992281407117844,0.2984969913959503,0.35088515281677246,-0.027809729799628258,0.29779380559921265,0.370056688785553,-0.026903120800852776,0.27223360538482666,0.3523922860622406,-0.012931359000504017,0.2796807587146759,0.33605602383613586,-0.028062276542186737,0.2849573791027069,0.36452412605285645,-0.024914652109146118,0.2842067778110504,0.38177812099456787,-0.018763037398457527,0.25629714131355286,0.3634033203125,-0.016999516636133194,0.266010046005249,0.3511336147785187,-0.027096329256892204,0.2721884846687317,0.3712621331214905,-0.023108413442969322,0.2721257507801056,0.385277658700943,-0.017524264752864838,1
0.04935949668288231,0.4239356219768524,1.0756700419278786e-08,0.06285592913627625,0.39976656436920166,-0.015883777290582657,0.05953054130077362,0.371037095785141,-0.023450789973139763,0.041402898728847504,0.3537001609802246,-0.02995453029870987,0.023625344038009644,0.34157794713974,-0.03564058244228363,0.06660598516464233,0.3244517743587494,-0.012685184367001057,0.06984974443912506,0.27621620893478394,-0.027084026485681534,0.0692775771021843,0.24544167518615723,-0.03652603179216385,0.0687803104519844,0.21979540586471558,-0.042500030249357224,0.04649446904659271,0.32694604992866516,-0.011585748754441738,0.02864980883896351,0.3076331317424774,-0.0345996655523777,0.026154285296797752,0.34017011523246765,-0.04161331430077553,0.03342408686876297,0.36139369010925293,-0.0402732789516449,0.028442956507205963,0.33326202630996704,-0.012515926733613014,0.011897902935743332,0.3204151391983032,-0.033803414553403854,0.015340819954872131,0.34929272532463074,-0.03295903652906418,0.025011254474520683,0.3649051785469055,-0.025949815288186073,0.01584898680448532,0.3435400128364563,-0.014792053028941154,0.00165523961186409,0.3342844843864441,-0.028770960867404938,0.005916528403759003,0.354398250579834,-0.026231862604618073,0.015008585527539253,0.36756882071495056,-0.019681181758642197,1
0.5038671493530273,0.4550478160381317,1.6313187245486915e-07,0.527549147605896,0.4583742022514343,-0.005908558145165443,0.5490733981132507,0.4511215388774872,-0.00941946730017662,0.5643289685249329,0.4407152831554413,-0.01443075854331255,0.5704122185707092,0.4236750900745392,-0.018552642315626144,0.5530198216438293,0.40779632329940796,-0.0002608233771752566,0.5713372826576233,0.3875597417354584,-0.007501731626689434,0.5818930864334106,0.3751826584339142,-0.012604216113686562,0.5898749828338623,0.3626078963279724,-0.01539986114948988,0.5456167459487915,0.3967474400997162,-0.003909902647137642,0.5640827417373657,0.3591917157173157,-0.013259150087833405,0.5776117444038391,0.3400764465332031,-0.01908114179968834,0.5870862007141113,0.323860228061676,-0.021331973373889923,0.5356763601303101,0.392007976770401,-0.008907969109714031,0.5591862201690674,0.3848438262939453,-0.02466530352830887,0.5612456798553467,0.4106352627277374,-0.02810170315206051,0.5567335486412048,0.4283487796783447,-0.025206323713064194,0.5254330635070801,0.3931457996368408,-0.014097826555371284,0.5468956828117371,0.396162748336792,-0.02572667971253395,0.5490380525588989,0.4163734018802643,-0.025637850165367126,0.5434814691543579,0.4313301146030426,-0.022252913564443588,2
0.5390307307243347,0.4686410427093506,1.590072002954912e-07,0.5497332811355591,0.4422796368598938,-0.004070226103067398,0.5663480162620544,0.4320318102836609,-0.006794074084609747,0.5809168219566345,0.4423605799674988,-0.00976698100566864,0.5888775587081909,0.4557516574859619,-0.012242211028933525,0.5839877128601074,0.4272342622280121,-0.005192848388105631,0.6019728779792786,0.4121488332748413,-0.01027146726846695,0.6132752299308777,0.4033466577529907,-0.013252463191747665,0.6227231621742249,0.39696937799453735,-0.014905339106917381,0.5913694500923157,0.44511979818344116,-0.007055914029479027,0.614436686038971,0.43733569979667664,-0.011167299002408981,0.6284880042076111,0.4353703558444977,-0.01399069745093584,0.6397294998168945,0.434702605009079,-0.015038872137665749,0.5923558473587036,0.4642491340637207,-0.009314590133726597,0.5966808795928955,0.47058653831481934,-0.014054411090910435,0.5868775844573975,0.4704263508319855,-0.01458010170608759,0.5787177681922913,0.46869394183158875,-0.013077730312943459,0.5889237523078918,0.4823015034198761,-0.012086138129234314,0.5883905291557312,0.4852856695652008,-0.01437566801905632,0.5800288319587708,0.4838235378265381,-0.012235967442393303,0.5729184150695801,0.48156094551086426,-0.009422450326383114,2
0.4955071210861206,0.4556889533996582,9.649546228729378e-08,0.506097137928009,0.43752458691596985,0.0025186464190483093,0.5260528922080994,0.43203309178352356,0.003224768443033099,0.53834468126297,0.4368940591812134,0.002925559878349304,0.5466762185096741,0.44383302330970764,0.0018424561712890863,0.5420641303062439,0.4116496443748474,0.0009511409443803132,0.5636244416236877,0.39614519476890564,-0.0006340265972539783,0.5770599246025085,0.3872670531272888,-0.0017094374634325504,0.5873046517372131,0.38082587718963623,-0.002169437473639846,0.5501787662506104,0.42335739731788635,-0.003981565125286579,0.5785243511199951,0.40903425216674805,-0.005866548046469688,0.5965087413787842,0.401411771774292,-0.007920647040009499,0.609887421131134,0.39416152238845825,-0.008368484675884247,0.5528615713119507,0.43923237919807434,-0.008735439740121365,0.5804799795150757,0.44256776571273804,-0.013716132380068302,0.5979886054992676,0.44571980834007263,-0.019710475578904152,0.6103095412254333,0.4457152187824249,-0.02325783669948578,0.54940265417099,0.4567975103855133,-0.012809477746486664,0.5609765648841858,0.4711824357509613,-0.016748175024986267,0.5521865487098694,0.4788220524787903,-0.015951331704854965,0.5398368239402771,0.4860122501850128,-0.01470960397273302,3
0.31425461173057556,0.4120647609233856,5.0935071271851484e-08,0.3351193964481354,0.3990989923477173,-0.011361283250153065,0.3508920967578888,0.3850054144859314,-0.024048548191785812,0.359460711479187,0.37686166167259216,-0.03738507628440857,0.35606124997138977,0.37526756525039673,-0.050583597272634506,0.33878976106643677,0.32129865884780884,-0.02323194406926632,0.33858296275138855,0.2808348834514618,-0.039945702999830246,0.3385409414768219,0.25288528203964233,-0.0507160909473896,0.3364788889884949,0.22929862141609192,-0.05826595425605774,0.3176911175251007,0.32131004333496094,-0.026835972443223,0.33206748962402344,0.3348696827888489,-0.048228923231363297,0.34090563654899597,0.36622440814971924,-0.053193382918834686,0.3422434329986572,0.38075050711631775,-0.0533343143761158,0.30001354217529297,0.33443400263786316,-0.031225334852933884,0.31707990169525146,0.3571966588497162,-0.04862116649746895,0.32659751176834106,0.3808720111846924,-0.04450950026512146,0.328488826751709,0.38921841979026794,-0.03870561346411705,0.28678449988365173,0.35354509949684143,-0.03715049847960472,0.3016468286514282,0.3743807077407837,-0.04743966832756996,0.3121730089187622,0.39091914892196655,-0.04342789947986603,0.3157406151294708,0.39605963230133057,-0.038165271282196045,1
0.3864179253578186,0.37301334738731384,8.808574136764946e-08,0.4170841872692108,0.3649255931377411,-0.0012464908650144935,0.4348507821559906,0.35164278745651245,-0.009564373642206192,0.4517494738101959,0.3469066321849823,-0.020031699910759926,0.46889421343803406,0.3459948003292084,-0.030312860384583473,0.4252943694591522,0.2995211184024811,-0.011491208337247372,0.4395403265953064,0.2738524377346039,-0.022310800850391388,0.4483160972595215,0.25288084149360657,-0.029650364071130753,0.45335766673088074,0.23574340343475342,-0.03508041054010391,0.4154086709022522,0.30313238501548767,-0.01868615299463272,0.4480518698692322,0.3141878545284271,-0.03256144002079964,0.4551069140434265,0.3390517234802246,-0.03516872599720955,0.4535544812679291,0.3522878587245941,-0.03503737971186638,0.4086339473724365,0.31740275025367737,-0.0257828738540411,0.440596342086792,0.33193379640579224,-0.036515798419713974,0.4411799907684326,0.35195955634117126,-0.030240343883633614,0.4343886971473694,0.36028870940208435,-0.024381671100854874,0.4049369990825653,0.33627909421920776,-0.03358729928731918,0.43054503202438354,0.34863728284835815,-0.03863508626818657,0.43120160698890686,0.36174875497817993,-0.03219306468963623,0.42495182156562805,0.36681684851646423,-0.026471182703971863,1
0.26419565081596375,0.35286203026771545,2.5034432837856e-07,0.27570024132728577,0.33726966381073,-0.008287816308438778,0.27920734882354736,0.3170728385448456,-0.012596085667610168,0.26662757992744446,0.31084951758384705,-0.016261033713817596,0.2524740695953369,0.30684974789619446,-0.020833775401115417,0.27017679810523987,0.27026063203811646,-0.00945129431784153,0.27107712626457214,0.23591339588165283,-0.013568509370088577,0.27095428109169006,0.21599331498146057,-0.016832813620567322,0.2692205607891083,0.19795435667037964,-0.01928926259279251,0.2547174394130707,0.27190446853637695,-0.010722237639129162,0.24993619322776794,0.23775768280029297,-0.013041717931628227,0.24614787101745605,0.21663987636566162,-0.016974056139588356,0.24279817938804626,0.19877710938453674,-0.01966218091547489,0.24272845685482025,0.282581627368927,-0.012649579904973507,0.23076114058494568,0.2564430832862854,-0.019151456654071808,0.22332629561424255,0.23566339910030365,-0.02822577953338623,0.21699757874011993,0.2186465561389923,-0.03481745347380638,0.23381859064102173,0.30031099915504456,-0.014870493672788143,0.23624803125858307,0.2968272864818573,-0.023875845596194267,0.2445405274629593,0.30893346667289734,-0.02763565629720688,0.2516062259674072,0.32161349058151245,-0.029439913108944893,3
0.43928036093711853,0.4098430275917053,1.287615987166646e-07,0.4324408173561096,0.3698009252548218,-0.00521791772916913,0.44409477710723877,0.34279873967170715,-0.009335080161690712,0.4638078212738037,0.3425900936126709,-0.013087810948491096,0.4768955707550049,0.350020170211792,-0.017469171434640884,0.4618853032588959,0.3216535747051239,-0.011800057254731655,0.47561538219451904,0.27689921855926514,-0.019162416458129883,0.4848215878009796,0.24971340596675873,-0.023989511653780937,0.4931935966014862,0.22957845032215118,-0.027123620733618736,0.48146918416023254,0.3328593969345093,-0.014383090659976006,0.5000455975532532,0.2872529625892639,-0.01953999511897564,0.5124067664146423,0.25857245922088623,-0.024264810606837273,0.5229077935218811,0.23719339072704315,-0.02755427174270153,0.49359962344169617,0.34778663516044617,-0.017202671617269516,0.513449490070343,0.30974337458610535,-0.02268093451857567,0.5261743068695068,0.2852393388748169,-0.028944846242666245,0.5355746746063232,0.2682189345359802,-0.033324167132377625,0.49905842542648315,0.3638521432876587,-0.0202501080930233,0.5052794814109802,0.3387916684150696,-0.024795779958367348,0.505014955997467,0.3277814984321594,-0.025922127068042755,0.5033802390098572,0.3236916959285736,-0.026342730969190598,3
0.3833869993686676,0.40805208683013916,1.5154613208778756e-07,0.3788042366504669,0.3694106340408325,-0.0016407353105023503,0.39302685856819153,0.33891168236732483,-0.003953112289309502,0.4135892987251282,0.3267819285392761,-0.0070145027711987495,0.4277963936328888,0.3225476145744324,-0.009433629922568798,0.39795351028442383,0.31673628091812134,-0.004700607154518366,0.40431684255599976,0.27589184045791626,-0.010796314105391502,0.40909507870674133,0.2503252923488617,-0.014681283384561539,0.41380974650382996,0.22959843277931213,-0.016699155792593956,0.41468238830566406,0.3271738886833191,-0.007999942637979984,0.42486584186553955,0.28423011302948,-0.013191519305109978,0.4341592490673065,0.25718221068382263,-0.01673555187880993,0.4434952437877655,0.236590176820755,-0.01856285333633423,0.42669373750686646,0.3439362645149231,-0.011278225108981133,0.43086615204811096,0.31941676139831543,-0.01719392091035843,0.42174646258354187,0.32720717787742615,-0.016185717657208443,0.4144115746021271,0.33836910128593445,-0.013143484480679035,0.4339146316051483,0.36193564534187317,-0.014805284328758717,0.431581974029541,0.34504929184913635,-0.01631907746195793,0.42366039752960205,0.3484669029712677,-0.011976653710007668,0.4189496338367462,0.35614266991615295,-0.007524772547185421,2
0.4771244525909424,0.41821736097335815,1.5004789588601852e-07,0.4830160439014435,0.38463276624679565,-0.002443357603624463,0.4983903169631958,0.36802738904953003,-0.00435783201828599,0.5129250884056091,0.3715963363647461,-0.006800557486712933,0.5211282968521118,0.37679195404052734,-0.008942672982811928,0.5199115872383118,0.3602500259876251,-0.005178334657102823,0.5418261289596558,0.3326849341392517,-0.009622820653021336,0.5560919642448425,0.31742167472839355,-0.01192021369934082,0.5670323967933655,0.30713799595832825,-0.012488867156207561,0.5288780927658081,0.3777231276035309,-0.00671385508030653,0.5506567358970642,0.35186371207237244,-0.00965854525566101,0.5657627582550049,0.3383462727069855,-0.011416131630539894,0.5770435333251953,0.3313944339752197,-0.011642029508948326,0.5312735438346863,0.3965711295604706,-0.008384212851524353,0.5356743931770325,0.38351717591285706,-0.012005165219306946,0.5263906121253967,0.38327670097351074,-0.012690876610577106,0.516869843006134,0.3875700533390045,-0.01096593402326107,0.5297175049781799,0.4136222004890442,-0.010295144282281399,0.5301076173782349,0.39986753463745117,-0.011746846139431,0.523207426071167,0.39750799536705017,-0.00949660874903202,0.5156976580619812,0.40014418959617615,-0.006263761315494776,2
0.1963270604610443,0.4068085551261902,3.823218008847107e-08,0.21195150911808014,0.3913220763206482,-0.011312969960272312,0.22064274549484253,0.3699868619441986,-0.02002120018005371,0.21163128316402435,0.35418403148651123,-0.028674138709902763,0.19787251949310303,0.34410524368286133,-0.03712547942996025,0.21683673560619354,0.31683966517448425,-0.01632608100771904,0.22350475192070007,0.28135356307029724,-0.030842265114188194,0.22616387903690338,0.25447291135787964,-0.04004727303981781,0.2267400175333023,0.23203927278518677,-0.04632183909416199,0.19574573636054993,0.3130810558795929,-0.017702782526612282,0.19732588529586792,0.32396066188812256,-0.0385117307305336,0.20345593988895416,0.356325626373291,-0.04298745095729828,0.20739147067070007,0.3759360909461975,-0.0415852889418602,0.17771896719932556,0.3215011954307556,-0.02026929333806038,0.18195335566997528,0.3449803292751312,-0.03751486912369728,0.1903228461742401,0.3701728582382202,-0.03417545557022095,0.19476789236068726,0.38169756531715393,-0.02806897461414337,0.1630536913871765,0.33678919076919556,-0.024255851283669472,0.1694563627243042,0.36227303743362427,-0.03539495915174484,0.17853911221027374,0.38118797540664673,-0.03328279033303261,0.18392573297023773,0.38684600591659546,-0.02857980877161026,1
0.37917420268058777,0.5129789710044861,1.5333228020608658e-07,0.4075317978858948,0.5035880208015442,-0.0013455322477966547,0.4274214506149292,0.4964582324028015,-0.010444408282637596,0.44160765409469604,0.5008760094642639,-0.02128707617521286,0.4526660740375519,0.5102421641349792,-0.0321139395236969,0.4220294654369354,0.4500845670700073,-0.01651914045214653,0.439608633518219,0.42930862307548523,-0.0278787799179554,0.4489510953426361,0.4110400080680847,-0.035607460886240005,0.455802321434021,0.3958317041397095,-0.04184877499938011,0.40988993644714355,0.45477160811424255,-0.02439616434276104,0.4373045563697815,0.4754593074321747,-0.0396251305937767,0.44603368639945984,0.5008897185325623,-0.0432223305106163,0.4492161273956299,0.5162378549575806,-0.04439925029873848,0.39970436692237854,0.4705858826637268,-0.03166038915514946,0.428479939699173,0.4971739649772644,-0.040886301547288895,0.42648032307624817,0.5117982625961304,-0.033955469727516174,0.4196159839630127,0.5150755643844604,-0.02879563719034195,0.3925333321094513,0.49169018864631653,-0.039914947003126144,0.41567233204841614,0.5137808322906494,-0.04389789327979088,0.4168640971183777,0.5223942995071411,-0.0371972918510437,0.41361552476882935,0.5222794413566589,-0.03192075714468956,1
0.4073459804058075,0.5162252187728882,3.7067152902636735e-08,0.41133809089660645,0.48182350397109985,-0.003561171004548669,0.42758694291114807,0.46272963285446167,-0.0065317945554852486,0.4456949234008789,0.4637114703655243,-0.009895087219774723,0.4571177363395691,0.4730771780014038,-0.013469237834215164,0.44154542684555054,0.46542036533355713,-0.008861560374498367,0.45581984519958496,0.43858951330184937,-0.015644919127225876,0.46370258927345276,0.42116639018058777,-0.02046833373606205,0.4704216718673706,0.40757083892822266,-0.023364685475826263,0.4545963704586029,0.48338672518730164,-0.011055303737521172,0.4778112769126892,0.4588114023208618,-0.016610896214842796,0.4939183294773102,0.44301551580429077,-0.02028432860970497,0.5064250826835632,0.43285176157951355,-0.02279553934931755,0.4615064263343811,0.5028934478759766,-0.013344807550311089,0.4855365455150604,0.48467814922332764,-0.0204488392919302,0.48369330167770386,0.4787130057811737,-0.022105349227786064,0.4775683283805847,0.4781440198421478,-0.02151275984942913,0.4645569622516632,0.5213042497634888,-0.015762049704790115,0.4803387522697449,0.5065470337867737,-0.020805764943361282,0.47836434841156006,0.4992772340774536,-0.019884927198290825,0.4721955955028534,0.4979071021080017,-0.017802756279706955,1
0.4007682800292969,0.5230368971824646,-8.441729981711887e-09,0.41859790682792664,0.5257439017295837,-0.0012294944608584046,0.4393678605556488,0.5168519616127014,-0.003115622093901038,0.4540061354637146,0.5005579590797424,-0.005222450941801071,0.45972368121147156,0.4875084161758423,-0.007408397272229195,0.4525149464607239,0.514626145362854,-0.0068272254429757595,0.46809008717536926,0.49380356073379517,-0.012399818748235703,0.4652586579322815,0.4846232533454895,-0.016477208584547043,0.46287983655929565,0.48037588596343994,-0.01875189132988453,0.4532584249973297,0.5037546157836914,-0.009273363277316093,0.4754807949066162,0.47624990344047546,-0.014422088861465454,0.4882756769657135,0.45855748653411865,-0.018035897985100746,0.4994352459907532,0.4461279809474945,-0.020703667774796486,0.4490700662136078,0.4931596517562866,-0.011608891189098358,0.4707748591899872,0.47286686301231384,-0.01795564964413643,0.4768269956111908,0.4672057628631592,-0.020847182720899582,0.479923278093338,0.46604472398757935,-0.021955473348498344,0.44220787286758423,0.4816168546676636,-0.013508958742022514,0.4556438624858856,0.4628872573375702,-0.01802908256649971,0.4596908390522003,0.45215749740600586,-0.018424708396196365,0.46195271611213684,0.4446549415588379,-0.01818668842315674,1
0.3883703649044037,0.527585506439209,8.086917802074822e-08,0.39044955372810364,0.49153342843055725,-0.0017077509546652436,0.4004304111003876,0.464498370885849,-0.004680694080889225,0.41409939527511597,0.4556500315666199,-0.008073720149695873,0.4238213002681732,0.45695310831069946,-0.0114935003221035,0.42037275433540344,0.4699336290359497,-0.01055269967764616,0.4340721368789673,0.43900853395462036,-0.017455551773309708,0.442516028881073,0.4209563136100769,-0.0218283012509346,0.45031502842903137,0.40842822194099426,-0.024087591096758842,0.43332943320274353,0.4852452874183655,-0.013512113131582737,0.4573984444141388,0.45478925108909607,-0.018647918477654457,0.47187933325767517,0.43602317571640015,-0.02080380544066429,0.4848750829696655,0.4254811704158783,-0.021768663078546524,0.44111350178718567,0.503350555896759,-0.015955915674567223,0.46098482608795166,0.4789067208766937,-0.021522479131817818,0.45228055119514465,0.4758511483669281,-0.019706612452864647,0.442543625831604,0.4817202687263489,-0.016373399645090103,0.44449448585510254,0.521917998790741,-0.018551835790276527,0.45932283997535706,0.5024616122245789,-0.021473323926329613,0.45344847440719604,0.4977189600467682,-0.017332026734948158,0.4457639455795288,0.5025544762611389,-0.012603407725691795,2
0.42363545298576355,0.46489959955215454,-3.479499000036412e-08,0.4089820981025696,0.4516551196575165,-0.006388032343238592,0.39807969331741333,0.43809887766838074,-0.012412169016897678,0.3922981023788452,0.4303249418735504,-0.019251635298132896,0.3907797336578369,0.4239250421524048,-0.026102667674422264,0.4098384380340576,0.3924231231212616,-0.007977011613547802,0.40981751680374146,0.3627333641052246,-0.016830015927553177,0.41012099385261536,0.34293481707572937,-0.022938279435038567,0.4102385640144348,0.32672297954559326,-0.02707546390593052,0.4221293330192566,0.3980857729911804,-0.010969456285238266,0.41334137320518494,0.38749584555625916,-0.02455286867916584,0.4014665186405182,0.4053820073604584,-0.028619935736060143,0.3949602544307709,0.42182111740112305,-0.02817465364933014,0.43186262249946594,0.40979787707328796,-0.014760468155145645,0.42300084233283997,0.4044368863105774,-0.02695242501795292,0.4119156301021576,0.42169925570487976,-0.02518320083618164,0.4065401256084442,0.43621566891670227,-0.020576171576976776,0.43922412395477295,0.4258911907672882,-0.01921354979276657,0.4300832450389862,0.42457395792007446,-0.026518672704696655,0.4206676483154297,0.43524542450904846,-0.023687034845352173,0.4165683686733246,0.44402945041656494,-0.019199715927243233,1
0.41756361722946167,0.4341091513633728,1.3183397129523655e-07,0.39736342430114746,0.41815778613090515,-0.005309713538736105,0.37952131032943726,0.3978258967399597,-0.01028568483889103,0.3633592426776886,0.3848324120044708,-0.016226720064878464,0.3486455976963043,0.3759963810443878,-0.022185109555721283,0.39904141426086426,0.3682608902454376,-0.007848819717764854,0.3905530571937561,0.3371497690677643,-0.01592935621738434,0.38536888360977173,0.31932932138442993,-0.020310042425990105,0.38095906376838684,0.3038957118988037,-0.022630972787737846,0.41265779733657837,0.36904221773147583,-0.010822029784321785,0.41008636355400085,0.33894476294517517,-0.019169775769114494,0.40729081630706787,0.32107552886009216,-0.023646529763936996,0.4054572880268097,0.3056471645832062,-0.025369789451360703,0.4254739582538605,0.3770582973957062,-0.014422765001654625,0.4180547893047333,0.37238577008247375,-0.02494986355304718,0.4103206694126129,0.3891412019729614,-0.026211518794298172,0.406424880027771,0.4018215835094452,-0.023844879120588303,0.4363642930984497,0.38992273807525635,-0.018288137391209602,0.4290870428085327,0.39041709899902344,-0.024739813059568405,0.42049628496170044,0.4011804163455963,-0.023188576102256775,0.4155193269252777,0.40996983647346497,-0.020102806389331818,3
0.42757681012153625,0.4669772982597351,2.5892134658533905e-07,0.4104466140270233,0.4596388041973114,-0.00740631902590394,0.4000326693058014,0.44768959283828735,-0.014507303945720196,0.4087091386318207,0.4484972059726715,-0.022032415494322777,0.4235401153564453,0.45087194442749023,-0.02989315241575241,0.4072639048099518,0.4091070294380188,-0.014777597971260548,0.395840585231781,0.38441216945648193,-0.02291310392320156,0.3888797461986542,0.36833444237709045,-0.027762819081544876,0.3838869333267212,0.3536381721496582,-0.031095555052161217,0.42218291759490967,0.4082079529762268,-0.01786484569311142,0.4223056733608246,0.3799666464328766,-0.025413943454623222,0.423319011926651,0.3619919419288635,-0.029812728986144066,0.4255788028240204,0.34594881534576416,-0.032133590430021286,0.4351259171962738,0.4176715314388275,-0.02128264680504799,0.43059080839157104,0.4194498360157013,-0.02973230369389057,0.4228624701499939,0.43590685725212097,-0.030800756067037582,0.4195604920387268,0.4460398852825165,-0.029279546812176704,0.44507405161857605,0.43262362480163574,-0.025332966819405556,0.4381510615348816,0.4365434944629669,-0.03094705566763878,0.43083542585372925,0.44713467359542847,-0.02901463769376278,0.4272710680961609,0.4542936086654663,-0.026204410940408707,2
0.4130910634994507,0.3309321701526642,1.7680332575764623e-07,0.3985957205295563,0.3124421536922455,-0.004774643573909998,0.3942798674106598,0.2890791893005371,-0.007442398462444544,0.4054832458496094,0.27561426162719727,-0.011102046817541122,0.4178270399570465,0.2726568579673767,-0.015223242342472076,0.3994661867618561,0.2574723958969116,-0.003245461964979768,0.39345237612724304,0.22927770018577576,-0.008519100956618786,0.39023301005363464,0.2101362645626068,-0.012301095761358738,0.387728214263916,0.19459658861160278,-0.014833604916930199,0.4120434522628784,0.2577437460422516,-0.006606078706681728,0.41720134019851685,0.22397708892822266,-0.011799206957221031,0.41993027925491333,0.20282608270645142,-0.015983140096068382,0.422229528427124,0.18774282932281494,-0.018281465396285057,0.4218471348285675,0.2665746808052063,-0.010898550972342491,0.4236479103565216,0.24553248286247253,-0.019944673404097557,0.41838330030441284,0.25357377529144287,-0.02420448511838913,0.415068119764328,0.262434184551239,-0.024818215519189835,0.4291343688964844,0.280335396528244,-0.015374732203781605,0.4263099730014801,0.26607009768486023,-0.022253181785345078,0.4188686013221741,0.2760334312915802,-0.022435344755649567,0.41391220688819885,0.2875790297985077,-0.021299369633197784,2
0.3717777729034424,0.3414642810821533,1.3214777538905764e-07,0.3556938171386719,0.33054301142692566,-0.0075968187302351,0.3436141312122345,0.31474021077156067,-0.012539512477815151,0.3502786457538605,0.3058658540248871,-0.0168924443423748,0.36444395780563354,0.30190154910087585,-0.022010914981365204,0.3460325300693512,0.27184343338012695,-0.01253338810056448,0.33522829413414,0.239756777882576,-0.018837779760360718,0.3298083543777466,0.21991181373596191,-0.022936584427952766,0.32540178298950195,0.2024659812450409,-0.026463838294148445,0.3602023720741272,0.26877689361572266,-0.016335291787981987,0.35377833247184753,0.2332083135843277,-0.02115410752594471,0.3500014543533325,0.2106897383928299,-0.026091955602169037,0.3475971817970276,0.19149556756019592,-0.030103543773293495,0.373235285282135,0.27646616101264954,-0.020910831168293953,0.37315189838409424,0.254862904548645,-0.02895933762192726,0.3720412850379944,0.2346544712781906,-0.03761617839336395,0.3728477656841278,0.21559084951877594,-0.04418950155377388,0.38404399156570435,0.29123392701148987,-0.025762634351849556,0.37378713488578796,0.29394134879112244,-0.035248156636953354,0.36644089221954346,0.3062025308609009,-0.038981277495622635,0.3631732165813446,0.3167274296283722,-0.04170992225408554,3
0.4636145532131195,0.4004221558570862,2.2781144082273386e-08,0.46646764874458313,0.3832661509513855,-0.011197365820407867,0.47238367795944214,0.3662959039211273,-0.016222171485424042,0.4839160740375519,0.35980579257011414,-0.02048477716743946,0.4923403859138489,0.3591293692588806,-0.023899585008621216,0.47822239995002747,0.33424320816993713,-0.006649432238191366,0.4850599467754364,0.30837029218673706,-0.013349011540412903,0.4918643534183502,0.2919025421142578,-0.01851142756640911,0.4964311420917511,0.27922800183296204,-0.021850164979696274,0.4844450056552887,0.34432607889175415,-0.005301967263221741,0.4961654841899872,0.3394438922405243,-0.01599537394940853,0.49301743507385254,0.35094812512397766,-0.020289773121476173,0.48593008518218994,0.3586462736129761,-0.020387833938002586,0.489005446434021,0.3568520247936249,-0.0052855717949569225,0.4979320764541626,0.3559349775314331,-0.015152331441640854,0.49199178814888,0.3658159375190735,-0.015205292962491512,0.48420774936676025,0.37051814794540405,-0.012288590893149376,0.4908769130706787,0.37112903594970703,-0.006371133029460907,0.49888280034065247,0.36986273527145386,-0.011528406292200089,0.4936579763889313,0.3763243854045868,-0.009581716731190681,0.4863073229789734,0.3801208436489105,-0.006390378810465336,1
0.5325672030448914,0.3933316171169281,3.5669433628982006e-08,0.5329028367996216,0.3830251693725586,-0.013721517287194729,0.5373712778091431,0.36981135606765747,-0.02140069752931595,0.5492227077484131,0.36689314246177673,-0.028013665229082108,0.5603383183479309,0.36882486939430237,-0.033820051699876785,0.5486117005348206,0.33447301387786865,-0.012529205530881882,0.5580600500106812,0.30755719542503357,-0.021421659737825394,0.5665328502655029,0.2925448417663574,-0.027404798194766045,0.5736870169639587,0.2803507447242737,-0.0313824824988842,0.5564702153205872,0.3425098955631256,-0.010636121965944767,0.5693221092224121,0.3429705500602722,-0.02405977062880993,0.5628280639648438,0.35727858543395996,-0.028181681409478188,0.554500937461853,0.3624962568283081,-0.02804465964436531,0.5621277093887329,0.352896124124527,-0.010175924748182297,0.5712271928787231,0.3561059236526489,-0.022290438413619995,0.5625985860824585,0.36795076727867126,-0.021364664658904076,0.554363489151001,0.3704574704170227,-0.017700541764497757,0.5651329159736633,0.36450162529945374,-0.010966253466904163,0.5733088850975037,0.36635273694992065,-0.017885664477944374,0.5665034651756287,0.37456846237182617,-0.01570734567940235,0.5592027902603149,0.3769010007381439,-0.012222692370414734,1
0.44153591990470886,0.41239115595817566,-2.6787558837781944e-08,0.42489296197891235,0.3908897340297699,-0.0072326879017055035,0.41318216919898987,0.3691355884075165,-0.014535648748278618,0.4137260913848877,0.35496607422828674,-0.023047110065817833,0.4260282516479492,0.35457804799079895,-0.031246818602085114,0.43288654088974,0.31779104471206665,-0.007040650583803654,0.43696415424346924,0.27949196100234985,-0.01646096259355545,0.4401088356971741,0.25658053159713745,-0.023000989109277725,0.4434756338596344,0.23751908540725708,-0.02805771678686142,0.4467974007129669,0.32799121737480164,-0.010491383261978626,0.4454333484172821,0.31015533208847046,-0.02506602182984352,0.4362446963787079,0.3322799801826477,-0.028789883479475975,0.4321540296077728,0.3499014675617218,-0.028464386239647865,0.45873507857322693,0.342966765165329,-0.015181024558842182,0.45814844965934753,0.3217791020870209,-0.028402896597981453,0.4461638629436493,0.3415946364402771,-0.025453783571720123,0.43983015418052673,0.3586324453353882,-0.020334741100668907,0.4682842493057251,0.36229801177978516,-0.02071780525147915,0.46511948108673096,0.3473552465438843,-0.028917336836457253,0.45290425419807434,0.3585363030433655,-0.025664959102869034,0.4456416368484497,0.3692297339439392,-0.021159488707780838,1
0.35406890511512756,0.39470455050468445,2.787848245588975e-07,0.3323954939842224,0.38606417179107666,-0.005232552532106638,0.3153620958328247,0.3734586238861084,-0.01214510016143322,0.3069816827774048,0.36417829990386963,-0.020565327256917953,0.30992773175239563,0.3604019582271576,-0.029035959392786026,0.3136332333087921,0.3192068636417389,-0.011666886508464813,0.2992226779460907,0.2833278179168701,-0.021138954907655716,0.28966575860977173,0.2603604793548584,-0.02638225071132183,0.2831290364265442,0.2408396303653717,-0.02976268157362938,0.3303549289703369,0.3156074285507202,-0.017106862738728523,0.3226728141307831,0.2772694528102875,-0.02745012380182743,0.3190459907054901,0.2524643540382385,-0.03326662629842758,0.3173123598098755,0.2323102504014969,-0.03608507663011551,0.34590470790863037,0.32292982935905457,-0.022828523069620132,0.3282449245452881,0.319128155708313,-0.035234808921813965,0.3193574845790863,0.338762104511261,-0.03707980737090111,0.3165258765220642,0.35446813702583313,-0.03517855331301689,0.35687941312789917,0.3387051224708557,-0.028911929577589035,0.33779606223106384,0.3451420068740845,-0.036751408129930496,0.32855862379074097,0.3602246046066284,-0.035278525203466415,0.3254002332687378,0.37175652384757996,-0.03239131346344948,2
0.41918861865997314,0.3862919807434082,3.9789100014786527e-07,0.3957633972167969,0.36360710859298706,-0.0075667076744139194,0.3820720911026001,0.33907219767570496,-0.016566462814807892,0.3886137902736664,0.3357603847980499,-0.02732953242957592,0.4022578299045563,0.33960670232772827,-0.03837092965841293,0.3921366333961487,0.2734944224357605,-0.01807309128344059,0.3829103112220764,0.22404906153678894,-0.030131323263049126,0.37708014249801636,0.1938696801662445,-0.03596041351556778,0.3737436830997467,0.16861069202423096,-0.03939461335539818,0.4153250455856323,0.2789863049983978,-0.024995578452944756,0.42170119285583496,0.23081067204475403,-0.03683602809906006,0.426543265581131,0.19852861762046814,-0.0432969331741333,0.4325273633003235,0.17075014114379883,-0.0461612269282341,0.4329957962036133,0.30051371455192566,-0.032344747334718704,0.42588964104652405,0.30150845646858215,-0.046771932393312454,0.4123184382915497,0.3243769407272339,-0.04960561543703079,0.4064279794692993,0.33847078680992126,-0.04732542857527733,0.44276395440101624,0.3305440843105316,-0.04023909196257591,0.4265053868293762,0.3432824909687042,-0.05003608763217926,0.4129159152507782,0.3539150059223175,-0.04879774525761604,0.40624961256980896,0.35908764600753784,-0.045308370143175125,2
0.309347003698349,0.36301112174987793,3.9242723914867383e-07,0.27653777599334717,0.35321542620658875,-0.006852318067103624,0.252101868391037,0.34284189343452454,-0.016593560576438904,0.23981495201587677,0.33608490228652954,-0.028228016570210457,0.23864172399044037,0.3334251642227173,-0.03949986770749092,0.2436423897743225,0.27162107825279236,-0.016005657613277435,0.22165781259536743,0.2287413328886032,-0.02985859289765358,0.20690050721168518,0.2005188912153244,-0.037879228591918945,0.19764231145381927,0.17599913477897644,-0.04291824623942375,0.2652507722377777,0.2667561173439026,-0.023836631327867508,0.24841870367527008,0.22262775897979736,-0.04065631702542305,0.24052083492279053,0.18985095620155334,-0.04989037290215492,0.2368067502975464,0.1619156301021576,-0.05431031063199043,0.2858779728412628,0.27614063024520874,-0.03205832466483116,0.2634676694869995,0.27814388275146484,-0.05148306488990784,0.25324541330337524,0.3084857761859894,-0.054117608815431595,0.2500903904438019,0.3308337330818176,-0.05070596560835838,0.30009743571281433,0.2980196177959442,-0.040675461292266846,0.2747761309146881,0.3084479570388794,-0.051925286650657654,0.26337504386901855,0.32880115509033203,-0.04939772188663483,0.2595447599887848,0.34372806549072266,-0.04475458338856697,2
0.45518121123313904,0.47591632604599,2.4830183065205347e-07,0.43419352173805237,0.46488940715789795,-0.011535240337252617,0.4201715886592865,0.449905127286911,-0.01997171901166439,0.4301406741142273,0.44202569127082825,-0.027467451989650726,0.4477267265319824,0.434335321187973,-0.03551261126995087,0.416354238986969,0.3836979866027832,-0.01952730491757393,0.40205246210098267,0.33959144353866577,-0.029254265129566193,0.3937791585922241,0.31180697679519653,-0.03488033264875412,0.3866075873374939,0.287297785282135,-0.0395921990275383,0.437237411737442,0.3761577010154724,-0.0248529314994812,0.4320746064186096,0.3258174657821655,-0.03334029018878937,0.429408997297287,0.2922390103340149,-0.04028370603919029,0.42722412943840027,0.2632354497909546,-0.04542633518576622,0.45655950903892517,0.38568466901779175,-0.03135829418897629,0.4612204432487488,0.3570694625377655,-0.04505538195371628,0.4649886190891266,0.3331729471683502,-0.0567476712167263,0.46874988079071045,0.31020408868789673,-0.06459497660398483,0.47325631976127625,0.4054834544658661,-0.0381707064807415,0.46258747577667236,0.4119701385498047,-0.0525987483561039,0.45227423310279846,0.42978036403656006,-0.05771547183394432,0.44540733098983765,0.4444865584373474,-0.06090759113430977,3
0.4430655241012573,0.3639768362045288,2.6443677825227496e-07,0.4210580587387085,0.3501937687397003,-0.01607700064778328,0.4068810045719147,0.3281472325325012,-0.025100810453295708,0.4204478859901428,0.31135720014572144,-0.032205693423748016,0.4408307671546936,0.2985895872116089,-0.039765745401382446,0.40628358721733093,0.2580907642841339,-0.020896853879094124,0.39117106795310974,0.20688766241073608,-0.03212932497262955,0.3838643431663513,0.17380444705486298,-0.03976118564605713,0.37734273076057434,0.1444893777370453,-0.0458441860973835,0.42718228697776794,0.25127696990966797,-0.023823989555239677,0.4233211874961853,0.19546298682689667,-0.03260675072669983,0.4213089346885681,0.15934079885482788,-0.04010689631104469,0.4184756577014923,0.12700416147708893,-0.04571543261408806,0.4448870122432709,0.2616730332374573,-0.02852661721408367,0.4511549174785614,0.2288186252117157,-0.04155004024505615,0.45446860790252686,0.19915442168712616,-0.05334269255399704,0.4569774866104126,0.17065966129302979,-0.06162630021572113,0.4598660469055176,0.28316983580589294,-0.034213583916425705,0.45405787229537964,0.28000473976135254,-0.04796915501356125,0.44676142930984497,0.2978426218032837,-0.05209158733487129,0.44159403443336487,0.3136659264564514,-0.05471258610486984,3
0.4490985572338104,0.42970871925354004,3.2259450222227315e-07,0.4678528606891632,0.38333702087402344,0.003512543858960271,0.4598097801208496,0.3409939706325531,0.0035170915070921183,0.4400128126144409,0.3234235942363739,0.0026620649732649326,0.42139628529548645,0.31711405515670776,0.00014051562175154686,0.45841994881629944,0.3114454746246338,-0.007287673652172089,0.4552121162414551,0.2574044466018677,-0.011981588788330555,0.45442864298820496,0.22565656900405884,-0.014962353743612766,0.4528791010379791,0.1992407590150833,-0.01679868809878826,0.4389529824256897,0.3142065107822418,-0.012923148460686207,0.4274502396583557,0.25659632682800293,-0.017034323886036873,0.4197709560394287,0.22041642665863037,-0.021789947524666786,0.4121463894844055,0.19076260924339294,-0.024983663111925125,0.42074906826019287,0.3247126340866089,-0.017475785687565804,0.4011434018611908,0.27660706639289856,-0.02356395311653614,0.38901036977767944,0.24376025795936584,-0.03246765211224556,0.3787555694580078,0.21860888600349426,-0.03878164663910866,0.4059579372406006,0.34030404686927795,-0.02084595523774624,0.40498778223991394,0.3110641539096832,-0.025467000901699066,0.4138503074645996,0.31054434180259705,-0.02650127001106739,0.4220781624317169,0.31548547744750977,-0.027043446898460388,3
0.4541715085506439,0.41768261790275574,3.5619481764115335e-07,0.46995359659194946,0.3690033257007599,0.0017469830345362425,0.45978108048439026,0.3281991481781006,0.0006646550027653575,0.4382725954055786,0.3167928457260132,-0.0008026852738112211,0.41832786798477173,0.3144061863422394,-0.0038109777960926294,0.4597802460193634,0.30246999859809875,-0.008515455760061741,0.45709890127182007,0.24933719635009766,-0.012970074079930782,0.4565007984638214,0.21932676434516907,-0.015692109242081642,0.45513370633125305,0.1940348595380783,-0.01736510545015335,0.43981510400772095,0.3081101179122925,-0.013360082171857357,0.4290342628955841,0.25206640362739563,-0.017574552446603775,0.4221314787864685,0.21740688383579254,-0.022463787347078323,0.41490602493286133,0.18839460611343384,-0.025730997323989868,0.4215499758720398,0.3203379809856415,-0.017280010506510735,0.401813268661499,0.2746415436267853,-0.023482589051127434,0.3901787996292114,0.24148951470851898,-0.03277193009853363,0.37972331047058105,0.21575936675071716,-0.039363790303468704,0.40765395760536194,0.33649948239326477,-0.020156338810920715,0.4085645079612732,0.3086903989315033,-0.024966200813651085,0.4195581376552582,0.3105090260505676,-0.025940297171473503,0.4287763237953186,0.317804217338562,-0.026448572054505348,3
0.46981966495513916,0.551278829574585,-7.5592673454139e-08,0.43652963638305664,0.5341373085975647,-0.011571412906050682,0.4093315601348877,0.5101861357688904,-0.02370877005159855,0.3921046555042267,0.493205189704895,-0.037579409778118134,0.3983425498008728,0.48122212290763855,-0.05167483165860176,0.42575928568840027,0.4214775264263153,-0.012994776479899883,0.41791242361068726,0.36358070373535156,-0.029702112078666687,0.41115158796310425,0.327930212020874,-0.0405670627951622,0.4072635769844055,0.2954910397529602,-0.048576049506664276,0.4481268525123596,0.42593812942504883,-0.018879905343055725,0.42267492413520813,0.39535391330718994,-0.04486292973160744,0.40962934494018555,0.4403426945209503,-0.05013803765177727,0.4093679189682007,0.473589688539505,-0.04744724929332733,0.4676852822303772,0.4403001368045807,-0.02668023854494095,0.441034734249115,0.4155481159687042,-0.051736753433942795,0.428020179271698,0.45876848697662354,-0.04624807462096214,0.4280030429363251,0.4907165467739105,-0.03541603684425354,0.48322731256484985,0.46429017186164856,-0.03556692227721214,0.457055926322937,0.4504251182079315,-0.052048664540052414,0.44311678409576416,0.4798498749732971,-0.046840816736221313,0.44134092330932617,0.5034146904945374,-0.03831371292471886,1
0.43008267879486084,0.5273900032043457,3.2780482683847367e-07,0.39691227674484253,0.5082460641860962,-0.00790851004421711,0.3712867498397827,0.4790961742401123,-0.01683562994003296,0.3630397617816925,0.4548863470554352,-0.028739627450704575,0.3777790367603302,0.4383612871170044,-0.04013194888830185,0.37967410683631897,0.40793687105178833,-0.008512778207659721,0.35585737228393555,0.3620949983596802,-0.021522942930459976,0.34258097410202026,0.3350825905799866,-0.028875669464468956,0.3336051106452942,0.3102688193321228,-0.03375086560845375,0.40141424536705017,0.40044912695884705,-0.016558466479182243,0.38884681463241577,0.33839479088783264,-0.031949449330568314,0.37981992959976196,0.29998505115509033,-0.0412507988512516,0.37385112047195435,0.2681106626987457,-0.045611586421728134,0.42234089970588684,0.4083252549171448,-0.025906499475240707,0.3948965072631836,0.3812771439552307,-0.04714815691113472,0.386439710855484,0.4181864857673645,-0.04889139160513878,0.38651806116104126,0.44715189933776855,-0.043679509311914444,0.4389670491218567,0.427131325006485,-0.0358375646173954,0.4083246886730194,0.41966789960861206,-0.05092153698205948,0.39778921008110046,0.44716936349868774,-0.049183040857315063,0.3968018591403961,0.4697389304637909,-0.04399396479129791,2
0.5283643007278442,0.5885564684867859,3.0900434921932174e-07,0.5391931533813477,0.538508951663971,0.0066594528034329414,0.5277315378189087,0.4896512031555176,0.0059028430841863155,0.5045948624610901,0.46836620569229126,0.00225491332821548,0.4829999804496765,0.4631538987159729,-0.0019975313916802406,0.5330334901809692,0.45689794421195984,-0.0027658455073833466,0.5320708155632019,0.4017077386379242,-0.0122301010414958,0.5349323153495789,0.3658418357372284,-0.018723392859101295,0.5380618572235107,0.3380087614059448,-0.02190294861793518,0.5146175026893616,0.459376722574234,-0.01033332571387291,0.49642738699913025,0.39797666668891907,-0.017077326774597168,0.4884703457355499,0.3592502474784851,-0.02069661393761635,0.4825327396392822,0.3292730450630188,-0.02309051714837551,0.4965553879737854,0.4712894558906555,-0.01690494827926159,0.4719874858856201,0.4306471049785614,-0.023131217807531357,0.47404032945632935,0.4455024003982544,-0.020878849551081657,0.4791807532310486,0.46219733357429504,-0.017138488590717316,0.48014965653419495,0.48922815918922424,-0.023073265329003334,0.4644656777381897,0.46272051334381104,-0.025465697050094604,0.46906134486198425,0.4741069972515106,-0.020342586562037468,0.47591984272003174,0.48744985461235046,-0.01495721098035574,2
0.5278869271278381,0.5855726003646851,3.27911891417898e-07,0.5382204055786133,0.5338580012321472,0.0059022456407547,0.5260919332504272,0.48781418800354004,0.004446148872375488,0.5037955641746521,0.46724870800971985,0.0006122689228504896,0.48279353976249695,0.4607037305831909,-0.0038803573697805405,0.528743326663971,0.4556325674057007,-0.005695100408047438,0.5259498953819275,0.39837971329689026,-0.015207119286060333,0.5268481373786926,0.3621811866760254,-0.02188366837799549,0.527816891670227,0.33303481340408325,-0.0253217201679945,0.5093749761581421,0.45947080850601196,-0.012335631065070629,0.491420179605484,0.398473858833313,-0.018800383433699608,0.4830020070075989,0.35985976457595825,-0.022283529862761497,0.4754740595817566,0.3292138874530792,-0.024870021268725395,0.4910494089126587,0.4728003442287445,-0.017725756391882896,0.4659457504749298,0.4328426122665405,-0.022967731580138206,0.4702780842781067,0.4452914893627167,-0.020393678918480873,0.4765651226043701,0.4605700969696045,-0.017031513154506683,0.47547757625579834,0.4917408227920532,-0.022761452943086624,0.46322113275527954,0.4663320779800415,-0.0246580857783556,0.47003188729286194,0.47632896900177,-0.019383504986763,0.47780337929725647,0.4883563220500946,-0.01417847815901041,2
0.5042073130607605,0.5690041184425354,3.85304787187124e-07,0.5127333402633667,0.5136167407035828,0.008226814679801464,0.49530279636383057,0.4697486162185669,0.009538298472762108,0.47024768590927124,0.45061030983924866,0.009413538500666618,0.4492059648036957,0.44110822677612305,0.007754310499876738,0.4940987229347229,0.4369063675403595,-0.005920267663896084,0.4872356355190277,0.37518510222435,-0.01291167363524437,0.4858311712741852,0.33793649077415466,-0.016815606504678726,0.48535630106925964,0.30719122290611267,-0.01842503994703293,0.474380761384964,0.4438650608062744,-0.013636906631290913,0.4545471966266632,0.3768274486064911,-0.018979446962475777,0.4424269199371338,0.33518391847610474,-0.022664550691843033,0.43173959851264954,0.30263248085975647,-0.02473754622042179,0.4559396505355835,0.4598480761051178,-0.020028339698910713,0.4248335361480713,0.4095390737056732,-0.02720632217824459,0.40665337443351746,0.3777620196342468,-0.035790205001831055,0.39245861768722534,0.35494041442871094,-0.04152781143784523,0.441439151763916,0.4828248918056488,-0.02474944107234478,0.4349236488342285,0.452710896730423,-0.02934197336435318,0.44332945346832275,0.4567359387874603,-0.02945105917751789,0.45171794295310974,0.46578508615493774,-0.029164815321564674,3
0.6032748222351074,0.566256582736969,2.2768979590637173e-07,0.6120328307151794,0.5212477445602417,0.010173979215323925,0.6065304279327393,0.4749927520751953,0.011230804957449436,0.59256911277771,0.45195478200912476,0.010469823144376278,0.5762282013893127,0.4438021779060364,0.008395904675126076,0.6191995739936829,0.4505639374256134,-0.005374870263040066,0.6180874109268188,0.39289721846580505,-0.010858484543859959,0.619052529335022,0.36027830839157104,-0.012192212976515293,0.6196731328964233,0.33381813764572144,-0.012240075506269932,0.6085132360458374,0.4530594050884247,-0.015121654607355595,0.6000357270240784,0.38794803619384766,-0.022314582020044327,0.5949655175209045,0.3506046235561371,-0.023859448730945587,0.5897422432899475,0.3201630711555481,-0.023136025294661522,0.5948760509490967,0.4618665874004364,-0.02317843586206436,0.5718918442726135,0.40741458535194397,-0.031768281012773514,0.5563286542892456,0.3768335282802582,-0.035514578223228455,0.5470471382141113,0.35115912556648254,-0.03644528239965439,0.5795983672142029,0.47819286584854126,-0.029464298859238625,0.5572127103805542,0.448519766330719,-0.03390956297516823,0.5501238107681274,0.4604508578777313,-0.029690692201256752,0.5494908094406128,0.4761791527271271,-0.02549145370721817,3
0.2546626627445221,0.5760158896446228,8.96684397844183e-08,0.27834850549697876,0.5158077478408813,-0.004491506610065699,0.2734763026237488,0.45975130796432495,-0.008354258723556995,0.2495155930519104,0.43458181619644165,-0.01087132003158331,0.22859279811382294,0.4394848942756653,-0.013626602478325367,0.21241115033626556,0.44003286957740784,-0.021334100514650345,0.18981100618839264,0.3739711344242096,-0.027676032856106758,0.17405520379543304,0.33243024349212646,-0.0316745787858963,0.15950636565685272,0.3012532591819763,-0.03554118052124977,0.18803612887859344,0.45566391944885254,-0.021049130707979202,0.19773082435131073,0.4191325008869171,-0.028033507987856865,0.2115793377161026,0.4332614243030548,-0.02679004892706871,0.2177165448665619,0.4546479284763336,-0.025704864412546158,0.1772937774658203,0.47688528895378113,-0.01895417831838131,0.1912176012992859,0.44230327010154724,-0.02235114760696888,0.2038017064332962,0.45391881465911865,-0.014816015027463436,0.20924817025661469,0.4719310402870178,-0.010266785509884357,0.1734257936477661,0.4968392848968506,-0.01729240082204342,0.18446354568004608,0.4675818085670471,-0.017720773816108704,0.19672386348247528,0.4744725525379181,-0.010444696061313152,0.20266315340995789,0.4872560203075409,-0.004575461149215698,1
0.48839691281318665,0.8095568418502808,4.464998824005306e-07,0.5043509006500244,0.7589343190193176,-0.008533375337719917,0.49241966009140015,0.7076005339622498,-0.015418453142046928,0.46317362785339355,0.6819455027580261,-0.019677607342600822,0.43817582726478577,0.6757220029830933,-0.023057840764522552,0.481643944978714,0.7084161639213562,-0.030107390135526657,0.47589850425720215,0.6407092809677124,-0.041299376636743546,0.47436535358428955,0.6060118675231934,-0.0463794581592083,0.47263044118881226,0.5774011611938477,-0.04876044765114784,0.4527339041233063,0.7236619591712952,-0.028696555644273758,0.43330293893814087,0.6579791903495789,-0.03835153952240944,0.4213689863681793,0.6183249950408936,-0.041099198162555695,0.4090261459350586,0.5902299284934998,-0.043685901910066605,0.42834192514419556,0.7396888136863708,-0.025886375457048416,0.4136596620082855,0.6700750589370728,-0.03387069329619408,0.4261287450790405,0.6719037890434265,-0.0302035603672266,0.43474993109703064,0.6888859272003174,-0.026346558704972267,0.41193249821662903,0.7506119608879089,-0.023253144696354866,0.40983039140701294,0.6985145211219788,-0.027689162641763687,0.42121952772140503,0.700417697429657,-0.0229929331690073,0.4276634752750397,0.714969277381897,-0.018280908465385437,2
0.3182747960090637,0.47523951530456543,8.194215865842125e-07,0.2763667702674866,0.47791704535484314,-0.017913900315761566,0.24063335359096527,0.46988800168037415,-0.038254763931035995,0.22265221178531647,0.46266376972198486,-0.05990038812160492,0.23868922889232635,0.4383252263069153,-0.08025049418210983,0.20691652595996857,0.3640202581882477,-0.035804834216833115,0.1640447974205017,0.2977355718612671,-0.05707821249961853,0.13884466886520386,0.25739869475364685,-0.06744351238012314,0.11910703778266907,0.22187355160713196,-0.07430385798215866,0.23821793496608734,0.3453799784183502,-0.04307495430111885,0.21573959290981293,0.2709674537181854,-0.07111193239688873,0.19987338781356812,0.21891362965106964,-0.08741380274295807,0.18642380833625793,0.17499026656150818,-0.09642604738473892,0.2711407244205475,0.3464866578578949,-0.050948575139045715,0.25107020139694214,0.35266929864883423,-0.08301793038845062,0.24856272339820862,0.4067802131175995,-0.08549032360315323,0.2485356330871582,0.44386252760887146,-0.0790010616183281,0.29842668771743774,0.3590262532234192,-0.060045257210731506,0.28659725189208984,0.3370649516582489,-0.0817403569817543,0.2811688780784607,0.3129751980304718,-0.08306426554918289,0.274734765291214,0.2822762429714203,-0.08004806935787201,2
0.36332446336746216,0.48315751552581787,3.7390407214843435e-07,0.3310624659061432,0.4663531184196472,-0.020796172320842743,0.30421337485313416,0.435368150472641,-0.033766262233257294,0.3082207441329956,0.4050831198692322,-0.043991029262542725,0.33180248737335205,0.3749476969242096,-0.05485248193144798,0.3038009703159332,0.3263879120349884,-0.029224319383502007,0.28859683871269226,0.24989160895347595,-0.04362378269433975,0.28092172741889954,0.20143212378025055,-0.05272797867655754,0.27411940693855286,0.15988236665725708,-0.06064173951745033,0.33503082394599915,0.3204730749130249,-0.0351414829492569,0.3322228193283081,0.23441417515277863,-0.050421662628650665,0.33144769072532654,0.1801164299249649,-0.062116771936416626,0.3296044170856476,0.13427171111106873,-0.07058016955852509,0.3624815046787262,0.33561235666275024,-0.04322020336985588,0.36293262243270874,0.27061447501182556,-0.06795331090688705,0.36231085658073425,0.22291311621665955,-0.0863301157951355,0.36347973346710205,0.17946326732635498,-0.09857925772666931,0.3861052691936493,0.3651796579360962,-0.05170334130525589,0.3623305559158325,0.34536251425743103,-0.07934696227312088,0.3472801744937897,0.3736560642719269,-0.08760736882686615,0.33936622738838196,0.40168237686157227,-0.09198329597711563,3
0.35959160327911377,0.5301830768585205,3.904726213477261e-07,0.32502585649490356,0.5230568051338196,-0.016153056174516678,0.29133790731430054,0.5002722144126892,-0.027440806850790977,0.286871075630188,0.47467151284217834,-0.03727756440639496,0.3069458305835724,0.4475296437740326,-0.04826796054840088,0.2774343490600586,0.3865504264831543,-0.027704929932951927,0.25326916575431824,0.31975799798965454,-0.04153057560324669,0.23847046494483948,0.2762512266635895,-0.04978689178824425,0.22610196471214294,0.23834890127182007,-0.05730301886796951,0.306778222322464,0.3760092556476593,-0.036560460925102234,0.2911718487739563,0.2943205237388611,-0.05097558721899986,0.281727135181427,0.2414679229259491,-0.06221536546945572,0.27436238527297974,0.19658774137496948,-0.07023792713880539,0.33637210726737976,0.38857701420783997,-0.047103188931941986,0.32534125447273254,0.329816997051239,-0.07179395854473114,0.3158578872680664,0.2863916754722595,-0.09156624227762222,0.31071192026138306,0.24550291895866394,-0.10451732575893402,0.3632095754146576,0.41726431250572205,-0.05758758634328842,0.3339015245437622,0.4154066741466522,-0.08500231802463531,0.3193092942237854,0.4464404582977295,-0.0951831117272377,0.31333160400390625,0.4723866879940033,-0.1010720282793045,3
0.5732721090316772,0.5683883428573608,3.702975561736821e-07,0.5617202520370483,0.5423352122306824,-0.029041465371847153,0.5678001642227173,0.5105041265487671,-0.04225056618452072,0.6016638278961182,0.5043247938156128,-0.05058036372065544,0.6320990324020386,0.4982265532016754,-0.059245359152555466,0.590599536895752,0.4267003536224365,-0.030475692823529243,0.6046533584594727,0.36816930770874023,-0.042749252170324326,0.6163928508758545,0.3324429392814636,-0.051725808531045914,0.6272187232971191,0.3006576597690582,-0.05906558409333229,0.6162004470825195,0.43459659814834595,-0.028543686494231224,0.6434706449508667,0.3756697177886963,-0.03801392391324043,0.663898229598999,0.339363694190979,-0.047601841390132904,0.6806331872940063,0.30785825848579407,-0.055107347667217255,0.6293259859085083,0.45827072858810425,-0.029365237802267075,0.6632224321365356,0.42384564876556396,-0.04585343971848488,0.6878980398178101,0.3988693654537201,-0.06188058480620384,0.7099143266677856,0.37480905652046204,-0.07368206977844238,0.6339297890663147,0.4921324551105499,-0.031963083893060684,0.64085453748703,0.4866226017475128,-0.052413251250982285,0.6278311610221863,0.5047726035118103,-0.06011556088924408,0.6164035797119141,0.5217373967170715,-0.06484416872262955,3
0.5790503621101379,0.5681090950965881,4.8824226439592167e-08,0.5662707686424255,0.5438486933708191,-0.02895183116197586,0.5691738128662109,0.5134317874908447,-0.04684120789170265,0.5972405076026917,0.5080339908599854,-0.061885204166173935,0.6234190464019775,0.5043923854827881,-0.07536274939775467,0.5970203280448914,0.43594232201576233,-0.0345180481672287,0.6231484413146973,0.3751833736896515,-0.05643537640571594,0.6426112055778503,0.3417019248008728,-0.0712217167019844,0.6586099863052368,0.3105385899543762,-0.08180299401283264,0.618747889995575,0.45274555683135986,-0.030840029940009117,0.6409415602684021,0.4388144612312317,-0.061000991612672806,0.625257670879364,0.4808903932571411,-0.06775438785552979,0.6088995337486267,0.49953627586364746,-0.06658072769641876,0.6340938210487366,0.4738282263278961,-0.029845846816897392,0.6535825133323669,0.46300894021987915,-0.05504424124956131,0.6363627910614014,0.49824059009552,-0.048178598284721375,0.6193341016769409,0.5111348628997803,-0.03801693394780159,0.6431639790534973,0.4976837635040283,-0.03169122710824013,0.6590046882629395,0.48871713876724243,-0.047607310116291046,0.6446444392204285,0.5116064548492432,-0.041486892849206924,0.6287596821784973,0.5200963020324707,-0.033105798065662384,1
0.5859148502349854,0.5714133381843567,-2.8443693622648425e-08,0.5692964792251587,0.5514218807220459,-0.023168398067355156,0.5626181364059448,0.5195702314376831,-0.03980162367224693,0.5823356509208679,0.5045281648635864,-0.05495738238096237,0.6056395769119263,0.4966999590396881,-0.06915277242660522,0.5753485560417175,0.43620920181274414,-0.029661916196346283,0.5753836035728455,0.3687465488910675,-0.05143306031823158,0.5770543217658997,0.33003324270248413,-0.06506194919347763,0.5792781114578247,0.2948278784751892,-0.0747869536280632,0.6014035940170288,0.44646769762039185,-0.03048349916934967,0.6160292625427246,0.4238075315952301,-0.06200084090232849,0.6053659915924072,0.47134894132614136,-0.06799286603927612,0.5947329998016357,0.4961995482444763,-0.06517540663480759,0.6211732625961304,0.4666179120540619,-0.033657096326351166,0.6330779194831848,0.45192813873291016,-0.06056566908955574,0.6174153089523315,0.4946143925189972,-0.05282934010028839,0.6058468222618103,0.5127688050270081,-0.04143244028091431,0.6360223293304443,0.49287188053131104,-0.0391513928771019,0.6414265036582947,0.4881742596626282,-0.05641637369990349,0.6260757446289062,0.5180063247680664,-0.049892209470272064,0.6149775385856628,0.529434084892273,-0.04107658937573433,1
0.5708631873130798,0.5516661405563354,3.574972993192205e-07,0.5474377274513245,0.5343072414398193,-0.016280168667435646,0.5301952958106995,0.5050991177558899,-0.02860584482550621,0.5444287657737732,0.4814299941062927,-0.04161159694194794,0.5679033398628235,0.4639660716056824,-0.05407511070370674,0.5270594954490662,0.4270155727863312,-0.022279970347881317,0.504153311252594,0.37695348262786865,-0.03981749713420868,0.4904034435749054,0.3465076982975006,-0.049050480127334595,0.4804072380065918,0.3193802833557129,-0.05432157218456268,0.553351104259491,0.41709470748901367,-0.02700723707675934,0.549073338508606,0.347490131855011,-0.04370790347456932,0.5468076467514038,0.30563387274742126,-0.05232724919915199,0.5462715029716492,0.26896172761917114,-0.0557824932038784,0.5781271457672119,0.42838171124458313,-0.03341163322329521,0.5798272490501404,0.4049566686153412,-0.05552879720926285,0.5705788731575012,0.44199812412261963,-0.05897760018706322,0.565642774105072,0.46789824962615967,-0.055018000304698944,0.5990633368492126,0.451180100440979,-0.04106394946575165,0.5904137492179871,0.459037721157074,-0.05728161334991455,0.575974702835083,0.4871216118335724,-0.057520076632499695,0.5673915147781372,0.5049301385879517,-0.053784336894750595,2
0.45798563957214355,0.7563687562942505,3.6595500318981067e-07,0.4266888201236725,0.743314802646637,-0.009636892937123775,0.3979041278362274,0.7240239381790161,-0.02017797902226448,0.3896768391132355,0.7147225737571716,-0.032901111990213394,0.4019419252872467,0.7116000056266785,-0.045505158603191376,0.40050169825553894,0.6365117430686951,-0.018809694796800613,0.37332212924957275,0.5880978107452393,-0.0331541933119297,0.35648438334465027,0.5583188533782959,-0.04069557413458824,0.3440781235694885,0.5316194891929626,-0.045665889978408813,0.4287402331829071,0.6296769380569458,-0.026260191574692726,0.41936641931533813,0.5815941095352173,-0.04081464931368828,0.4144245386123657,0.5467973351478577,-0.0488741397857666,0.41115283966064453,0.5155627131462097,-0.05269031971693039,0.45378416776657104,0.6426268219947815,-0.03456798568367958,0.4313400983810425,0.656280517578125,-0.05150376260280609,0.4188019931316376,0.6900742053985596,-0.05461324751377106,0.41432398557662964,0.7116449475288391,-0.05221889913082123,0.47171953320503235,0.669464111328125,-0.04388881102204323,0.44729310274124146,0.697333574295044,-0.055010877549648285,0.4324773848056793,0.7203242182731628,-0.054129019379615784,0.42583757638931274,0.7344905734062195,-0.05078842118382454,2
0.46542811393737793,0.7752452492713928,1.6726733065297594e-07,0.4860595762729645,0.7164691090583801,-0.0028954187873750925,0.47426795959472656,0.6532834768295288,-0.004618840757757425,0.450968474149704,0.616542398929596,-0.004694927949458361,0.4259550869464874,0.6097438931465149,-0.005105599761009216,0.4618512988090515,0.635527491569519,-0.016793327406048775,0.4480970799922943,0.5622382164001465,-0.02080552838742733,0.4416460394859314,0.5204552412033081,-0.02146422117948532,0.4342893064022064,0.4871424436569214,-0.02206808142364025,0.43114912509918213,0.6478663682937622,-0.01668950542807579,0.41122910380363464,0.5849288702011108,-0.022237109020352364,0.4215783476829529,0.5991644859313965,-0.019097639247775078,0.4312180280685425,0.6235159635543823,-0.014876379631459713,0.40669548511505127,0.6657654047012329,-0.015055897645652294,0.39340099692344666,0.6123560070991516,-0.015411202795803547,0.40494298934936523,0.6227630972862244,-0.007550261914730072,0.4122627377510071,0.6427856683731079,-0.0021558364387601614,0.3890403211116791,0.6831286549568176,-0.01362566463649273,0.38592657446861267,0.6408863067626953,-0.010939959436655045,0.3965495824813843,0.6507681608200073,-0.0032516082283109426,0.40184980630874634,0.6685442924499512,0.0025417483411729336,1
0.29744282364845276,0.705689013004303,1.1558649504195273e-07,0.3034432530403137,0.6224320530891418,-0.0013856966979801655,0.28646183013916016,0.5613489151000977,-0.0017028433503583074,0.25642040371894836,0.5352234840393066,-0.00011541535786818713,0.23346002399921417,0.5501611828804016,0.0015793759375810623,0.22482480108737946,0.5680643916130066,-0.02109740860760212,0.19157664477825165,0.4935559332370758,-0.02442776970565319,0.16974198818206787,0.45486289262771606,-0.02636762149631977,0.14859984815120697,0.426888108253479,-0.02900814637541771,0.1983761191368103,0.6003190279006958,-0.019981026649475098,0.1972755640745163,0.5461055040359497,-0.019184693694114685,0.21710339188575745,0.55147385597229,-0.014552056789398193,0.231342151761055,0.5693098306655884,-0.013212146237492561,0.18834280967712402,0.6301955580711365,-0.016529615968465805,0.19382129609584808,0.5807445049285889,-0.010954015888273716,0.21111035346984863,0.5847588777542114,-0.0015970884123817086,0.224168598651886,0.6011021733283997,0.001380933914333582,0.1848050057888031,0.6553494334220886,-0.013634364120662212,0.18988800048828125,0.6133396625518799,-0.008218372240662575,0.2055007964372635,0.6161655187606812,-0.00035658705746755004,0.21630631387233734,0.6293811202049255,0.004413425922393799,1
0.31463176012039185,0.6842381954193115,5.535385980692809e-07,0.32157450914382935,0.6116045117378235,-0.004709737841039896,0.31101110577583313,0.5610060691833496,-0.006661189254373312,0.29143857955932617,0.5463207960128784,-0.007727572228759527,0.2751573622226715,0.5550857186317444,-0.008302525617182255,0.24803636968135834,0.5457220077514648,-0.01634349673986435,0.2172093689441681,0.4728374481201172,-0.024275902658700943,0.19858230650424957,0.4343182146549225,-0.028650453314185143,0.18035583198070526,0.40553784370422363,-0.029632437974214554,0.22154219448566437,0.575100839138031,-0.016028178855776787,0.18191313743591309,0.5079246759414673,-0.020087338984012604,0.15641510486602783,0.46902284026145935,-0.02203875593841076,0.13517969846725464,0.4444487392902374,-0.02234470285475254,0.20798583328723907,0.6074380874633789,-0.01454522367566824,0.20508548617362976,0.5600635409355164,-0.01714545488357544,0.22359856963157654,0.5601537227630615,-0.015731358900666237,0.23879490792751312,0.5732743740081787,-0.011462394148111343,0.20347490906715393,0.6364436745643616,-0.013567769899964333,0.20660042762756348,0.5978781580924988,-0.010746173560619354,0.22180773317813873,0.596500039100647,-0.0037747235037386417,0.23529522120952606,0.6068357825279236,0.0037028416991233826,2
0.5056132674217224,0.6170399188995361,1.7997454904161714e-07,0.48561277985572815,0.5994799137115479,-0.009586372412741184,0.4713517427444458,0.5731980800628662,-0.014526518061757088,0.47968563437461853,0.5620534420013428,-0.018733778968453407,0.4969116449356079,0.553917407989502,-0.02356468141078949,0.4750490188598633,0.50803542137146,-0.01168997585773468,0.46157658100128174,0.4634943902492523,-0.018349912017583847,0.4545944631099701,0.43542739748954773,-0.02227894775569439,0.44947654008865356,0.4093810021877289,-0.02625199779868126,0.49504992365837097,0.5021853446960449,-0.016950856894254684,0.4916362166404724,0.450176477432251,-0.023136066272854805,0.49229151010513306,0.41681668162345886,-0.02873174101114273,0.49414750933647156,0.3885233998298645,-0.033008698374032974,0.5128493309020996,0.5126060843467712,-0.023682398721575737,0.5192028284072876,0.4763023853302002,-0.03614773973822594,0.5250245928764343,0.4476809501647949,-0.04767725616693497,0.5313407182693481,0.42196041345596313,-0.05576619878411293,0.5279878377914429,0.53423011302948,-0.03070940636098385,0.5169962644577026,0.5312728881835938,-0.0455867238342762,0.5061537027359009,0.5514050722122192,-0.050811249762773514,0.49951210618019104,0.5702922344207764,-0.05406833067536354,3
0.6040463447570801,0.4309515953063965,2.068848345970764e-07,0.597638726234436,0.4103693664073944,-0.01831050217151642,0.5994143486022949,0.3758818507194519,-0.02261955291032791,0.6179075837135315,0.34624192118644714,-0.024081923067569733,0.6309057474136353,0.32754895091056824,-0.02488234080374241,0.5786432027816772,0.3285144865512848,-0.008542526513338089,0.5697786808013916,0.28376513719558716,-0.01417162362486124,0.5668584704399109,0.25576549768447876,-0.019537027925252914,0.5639491081237793,0.23180410265922546,-0.023726291954517365,0.5944084525108337,0.32137230038642883,-0.006402806844562292,0.5946187973022461,0.2707306742668152,-0.01047541480511427,0.5972867608070374,0.23990002274513245,-0.01625329814851284,0.5982768535614014,0.2134752869606018,-0.020218441262841225,0.608565092086792,0.32637855410575867,-0.006894865073263645,0.6184114813804626,0.2833930253982544,-0.015999119728803635,0.6248853206634521,0.25634765625,-0.02599519118666649,0.6286060214042664,0.23067587614059448,-0.03274727240204811,0.6216021180152893,0.3418184220790863,-0.008893387392163277,0.6295743584632874,0.3213658332824707,-0.019009534269571304,0.627938985824585,0.33481356501579285,-0.021889563649892807,0.6255237460136414,0.34984439611434937,-0.023384656757116318,3
0.5967729687690735,0.3501070439815521,2.98898839901085e-07,0.5836026072502136,0.32350674271583557,-0.01905984617769718,0.5801485776901245,0.2887604236602783,-0.02320186421275139,0.5931646823883057,0.2560853958129883,-0.025278879329562187,0.5989118218421936,0.23223328590393066,-0.025611085817217827,0.5535249710083008,0.25429385900497437,-0.008745172992348671,0.5361456871032715,0.21332679688930511,-0.018032874912023544,0.5270211100578308,0.18670791387557983,-0.023059360682964325,0.5198414921760559,0.16491469740867615,-0.024652527645230293,0.5697467923164368,0.2481926828622818,-0.005808026064187288,0.5635553598403931,0.19657418131828308,-0.01509912684559822,0.5614381432533264,0.16515326499938965,-0.020004156976938248,0.5605109333992004,0.14063332974910736,-0.02034120447933674,0.5857726335525513,0.2529410123825073,-0.00614547124132514,0.5953881144523621,0.23387987911701202,-0.023490309715270996,0.5952221751213074,0.2579759657382965,-0.029823387041687965,0.5915428996086121,0.2708885073661804,-0.02759500779211521,0.6007746458053589,0.2636544704437256,-0.00780124869197607,0.6086803674697876,0.24566130340099335,-0.019554780796170235,0.6063058972358704,0.26273611187934875,-0.020844124257564545,0.6011054515838623,0.2756040394306183,-0.018262840807437897,2
0.6287708878517151,0.3635351061820984,3.300766309166647e-07,0.627415657043457,0.3360248804092407,-0.01857934147119522,0.6389103531837463,0.3072105944156647,-0.0240995641797781,0.6639875173568726,0.2914302945137024,-0.02798604965209961,0.6797941327095032,0.2797696590423584,-0.030347274616360664,0.636638879776001,0.25382980704307556,-0.008593747392296791,0.6435470581054688,0.20773279666900635,-0.01675417274236679,0.649531900882721,0.1800316572189331,-0.02187427319586277,0.6541823148727417,0.15760299563407898,-0.024149740114808083,0.6535821557044983,0.2613341212272644,-0.005575229879468679,0.6724385619163513,0.2175474762916565,-0.013719353824853897,0.6869473457336426,0.19249528646469116,-0.019166424870491028,0.6980913281440735,0.17346909642219543,-0.02059391885995865,0.6644527912139893,0.2781734764575958,-0.005328798666596413,0.6804819107055664,0.26654163002967834,-0.020381592214107513,0.6737996935844421,0.2854916751384735,-0.02566334791481495,0.66651850938797,0.2971941828727722,-0.02354244515299797,0.6705235838890076,0.29875463247299194,-0.006400323938578367,0.6845738887786865,0.2884279191493988,-0.016726888716220856,0.678690493106842,0.30048829317092896,-0.016944894567131996,0.6705862283706665,0.3097538352012634,-0.013746485114097595,2
0.6260258555412292,0.36246493458747864,1.0271073591638924e-07,0.6343677043914795,0.3271702229976654,-0.018053678795695305,0.6522029042243958,0.3009999990463257,-0.021504295989871025,0.6789096593856812,0.2886391580104828,-0.02323225699365139,0.698053777217865,0.2843397557735443,-0.023234590888023376,0.6576550602912903,0.25065478682518005,0.0025257859379053116,0.6755154728889465,0.22228442132472992,-0.0047573125921189785,0.6891322731971741,0.20345784723758698,-0.011314510367810726,0.7013081908226013,0.19090920686721802,-0.015528472140431404,0.6686022281646729,0.2725468873977661,0.0067939916625618935,0.6957893967628479,0.25937652587890625,-0.009513713419437408,0.6865534782409668,0.2717602550983429,-0.017390133813023567,0.6720495223999023,0.2854233682155609,-0.016214603558182716,0.6762399077415466,0.2969290316104889,0.008123938925564289,0.6940131187438965,0.291932612657547,-0.007318852469325066,0.6795584559440613,0.3054681420326233,-0.00944229494780302,0.6661574840545654,0.3121647536754608,-0.004506440833210945,0.6754189729690552,0.32060039043426514,0.007743728347122669,0.6914722919464111,0.31378066539764404,-0.0007922595832496881,0.6789630055427551,0.3232332468032837,0.00030554263503290713,0.6660973429679871,0.3280201554298401,0.004884025547653437,1
0.6208752989768982,0.3119717240333557,1.1227565543947549e-08,0.6162934899330139,0.3049587607383728,-0.02311442419886589,0.6135444045066833,0.28505074977874756,-0.035199522972106934,0.6240313053131104,0.257831871509552,-0.04459882155060768,0.6332098841667175,0.2333064079284668,-0.05184437707066536,0.5820362567901611,0.23336665332317352,-0.023856591433286667,0.5653741359710693,0.19076864421367645,-0.04036858305335045,0.558905303478241,0.1600220650434494,-0.05112150311470032,0.5534038543701172,0.13437634706497192,-0.05812117084860802,0.596019983291626,0.22313030064105988,-0.019566310569643974,0.615309476852417,0.2079882174730301,-0.04246733710169792,0.6244069337844849,0.23461762070655823,-0.048065491020679474,0.6200259923934937,0.25455787777900696,-0.0471477173268795,0.6108611822128296,0.22092044353485107,-0.017681287601590157,0.6292253732681274,0.21113848686218262,-0.03852815926074982,0.6339029669761658,0.2383039891719818,-0.035281069576740265,0.6270029544830322,0.2552623450756073,-0.028059113770723343,0.6239439845085144,0.2264302372932434,-0.017972588539123535,0.6394960284233093,0.2162747085094452,-0.03134689852595329,0.6415537595748901,0.23607896268367767,-0.028303634375333786,0.6343194842338562,0.25174689292907715,-0.022532125934958458,1
0.3146175742149353,0.42297157645225525,5.443690724860062e-07,0.27479615807533264,0.419135183095932,-0.013263512402772903,0.23724131286144257,0.40113896131515503,-0.026276173070073128,0.22154304385185242,0.3750869035720825,-0.041008785367012024,0.2372300624847412,0.3514745831489563,-0.05503704771399498,0.22837503254413605,0.30470195412635803,-0.02302316017448902,0.20036353170871735,0.24241015315055847,-0.0404869019985199,0.18241915106773376,0.20427541434764862,-0.05025633051991463,0.16942785680294037,0.17155404388904572,-0.05703391134738922,0.25457656383514404,0.2919858694076538,-0.030612032860517502,0.23294280469417572,0.21724480390548706,-0.05111829563975334,0.2216438502073288,0.16857196390628815,-0.06358642876148224,0.21391330659389496,0.12774184346199036,-0.07015205919742584,0.2823020815849304,0.29685989022254944,-0.039024628698825836,0.2540372908115387,0.2823656499385834,-0.06472432613372803,0.24468259513378143,0.32467490434646606,-0.06979382783174515,0.24301855266094208,0.3578200340270996,-0.06679869443178177,0.3046092391014099,0.3159099519252777,-0.04822414740920067,0.2759430706501007,0.32639485597610474,-0.06715075671672821,0.2643336355686188,0.35856515169143677,-0.0681816041469574,0.2604004740715027,0.3826291263103485,-0.06493523716926575,2
0.39918625354766846,0.3953803479671478,2.6354825877206167e-07,0.36930444836616516,0.38095611333847046,-0.01506047137081623,0.34414035081863403,0.3579863905906677,-0.025183381512761116,0.34840402007102966,0.3331001400947571,-0.03391586244106293,0.3670715391635895,0.30718719959259033,-0.04357022047042847,0.3407559394836426,0.2729795277118683,-0.02271818183362484,0.31563520431518555,0.21539652347564697,-0.03491296246647835,0.30264371633529663,0.17946046590805054,-0.04208292067050934,0.2921380400657654,0.14619658887386322,-0.04825986549258232,0.36483535170555115,0.2622726261615753,-0.029195189476013184,0.34820789098739624,0.19088557362556458,-0.04079250246286392,0.33765068650245667,0.1445329338312149,-0.05000246688723564,0.32938456535339355,0.10613089799880981,-0.05675395205616951,0.38810527324676514,0.2708081603050232,-0.037437837570905685,0.38256245851516724,0.21720069646835327,-0.05723866447806358,0.3748592436313629,0.1767212450504303,-0.0737939104437828,0.370358407497406,0.14011822640895844,-0.08493740856647491,0.40963754057884216,0.29300254583358765,-0.045851800590753555,0.3886146545410156,0.2820105254650116,-0.0682101920247078,0.37626349925994873,0.30811989307403564,-0.07555518299341202,0.3703286349773407,0.3332882523536682,-0.07975297421216965,3
0.4428676962852478,0.6599081754684448,4.2039624759127037e-07,0.45764830708503723,0.6026332974433899,-0.003165759379044175,0.44139397144317627,0.5558235049247742,-0.007619061507284641,0.41187483072280884,0.5404174327850342,-0.010451811365783215,0.3854645788669586,0.5419392585754395,-0.01488870196044445,0.44585877656936646,0.5460752844810486,-0.023933805525302887,0.43543097376823425,0.47804564237594604,-0.03138568997383118,0.42808854579925537,0.4406510889530182,-0.03424852341413498,0.4211629331111908,0.4120994806289673,-0.03549258038401604,0.41932597756385803,0.558434009552002,-0.026596590876579285,0.39627814292907715,0.48857617378234863,-0.03372989222407341,0.38129299879074097,0.44749557971954346,-0.03929438441991806,0.3696536421775818,0.41879189014434814,-0.043030012398958206,0.3951452672481537,0.5735856294631958,-0.027673618867993355,0.36640623211860657,0.5133286714553833,-0.036915123462677,0.35020381212234497,0.47216108441352844,-0.04866763949394226,0.3369174897670746,0.44487762451171875,-0.05692954733967781,0.3775235116481781,0.5878947973251343,-0.027348242700099945,0.37798362970352173,0.5442479848861694,-0.03570524975657463,0.39152204990386963,0.5364400744438171,-0.03934258967638016,0.40253588557243347,0.5391606688499451,-0.04159243404865265,3
0.328237384557724,0.46894747018814087,5.398245548349223e-07,0.3355507254600525,0.3997300863265991,-0.004461830481886864,0.3160911202430725,0.3504311442375183,-0.010122531093657017,0.2848548889160156,0.3317538797855377,-0.01341805886477232,0.2618926763534546,0.3271804749965668,-0.01874445751309395,0.2822113335132599,0.3198486566543579,-0.033602893352508545,0.25362738966941833,0.23796004056930542,-0.04531875625252724,0.23459213972091675,0.19298240542411804,-0.05108365789055824,0.21794535219669342,0.1588866114616394,-0.05344614014029503,0.25344401597976685,0.34879106283187866,-0.03458745777606964,0.21006858348846436,0.2724608778953552,-0.04408892244100571,0.1820368766784668,0.22621947526931763,-0.049036819487810135,0.15858682990074158,0.19261199235916138,-0.051775481551885605,0.23459336161613464,0.38004186749458313,-0.03299470245838165,0.19225960969924927,0.3249066472053528,-0.0397658534348011,0.1693803369998932,0.288512259721756,-0.046429332345724106,0.1533738076686859,0.26645949482917786,-0.05135352537035942,0.22716835141181946,0.40996748208999634,-0.030640961602330208,0.21325920522212982,0.3683818578720093,-0.034684643149375916,0.22374607622623444,0.35353654623031616,-0.03288206458091736,0.23719513416290283,0.3489048480987549,-0.03082594834268093,3
0.5658384561538696,0.5602239966392517,2.2332575611017091e-07,0.5902156829833984,0.5194408893585205,0.006204160396009684,0.597212553024292,0.46514809131622314,0.00534798763692379,0.5824670791625977,0.42922207713127136,0.0016239897813647985,0.562735915184021,0.41449278593063354,-0.0028073820285499096,0.6155064105987549,0.44281908869743347,-0.0027389617171138525,0.6201143264770508,0.3831270635128021,-0.011407030746340752,0.6259849667549133,0.34698471426963806,-0.01666310802102089,0.6304647922515869,0.3190574049949646,-0.01950167678296566,0.5983937382698059,0.43850409984588623,-0.01126709021627903,0.5936813950538635,0.3703649640083313,-0.019361669197678566,0.5925626754760742,0.3279493451118469,-0.02421531081199646,0.5919926166534424,0.29353684186935425,-0.027252957224845886,0.5775810480117798,0.441920667886734,-0.018705619499087334,0.5556760430335999,0.39348095655441284,-0.026258369907736778,0.5511258244514465,0.41398799419403076,-0.0242436733096838,0.5535455346107483,0.4329407215118408,-0.020366139709949493,0.5548416376113892,0.4499778151512146,-0.025843597948551178,0.537337601184845,0.41899117827415466,-0.029125267639756203,0.5351560115814209,0.4331214427947998,-0.024517130106687546,0.539079487323761,0.44690585136413574,-0.019633252173662186,2
0.5785073637962341,0.4757341742515564,1.8336693585752073e-07,0.5948413610458374,0.4389701783657074,0.009837949648499489,0.5988250970840454,0.3921270966529846,0.012964615598320961,0.5863859057426453,0.36141708493232727,0.013792942278087139,0.5704150199890137,0.34665513038635254,0.013096039183437824,0.6238418221473694,0.3651554584503174,0.0008473785128444433,0.6302028298377991,0.30504244565963745,-0.001526661915704608,0.6350931525230408,0.2709057927131653,-0.0017523354617878795,0.6385533809661865,0.24370655417442322,-0.001667735748924315,0.6133080124855042,0.3580491244792938,-0.007934743538498878,0.6137233376502991,0.2897675633430481,-0.009531141258776188,0.6118963956832886,0.24808914959430695,-0.010561232455074787,0.6112393736839294,0.21540598571300507,-0.010559464804828167,0.5969488620758057,0.35972657799720764,-0.015540558844804764,0.5792424082756042,0.29948025941848755,-0.020039904862642288,0.567086935043335,0.26329463720321655,-0.02778363972902298,0.5633336901664734,0.23610630631446838,-0.0332726426422596,0.5758641362190247,0.3689121901988983,-0.02172807976603508,0.5510765314102173,0.3515189290046692,-0.02717304788529873,0.5433050394058228,0.3650677800178528,-0.029242485761642456,0.5439627766609192,0.38213109970092773,-0.03005891852080822,3
0.47486612200737,0.4376096725463867,3.161892152547807e-07,0.4514065980911255,0.4177313446998596,-0.025774234905838966,0.4404818117618561,0.3845869302749634,-0.03880288824439049,0.46575409173965454,0.36166462302207947,-0.04771040007472038,0.49589481949806213,0.3462742865085602,-0.05679125711321831,0.44052132964134216,0.30225199460983276,-0.030913271009922028,0.43088915944099426,0.23704177141189575,-0.044248130172491074,0.4265606105327606,0.19679562747478485,-0.05305810272693634,0.4230833649635315,0.1604491025209427,-0.06038655340671539,0.4668184518814087,0.2960691750049591,-0.031027214601635933,0.4667568802833557,0.22586585581302643,-0.0415596067905426,0.46879521012306213,0.18152926862239838,-0.05107034370303154,0.4705318212509155,0.14296208322048187,-0.05845406651496887,0.4886023998260498,0.31031349301338196,-0.03347368165850639,0.5044216513633728,0.26432299613952637,-0.05092561990022659,0.5175854563713074,0.2268103063106537,-0.06659574061632156,0.5297123193740845,0.19275537133216858,-0.0777842327952385,0.5064170956611633,0.3375009000301361,-0.03738250955939293,0.5025708675384521,0.3302968144416809,-0.057463280856609344,0.492614209651947,0.35295265913009644,-0.06449834257364273,0.48552900552749634,0.37355318665504456,-0.06888533383607864,3
0.6133590340614319,0.4497087895870209,2.4450392288599687e-07,0.614345371723175,0.42695674300193787,-0.025393104180693626,0.631424605846405,0.3968263268470764,-0.03208303824067116,0.6640899181365967,0.38795530796051025,-0.034471429884433746,0.6898511648178101,0.38634297251701355,-0.03601665422320366,0.6421300768852234,0.3279173970222473,-0.015863995999097824,0.6582987904548645,0.2774414122104645,-0.023089272901415825,0.6698388457298279,0.24830301105976105,-0.029561052098870277,0.6801437735557556,0.22275184094905853,-0.03465894237160683,0.6609423756599426,0.3363514840602875,-0.011980928480625153,0.6846931576728821,0.28638002276420593,-0.016552526503801346,0.7025653719902039,0.2582986354827881,-0.02353755012154579,0.7174502015113831,0.23387950658798218,-0.028905099257826805,0.6715591549873352,0.3556748926639557,-0.011253259144723415,0.7025278210639954,0.3279046416282654,-0.022060628980398178,0.7246422171592712,0.31078413128852844,-0.03448394685983658,0.7429648041725159,0.29205965995788574,-0.0432349368929863,0.6753156781196594,0.38405656814575195,-0.012551077641546726,0.692542314529419,0.37344178557395935,-0.024800118058919907,0.6855307817459106,0.3868483006954193,-0.028403231874108315,0.6760810017585754,0.401215523481369,-0.030524207279086113,3
0.6107905507087708,0.4365088641643524,5.28800079280245e-08,0.6123552918434143,0.4034648537635803,-0.027210697531700134,0.6249769330024719,0.3676074147224426,-0.03568985313177109,0.6491385102272034,0.34629198908805847,-0.04109576344490051,0.6709346771240234,0.33685749769210815,-0.04422608017921448,0.622491717338562,0.30615898966789246,-0.014072831720113754,0.6329725980758667,0.25365149974823,-0.027533533051609993,0.6442066431045532,0.22211474180221558,-0.03614949434995651,0.6539705395698547,0.19718152284622192,-0.04121880605816841,0.6416130661964417,0.3209628760814667,-0.00794361811131239,0.667649507522583,0.30200082063674927,-0.03009919822216034,0.6609413027763367,0.33026453852653503,-0.037312641739845276,0.6480104923248291,0.34670257568359375,-0.0355411022901535,0.6564308404922485,0.3382650315761566,-0.005351031199097633,0.6769080758094788,0.32613810896873474,-0.02769385278224945,0.6652508974075317,0.3528081774711609,-0.028292695060372353,0.6508880257606506,0.3622974157333374,-0.021506084129214287,0.6645386815071106,0.3591477572917938,-0.005074415821582079,0.6835687160491943,0.34430763125419617,-0.017454948276281357,0.6758262515068054,0.3621702790260315,-0.01442848052829504,0.6619250178337097,0.3720160722732544,-0.008055686950683594,1
0.597835898399353,0.4380794167518616,6.414089881445761e-08,0.5938960313796997,0.4015209972858429,-0.02110913395881653,0.6018908619880676,0.3623478412628174,-0.029315423220396042,0.62591552734375,0.337509423494339,-0.03638773784041405,0.645952582359314,0.3234364688396454,-0.041723210364580154,0.6021944880485535,0.3047187328338623,-0.003156553255394101,0.611991822719574,0.26517176628112793,-0.01462766993790865,0.6246814131736755,0.24249082803726196,-0.022019952535629272,0.6351418495178223,0.23424281179904938,-0.025576593354344368,0.6216629147529602,0.32101649045944214,0.0008774511516094208,0.6447667479515076,0.29974719882011414,-0.01921110600233078,0.6365422010421753,0.3297410309314728,-0.02515985257923603,0.6248643398284912,0.35102319717407227,-0.021801194176077843,0.6380443572998047,0.3399113714694977,0.0014518004609271884,0.6552248001098633,0.3245857357978821,-0.01825478859245777,0.6437737345695496,0.35103270411491394,-0.017375292256474495,0.6307287216186523,0.3669811189174652,-0.009656403213739395,0.6479058265686035,0.36224669218063354,0.00020152711658738554,0.6622737646102905,0.34526219964027405,-0.011682048439979553,0.652590811252594,0.3628879189491272,-0.008632738143205643,0.6403881311416626,0.37493234872817993,-0.0017808399861678481,1
0.5758358240127563,0.43400195240974426,2.9039341598036117e-07,0.5622045397758484,0.4020547568798065,-0.014155139215290546,0.5675309300422668,0.36617305874824524,-0.02087334357202053,0.5953966379165649,0.3477875888347626,-0.028187185525894165,0.6172001957893372,0.3404804468154907,-0.03475293517112732,0.572038471698761,0.3069643974304199,-0.0052812304347753525,0.5708284378051758,0.26251405477523804,-0.015735261142253876,0.5743130445480347,0.23665592074394226,-0.023297574371099472,0.5791451930999756,0.21828097105026245,-0.028026865795254707,0.5940796732902527,0.31131651997566223,-0.0076364073902368546,0.6046504974365234,0.25958168506622314,-0.018456002697348595,0.6141347885131836,0.23001563549041748,-0.026607822626829147,0.6234581470489502,0.20837929844856262,-0.030854543671011925,0.6103036403656006,0.3304748833179474,-0.012422866187989712,0.6272631883621216,0.3028958737850189,-0.029422126710414886,0.6156874895095825,0.32733288407325745,-0.03310190513730049,0.6057511568069458,0.34707802534103394,-0.03074665553867817,0.6210797429084778,0.35800740122795105,-0.018354441970586777,0.6282439827919006,0.34185150265693665,-0.031530946493148804,0.6176424026489258,0.3584996163845062,-0.03111615590751171,0.6087421178817749,0.372791051864624,-0.027656536549329758,2
0.5487138032913208,0.3281589448451996,2.610511558032158e-07,0.5256799459457397,0.2996200621128082,-0.01600014418363571,0.522445797920227,0.25657081604003906,-0.021984154358506203,0.5501765608787537,0.22775568068027496,-0.027946362271904945,0.5743833780288696,0.2130414992570877,-0.033347174525260925,0.5196531414985657,0.19060038030147552,-0.003279108088463545,0.5133886933326721,0.14736706018447876,-0.012165435589849949,0.5118511915206909,0.12089643627405167,-0.019470088183879852,0.5106619000434875,0.10104762017726898,-0.02465718798339367,0.5442183017730713,0.19039329886436462,-0.004785820376127958,0.5491774082183838,0.13775654137134552,-0.01444286573678255,0.5519806742668152,0.10836225003004074,-0.022624963894486427,0.5542012453079224,0.08609235286712646,-0.02721882425248623,0.5647062063217163,0.20618104934692383,-0.009155615232884884,0.5772385597229004,0.16941729187965393,-0.027499664574861526,0.5690904855728149,0.1941203474998474,-0.03422354534268379,0.5621741414070129,0.21400608122348785,-0.03418600559234619,0.581291675567627,0.23208940029144287,-0.014542192220687866,0.582889199256897,0.21438650786876678,-0.031036371365189552,0.5715826749801636,0.23717215657234192,-0.03353221341967583,0.5630012154579163,0.2552569508552551,-0.03208048269152641,2
0.5355721712112427,0.3389548063278198,1.9258614258887974e-07,0.5151489973068237,0.3153146505355835,-0.01630769483745098,0.5103378891944885,0.27254199981689453,-0.01946227252483368,0.5383433699607849,0.24658097326755524,-0.021194670349359512,0.5624221563339233,0.2366413027048111,-0.023134004324674606,0.501014232635498,0.20893119275569916,-0.0034027574583888054,0.4907122850418091,0.16194948554039001,-0.009085659869015217,0.48963749408721924,0.13438481092453003,-0.015726488083600998,0.4906511604785919,0.11188966035842896,-0.021392712369561195,0.5234291553497314,0.20394805073738098,-0.004054618533700705,0.5186347961425781,0.1548893004655838,-0.006812134757637978,0.5196223855018616,0.12423534691333771,-0.013508619740605354,0.5227833390235901,0.1008184552192688,-0.01926853507757187,0.5439304113388062,0.21325136721134186,-0.007814912125468254,0.5506142973899841,0.17237289249897003,-0.016822272911667824,0.5544400215148926,0.14780952036380768,-0.02805316261947155,0.5593045949935913,0.12631666660308838,-0.03647817298769951,0.5624262094497681,0.2331884801387787,-0.013184651732444763,0.5611176490783691,0.21342577040195465,-0.02561873011291027,0.5549919605255127,0.23249183595180511,-0.029649440199136734,0.5518463850021362,0.2512466609477997,-0.03217480704188347,3
0.4459418058395386,0.33198535442352295,9.928352540100605e-08,0.41245830059051514,0.3176952004432678,-0.01023094356060028,0.3864622712135315,0.2811886668205261,-0.014301253482699394,0.3973355293273926,0.2469608038663864,-0.018300075083971024,0.4196659326553345,0.22477224469184875,-0.023595819249749184,0.3872273862361908,0.20040398836135864,-0.003953288774937391,0.37265509366989136,0.15024015307426453,-0.011125718243420124,0.36061206459999084,0.12309497594833374,-0.0183681882917881,0.34686926007270813,0.10307728499174118,-0.024925250560045242,0.4098386764526367,0.1926117092370987,-0.009897646494209766,0.3987079858779907,0.13178116083145142,-0.017779670655727386,0.38267388939857483,0.10291866958141327,-0.026994889602065086,0.3658406436443329,0.08406113088130951,-0.03371636942028999,0.4327285885810852,0.19840668141841888,-0.017867987975478172,0.4267917573451996,0.14325153827667236,-0.03402294963598251,0.41229578852653503,0.12239830940961838,-0.04693521186709404,0.4001058340072632,0.10796502977609634,-0.0550190806388855,0.45413416624069214,0.21705257892608643,-0.026115968823432922,0.4321196675300598,0.1941860169172287,-0.04505357891321182,0.4242822229862213,0.22312161326408386,-0.049352433532476425,0.4247264266014099,0.25300881266593933,-0.050804220139980316,3
0.3615207076072693,0.4502052068710327,2.6833049560082145e-07,0.3722054362297058,0.3902676999568939,0.007519536651670933,0.3608935475349426,0.336806058883667,0.0050565144047141075,0.34216567873954773,0.30109140276908875,0.002410020912066102,0.3228931427001953,0.2809031903743744,-0.0014972563367336988,0.35952216386795044,0.31075528264045715,-0.01960137113928795,0.33181315660476685,0.23977015912532806,-0.02967994660139084,0.30913999676704407,0.2071150243282318,-0.032917942851781845,0.29005613923072815,0.1892763376235962,-0.0327567420899868,0.3351888656616211,0.3311980366706848,-0.027267098426818848,0.297400563955307,0.2520848512649536,-0.036032747477293015,0.27199387550354004,0.2165146917104721,-0.03691256791353226,0.25284433364868164,0.19553634524345398,-0.036129988729953766,0.3097459673881531,0.3549531102180481,-0.03261386975646019,0.2698623836040497,0.29032158851623535,-0.03894500434398651,0.24963225424289703,0.25888508558273315,-0.038948945701122284,0.23579715192317963,0.24051378667354584,-0.03823758289217949,0.2883341908454895,0.3788513243198395,-0.03638172894716263,0.2768850028514862,0.32603952288627625,-0.03797472268342972,0.2820820212364197,0.31309956312179565,-0.032234903424978256,0.28866520524024963,0.30825960636138916,-0.027155915275216103,3
0.35241439938545227,0.4658193290233612,7.067020391104961e-08,0.36853718757629395,0.40024784207344055,0.014199960045516491,0.36019834876060486,0.34956178069114685,0.019493890926241875,0.3430837392807007,0.3130796551704407,0.022292569279670715,0.32414576411247253,0.302007794380188,0.024527067318558693,0.3468896746635437,0.31110715866088867,0.0076857698149979115,0.3324394226074219,0.25114428997039795,0.011263174004852772,0.32311710715293884,0.22339603304862976,0.01495447289198637,0.3159048855304718,0.2061954140663147,0.017666511237621307,0.3167880177497864,0.32269883155822754,0.0014294403372332454,0.2944067716598511,0.27718043327331543,0.007935740053653717,0.30069589614868164,0.2925337851047516,0.014733411371707916,0.3113729953765869,0.3115573823451996,0.019810574129223824,0.29417988657951355,0.3450995981693268,-0.002630904084071517,0.28694120049476624,0.3191271424293518,0.007453189231455326,0.2953026592731476,0.33324986696243286,0.01495894230902195,0.30238983035087585,0.3495520055294037,0.01802418939769268,0.27699917554855347,0.37050795555114746,-0.005865183658897877,0.27921515703201294,0.3546571731567383,0.005445935297757387,0.2873794138431549,0.36739790439605713,0.014314001426100731,0.29322490096092224,0.38069918751716614,0.020253492519259453,1
0.344049334526062,0.4599452316761017,-2.0429574476565904e-07,0.2931242883205414,0.4277399778366089,-0.000853543053381145,0.26754406094551086,0.39132875204086304,-0.01307590026408434,0.24544969201087952,0.3620414733886719,-0.02839699015021324,0.23022030293941498,0.3462335467338562,-0.04262170568108559,0.314157634973526,0.2990422248840332,-0.008454923518002033,0.30259260535240173,0.23715603351593018,-0.028682056814432144,0.27858856320381165,0.21491482853889465,-0.03942804038524628,0.25759461522102356,0.20675340294837952,-0.045389726758003235,0.3227786421775818,0.30906832218170166,-0.018746625632047653,0.253770649433136,0.2989369332790375,-0.04024156183004379,0.2514561712741852,0.33979445695877075,-0.03819131851196289,0.2671584188938141,0.3556091785430908,-0.0333661325275898,0.3213931620121002,0.33120065927505493,-0.03093457594513893,0.25465071201324463,0.3367265462875366,-0.049127329140901566,0.2604396641254425,0.3723950684070587,-0.03681638836860657,0.27796563506126404,0.37977364659309387,-0.025934627279639244,0.3144940137863159,0.35851964354515076,-0.04409477114677429,0.26520222425460815,0.3684868812561035,-0.05606720596551895,0.2688226103782654,0.3955343961715698,-0.04882456362247467,0.283272922039032,0.4029468894004822,-0.04081137478351593,1
0.3513088822364807,0.43551284074783325,2.403572807452292e-07,0.35203877091407776,0.37901008129119873,0.011283882893621922,0.33682864904403687,0.33064937591552734,0.008662886917591095,0.31236404180526733,0.3098980188369751,0.0020521930418908596,0.2929823398590088,0.3106892704963684,-0.005477172788232565,0.3362502157688141,0.29435572028160095,-0.010718830861151218,0.31937187910079956,0.227595254778862,-0.024330928921699524,0.3016059100627899,0.19101698696613312,-0.030856098979711533,0.2838781177997589,0.16790413856506348,-0.03387259319424629,0.3226507902145386,0.30489063262939453,-0.023636307567358017,0.28589871525764465,0.23324054479599,-0.03864898905158043,0.254846453666687,0.19767597317695618,-0.04479150101542473,0.22888831794261932,0.17285321652889252,-0.04723719134926796,0.30615243315696716,0.3278036117553711,-0.0341353565454483,0.2541387677192688,0.30363622307777405,-0.04406701400876045,0.25858432054519653,0.3270747661590576,-0.03775836154818535,0.2719048857688904,0.33776751160621643,-0.030095074325799942,0.2892927825450897,0.35514888167381287,-0.043832842260599136,0.25099655985832214,0.3430007994174957,-0.046367399394512177,0.25757575035095215,0.357954740524292,-0.03692229464650154,0.27132782340049744,0.3632476329803467,-0.02794129028916359,2
0.5744905471801758,0.4675177335739136,3.231879759368894e-07,0.5793877840042114,0.44128385186195374,-0.02614821493625641,0.599509060382843,0.41802459955215454,-0.03135991469025612,0.6315338015556335,0.41405534744262695,-0.032807353883981705,0.6535720229148865,0.4065050184726715,-0.03149495646357536,0.6049497723579407,0.35232967138290405,-0.009904302656650543,0.6145064234733582,0.3057886064052582,-0.019864095374941826,0.6279114484786987,0.28175434470176697,-0.024981027469038963,0.641028642654419,0.2657421827316284,-0.026555053889751434,0.621544599533081,0.3622055947780609,-0.0032903144601732492,0.6435009241104126,0.3148474395275116,-0.014058719389140606,0.6622729897499084,0.29534101486206055,-0.019350478425621986,0.6793243885040283,0.28211352229118347,-0.01924578659236431,0.6309792995452881,0.3823069632053375,-0.0009324028505943716,0.6551631093025208,0.38607731461524963,-0.020794136449694633,0.6397629380226135,0.409621000289917,-0.026851003989577293,0.6271264553070068,0.4150296449661255,-0.023465421050786972,0.635410726070404,0.40636128187179565,-0.0005486211739480495,0.6540042161941528,0.413981169462204,-0.016940489411354065,0.6408998966217041,0.42778101563453674,-0.020924393087625504,0.6266322731971741,0.4272734224796295,-0.019200429320335388,2
0.5377034544944763,0.45714718103408813,3.1535100220025925e-07,0.5275747179985046,0.4311712384223938,-0.01814902015030384,0.5320044755935669,0.39903873205184937,-0.026811692863702774,0.5583917498588562,0.3762039244174957,-0.034866493195295334,0.5754906535148621,0.35865095257759094,-0.04176734387874603,0.5302669405937195,0.33645007014274597,-0.012498588301241398,0.5249006748199463,0.2854350805282593,-0.024797696620225906,0.5229178071022034,0.25324398279190063,-0.032684795558452606,0.5224207043647766,0.22635261714458466,-0.03731150180101395,0.5507088899612427,0.3372097313404083,-0.012825265526771545,0.558730959892273,0.2796683609485626,-0.02544858120381832,0.5668307542800903,0.24690790474414825,-0.033568114042282104,0.5743978023529053,0.21915976703166962,-0.037020280957221985,0.5659594535827637,0.35298606753349304,-0.015511863864958286,0.5803838968276978,0.32949355244636536,-0.03396022692322731,0.572725772857666,0.3557577133178711,-0.0371517539024353,0.5652421712875366,0.374870628118515,-0.03362923115491867,0.5762608051300049,0.3762970566749573,-0.019647231325507164,0.5834617614746094,0.3627047836780548,-0.03283437713980675,0.5745964050292969,0.38075152039527893,-0.031543027609586716,0.56634521484375,0.39484739303588867,-0.02705504558980465,2
0.518846869468689,0.3907221555709839,1.8656342604117526e-07,0.506538987159729,0.36467018723487854,-0.01497119851410389,0.5101385116577148,0.3267759084701538,-0.019495483487844467,0.5359508395195007,0.30274996161460876,-0.022697560489177704,0.554433286190033,0.28865689039230347,-0.025731664150953293,0.5011175274848938,0.26932016015052795,-0.005308260675519705,0.49740540981292725,0.22220204770565033,-0.011870144866406918,0.5012289881706238,0.1957663893699646,-0.018845442682504654,0.5069707036018372,0.17366784811019897,-0.02442280389368534,0.5204982161521912,0.2676929533481598,-0.005528811365365982,0.5209982395172119,0.21996068954467773,-0.009550062008202076,0.5268386602401733,0.19204546511173248,-0.016747059300541878,0.5339322090148926,0.1700631082057953,-0.022656310349702835,0.5376923680305481,0.27770403027534485,-0.008265894837677479,0.5479443669319153,0.2403860241174698,-0.01649078167974949,0.55620276927948,0.21765847504138947,-0.026390502229332924,0.5647732615470886,0.19784675538539886,-0.03400682285428047,0.5528615117073059,0.29608622193336487,-0.012469325214624405,0.5580019950866699,0.27632832527160645,-0.02279186062514782,0.5536142587661743,0.28699520230293274,-0.026404518634080887,0.551257848739624,0.29856887459754944,-0.028803415596485138,3
0.576758623123169,0.3969442546367645,2.1024055740781478e-07,0.5881288647651672,0.3713020980358124,0.0012391034979373217,0.6036673784255981,0.34409791231155396,0.0009645517566241324,0.624035656452179,0.34050995111465454,-0.0004133610345888883,0.6390599608421326,0.34144487977027893,-0.0019229721510782838,0.5937319397926331,0.30318260192871094,-0.00035828418913297355,0.6049941778182983,0.2624177038669586,-0.004158102907240391,0.6159970164299011,0.24175342917442322,-0.006972822826355696,0.6264674663543701,0.228354811668396,-0.009132161736488342,0.5989631414413452,0.31035879254341125,-0.006418710108846426,0.6137228012084961,0.2678886353969574,-0.011566703207790852,0.6309571862220764,0.2491534948348999,-0.015874220058321953,0.6461280584335327,0.23882612586021423,-0.018255367875099182,0.6042196154594421,0.32644256949424744,-0.012787357904016972,0.6303297877311707,0.297343909740448,-0.02119702845811844,0.6494333148002625,0.28392815589904785,-0.029422754421830177,0.6628162264823914,0.273316890001297,-0.03443390876054764,0.6101866960525513,0.3507443070411682,-0.01854422688484192,0.6330772042274475,0.34403130412101746,-0.026363322511315346,0.6370546221733093,0.3479801416397095,-0.029081083834171295,0.6358681917190552,0.3527188003063202,-0.030507413670420647,3
0.6465392112731934,0.3900001347064972,2.4967224021565926e-07,0.6519225239753723,0.3560750484466553,-0.011090022511780262,0.6673966646194458,0.3327938914299011,-0.01153500284999609,0.6905088424682617,0.3317434787750244,-0.011319397017359734,0.7054319977760315,0.3372238576412201,-0.010340382345020771,0.6717163324356079,0.30438923835754395,0.0026792995631694794,0.6838518381118774,0.2766928970813751,-0.0018813766073435545,0.6955776810646057,0.26358097791671753,-0.005111598409712315,0.705116868019104,0.255435049533844,-0.006065658293664455,0.682669997215271,0.3195497691631317,0.0044929529540240765,0.7026438117027283,0.29369035363197327,9.941901225829497e-05,0.7164687514305115,0.2813830077648163,-0.0032494268380105495,0.7273836135864258,0.2745400071144104,-0.0033444291912019253,0.688901424407959,0.33992716670036316,0.0037602316588163376,0.7003787755966187,0.3364633321762085,-0.007879809476435184,0.688369870185852,0.3458203077316284,-0.013708331622183323,0.6796117424964905,0.351918488740921,-0.012644737958908081,0.6905555725097656,0.3598814606666565,0.002415295923128724,0.6989099383354187,0.35447201132774353,-0.007663199678063393,0.6873319149017334,0.36017897725105286,-0.009995168074965477,0.677182137966156,0.3645435869693756,-0.008471624925732613,2
0.32863950729370117,0.426106333732605,4.473244530345255e-07,0.342497318983078,0.35840314626693726,0.007423814386129379,0.3325510621070862,0.29950571060180664,0.003211611183360219,0.3100290298461914,0.26292964816093445,-0.0032572373747825623,0.29377785325050354,0.2437826693058014,-0.010163534432649612,0.3258969187736511,0.26544857025146484,-0.02246398665010929,0.31424254179000854,0.18994951248168945,-0.038730788975954056,0.30592814087867737,0.14178259670734406,-0.04842853918671608,0.29707014560699463,0.10607200860977173,-0.05346229672431946,0.2961921989917755,0.27576908469200134,-0.030500486493110657,0.268198698759079,0.19583626091480255,-0.04315716028213501,0.2473917454481125,0.14195401966571808,-0.04954591765999794,0.22926974296569824,0.10466630756855011,-0.053874269127845764,0.2686089873313904,0.29774802923202515,-0.03516865894198418,0.24925896525382996,0.25154343247413635,-0.03766120970249176,0.2622748911380768,0.26617729663848877,-0.027898523956537247,0.2731372117996216,0.28558194637298584,-0.020033683627843857,0.24836954474449158,0.32391223311424255,-0.03994131088256836,0.24549204111099243,0.30398550629615784,-0.03704686090350151,0.2583249807357788,0.31473708152770996,-0.02674955502152443,0.26787886023521423,0.3266744017601013,-0.017514878883957863,2
0.5322257876396179,0.4676477015018463,1.295238405418786e-07,0.5484441518783569,0.4208325445652008,0.010194742120802402,0.5488389730453491,0.3722853362560272,0.009676896966993809,0.5344387292861938,0.3445925712585449,0.005570402834564447,0.5151077508926392,0.335091769695282,0.0011782355140894651,0.5642915368080139,0.35007333755493164,-0.0020115745719522238,0.5822863578796387,0.29477861523628235,-0.012587854638695717,0.5742671489715576,0.26165422797203064,-0.01632741279900074,0.5616164207458496,0.24571655690670013,-0.016139231622219086,0.5544719099998474,0.34960001707077026,-0.012097078375518322,0.5590425729751587,0.2835771441459656,-0.02288070321083069,0.5444992780685425,0.25148266553878784,-0.024384843185544014,0.5297822952270508,0.2366696149110794,-0.02240275964140892,0.5396610498428345,0.3576034605503082,-0.021356597542762756,0.5066645741462708,0.31374743580818176,-0.029632071033120155,0.49318093061447144,0.327095091342926,-0.029090745374560356,0.4925357699394226,0.344024658203125,-0.02544078230857849,0.5220351815223694,0.36962080001831055,-0.029638338834047318,0.49178123474121094,0.34321287274360657,-0.03325410559773445,0.485576331615448,0.3535636365413666,-0.031024601310491562,0.49062579870224,0.36566877365112305,-0.027400698512792587,2
0.5225971937179565,0.46420934796333313,1.0283678797406992e-08,0.5388975739479065,0.41998085379600525,0.0024082749150693417,0.539969265460968,0.372550904750824,-0.0006816955865360796,0.5250840187072754,0.3460870683193207,-0.00611840421333909,0.5053355097770691,0.336113840341568,-0.01256578229367733,0.5550187230110168,0.3409193754196167,-0.004286748357117176,0.5605836510658264,0.28833305835723877,-0.01432531327009201,0.5632363557815552,0.2512856721878052,-0.020809946581721306,0.5656268000602722,0.2226686030626297,-0.025853795930743217,0.5409069061279297,0.34265846014022827,-0.011215927079319954,0.5055616497993469,0.3028765618801117,-0.024308092892169952,0.4988066256046295,0.321739137172699,-0.02540627121925354,0.5062078833580017,0.3390747904777527,-0.024142777547240257,0.5225406885147095,0.3530968427658081,-0.01811278611421585,0.4888192415237427,0.3257148861885071,-0.029111051931977272,0.4871593713760376,0.3445999324321747,-0.024229533970355988,0.49706578254699707,0.3579745590686798,-0.01917772926390171,0.505088210105896,0.36776766180992126,-0.025118928402662277,0.4806608259677887,0.35389891266822815,-0.03244630619883537,0.48039692640304565,0.3708803355693817,-0.02851170487701893,0.48840194940567017,0.38410621881484985,-0.023837508633732796,1
0.23224714398384094,0.5033500790596008,-2.1331986488348775e-07,0.27477407455444336,0.48090729117393494,-0.006294386461377144,0.30606552958488464,0.44561514258384705,-0.014519646763801575,0.32639050483703613,0.4210819900035858,-0.024960720911622047,0.33199888467788696,0.4161577820777893,-0.032727472484111786,0.2693190574645996,0.33947792649269104,-0.001744382781907916,0.31935766339302063,0.3535344898700714,-0.024045055732131004,0.31521597504615784,0.39948225021362305,-0.03778642416000366,0.3010438084602356,0.41158902645111084,-0.04557441920042038,0.24700675904750824,0.33803844451904297,-0.00959632359445095,0.30436408519744873,0.3707931935787201,-0.030329067260026932,0.2960948646068573,0.4200860261917114,-0.03526037186384201,0.27909860014915466,0.42472806572914124,-0.035994578152894974,0.2286851406097412,0.35330459475517273,-0.020207606256008148,0.28383731842041016,0.38807374238967896,-0.0398898683488369,0.2765648365020752,0.43292832374572754,-0.03608594834804535,0.2607845962047577,0.436046302318573,-0.030205372720956802,0.214126318693161,0.37924283742904663,-0.031940292567014694,0.2591417133808136,0.40331530570983887,-0.041165344417095184,0.2559814453125,0.43409985303878784,-0.0358845554292202,0.24188286066055298,0.43806108832359314,-0.030157580971717834,0
0.1329011768102646,0.3157206177711487,-1.8434673165756976e-07,0.17711913585662842,0.2967108190059662,-0.013965168036520481,0.22067536413669586,0.2637140154838562,-0.023351838812232018,0.23487266898155212,0.21904537081718445,-0.03297584503889084,0.21180939674377441,0.18727894127368927,-0.03908583149313927,0.18836669623851776,0.17385050654411316,-0.004622991196811199,0.21746744215488434,0.15948396921157837,-0.025440402328968048,0.21158771216869354,0.21010729670524597,-0.03370966762304306,0.19604414701461792,0.22269383072853088,-0.03661474958062172,0.16208544373512268,0.1651344746351242,-0.007601072546094656,0.1933976411819458,0.15342828631401062,-0.03099728561937809,0.18746472895145416,0.2151014804840088,-0.03504776582121849,0.17061728239059448,0.22077268362045288,-0.03282869607210159,0.13384169340133667,0.16448768973350525,-0.013770011253654957,0.1661393791437149,0.15448451042175293,-0.03994499891996384,0.16377224028110504,0.21372079849243164,-0.033117081969976425,0.1458110362291336,0.22148436307907104,-0.022543901577591896,0.1012718677520752,0.17159037292003632,-0.020589720457792282,0.13529875874519348,0.1688501089811325,-0.03658273071050644,0.13788998126983643,0.21148096024990082,-0.02872597612440586,0.12221184372901917,0.2209777534008026,-0.0188816599547863,0
0.10976400971412659,0.41883909702301025,-2.0731603456169978e-07,0.16305774450302124,0.4479745030403137,0.015077332966029644,0.18831482529640198,0.4891706109046936,0.015604359097778797,0.1881653070449829,0.5276330709457397,0.013408614322543144,0.1725248098373413,0.5528286099433899,0.012405830435454845,0.2099713385105133,0.5310673117637634,-0.004017277620732784,0.19933120906352997,0.5890519618988037,0.0005136127001605928,0.18178078532218933,0.5777341723442078,0.008695664815604687,0.17863331735134125,0.5540337562561035,0.014331030659377575,0.1802767813205719,0.5492172837257385,-0.013443236239254475,0.16268599033355713,0.5930340886116028,-0.002136720111593604,0.1496356874704361,0.5769003629684448,0.006258350796997547,0.14936479926109314,0.5525277256965637,0.008638896979391575,0.14521262049674988,0.5587671399116516,-0.01991947740316391,0.12961608171463013,0.5861110091209412,-0.006399398669600487,0.12083394080400467,0.5694664716720581,0.002013693330809474,0.12078199535608292,0.5461035370826721,0.0027633507270365953,0.11146558821201324,0.5609021782875061,-0.025370366871356964,0.09969766438007355,0.5769131183624268,-0.011756922118365765,0.09480899572372437,0.5603169798851013,-0.0015514071565121412,0.09584710001945496,0.5420162677764893,0.0034976510796695948,0
0.24819184839725494,0.43088141083717346,-1.710765218376764e-07,0.2803868055343628,0.41176292300224304,-0.011183787137269974,0.3090614378452301,0.3758211135864258,-0.01886649802327156,0.3183276653289795,0.336614727973938,-0.026755601167678833,0.29811596870422363,0.3135676980018616,-0.03175148367881775,0.2749972641468048,0.3103030323982239,-0.00532334391027689,0.2960711121559143,0.29102644324302673,-0.023461002856492996,0.29811400175094604,0.33287760615348816,-0.029576463624835014,0.28740400075912476,0.3448350131511688,-0.03122410923242569,0.2540302574634552,0.30887117981910706,-0.008219613693654537,0.27854448556900024,0.29014572501182556,-0.027663499116897583,0.28133031725883484,0.3426898121833801,-0.028865231201052666,0.26851412653923035,0.34810709953308105,-0.025459781289100647,0.2324991077184677,0.3145313560962677,-0.013932348228991032,0.25938916206359863,0.30117321014404297,-0.03660087659955025,0.2631579339504242,0.35106638073921204,-0.029570862650871277,0.24872547388076782,0.35873669385910034,-0.019725164398550987,0.20975029468536377,0.3261714577674866,-0.02014179341495037,0.23927268385887146,0.3186316192150116,-0.03389700874686241,0.24487285315990448,0.35457825660705566,-0.02695436403155327,0.231782466173172,0.3656887710094452,-0.018592409789562225,0
0.493036687374115,0.43493419885635376,-1.7740302382662776e-07,0.5273630023002625,0.4181860685348511,0.00020896609930787235,0.5479585528373718,0.3919236660003662,-0.003411322832107544,0.564951479434967,0.3739780783653259,-0.008998660370707512,0.5626346468925476,0.3566209673881531,-0.0117891700938344,0.5022975206375122,0.31900346279144287,0.007522790692746639,0.5452674627304077,0.3222024142742157,-0.00471616443246603,0.5421240925788879,0.35266584157943726,-0.01389695517718792,0.5286475419998169,0.3605053424835205,-0.020117254927754402,0.4955908954143524,0.31684762239456177,4.0331826312467456e-05,0.5451313853263855,0.321637898683548,-0.01072396244853735,0.5413047671318054,0.3551360070705414,-0.013262622058391571,0.5295522212982178,0.36003923416137695,-0.014041082933545113,0.4937683343887329,0.32300564646720886,-0.00936007872223854,0.5426092743873596,0.33115386962890625,-0.018418246880173683,0.5388421416282654,0.36168259382247925,-0.014602359384298325,0.525633692741394,0.36675915122032166,-0.011330568231642246,0.4968617558479309,0.3360048830509186,-0.0196208655834198,0.5354775190353394,0.3461824655532837,-0.023706190288066864,0.5321208834648132,0.3693767189979553,-0.02051742933690548,0.520135760307312,0.37442365288734436,-0.017966311424970627,0
0.29161176085472107,0.6251133680343628,-2.2736927007827035e-07,0.26171302795410156,0.5657461881637573,0.0036721634678542614,0.25742077827453613,0.5099844932556152,0.003521597245708108,0.274630606174469,0.4748642146587372,0.002440798794850707,0.2967672348022461,0.46564599871635437,0.0025588548742234707,0.28208625316619873,0.4848152697086334,-0.003990865312516689,0.2957763373851776,0.43762120604515076,-0.004670367576181889,0.2932921051979065,0.4531137943267822,-0.002733539091423154,0.28889480233192444,0.47314807772636414,-0.0006493551773019135,0.3144227862358093,0.49687227606773376,-0.007604092359542847,0.3226214647293091,0.4547484815120697,-0.0032483008690178394,0.3167060911655426,0.4688158631324768,0.0005789371207356453,0.3101961612701416,0.48943641781806946,0.002229304751381278,0.3413006067276001,0.5141746401786804,-0.01016739010810852,0.34198471903800964,0.4803515374660492,-0.005349716637283564,0.33516329526901245,0.4930987060070038,-6.692318856948987e-05,0.32866615056991577,0.5130109786987305,0.0018210280686616898,0.361438125371933,0.5339852571487427,-0.012364237569272518,0.3586360812187195,0.5072488784790039,-0.007361038122326136,0.3513816297054291,0.5175711512565613,0.0003246617561671883,0.3467366695404053,0.5343999266624451,0.005770817864686251,0
0.45699918270111084,0.6124745607376099,-2.6503403205424547e-07,0.433458149433136,0.5633284449577332,-0.0020761326886713505,0.4339320957660675,0.5134519338607788,-0.001736122416332364,0.44752779603004456,0.48155930638313293,-0.0008034228230826557,0.4608134925365448,0.47769424319267273,0.0013047028332948685,0.4831230938434601,0.5000273585319519,-0.001601508934982121,0.4764038324356079,0.4660806357860565,0.0011886629508808255,0.46482303738594055,0.47945544123649597,0.0021886168979108334,0.46292880177497864,0.49761268496513367,0.002129219239577651,0.5011110305786133,0.5174863338470459,-0.00023935870558489114,0.48853600025177,0.4864458441734314,0.004326504655182362,0.47661513090133667,0.4961472153663635,0.006311035715043545,0.4755328297615051,0.5123915076255798,0.006227984093129635,0.5112147331237793,0.5378890037536621,0.0016176578355953097,0.5013207197189331,0.5077731013298035,0.003885080572217703,0.4901203215122223,0.5138958096504211,0.00564218545332551,0.4871865212917328,0.5296066999435425,0.005625864956527948,0.5165151357650757,0.5572283864021301,0.003535102354362607,0.509512186050415,0.5301917195320129,0.004742269869893789,0.5000377893447876,0.5343268513679504,0.007696072570979595,0.4967658221721649,0.54838627576828,0.009935556910932064,0
0.5203183889389038,0.5005927085876465,-2.567614387771755e-07,0.49677127599716187,0.4579774737358093,-0.0023795899469405413,0.49032703042030334,0.4124228060245514,-0.0033613552805036306,0.49877026677131653,0.38755738735198975,-0.004159331321716309,0.5132447481155396,0.38422563672065735,-0.004234607797116041,0.5410012602806091,0.3859717547893524,-0.00011991112842224538,0.5249640941619873,0.3673340976238251,-0.0012807819293811917,0.5157064199447632,0.3808988034725189,-0.0049619791097939014,0.5140422582626343,0.39753201603889465,-0.007670855149626732,0.5594032406806946,0.40358617901802063,-0.0005231625982560217,0.5389662384986877,0.38936468958854675,0.00047146299039013684,0.5294248461723328,0.40193095803260803,-0.0016988202696666121,0.5276008248329163,0.41925570368766785,-0.003835344687104225,0.5703542232513428,0.42595481872558594,-0.0008079904946498573,0.5533321499824524,0.41242021322250366,-0.0012413263320922852,0.5438213348388672,0.42096954584121704,-0.0015030372887849808,0.5400474071502686,0.4361790716648102,-0.0018614181317389011,0.5758355855941772,0.44873547554016113,-0.0012640139320865273,0.5626798868179321,0.4341369867324829,-0.0023646170739084482,0.5537717938423157,0.44084954261779785,-0.00012690250878222287,0.5505088567733765,0.4530099928379059,0.002635774901136756,0
0.46358880400657654,0.5251134037971497,9.775969544989493e-08,0.44135308265686035,0.48478031158447266,-0.004694078583270311,0.4454377293586731,0.45131203532218933,-0.0064928592182695866,0.46069031953811646,0.44047075510025024,-0.007446566596627235,0.47371095418930054,0.4362325370311737,-0.00842588022351265,0.4771325886249542,0.40397852659225464,-0.0066157192923128605,0.48186880350112915,0.3503446877002716,-0.009801682084798813,0.4847431480884552,0.3201063871383667,-0.012231036089360714,0.488448828458786,0.29776543378829956,-0.013569515198469162,0.5017454624176025,0.41440266370773315,-0.0064933886751532555,0.5086341500282288,0.3610602617263794,-0.006104874424636364,0.5122264623641968,0.33012712001800537,-0.0065344832837581635,0.5158114433288574,0.308266818523407,-0.007066315971314907,0.5167598128318787,0.43357107043266296,-0.006874222308397293,0.5262062549591064,0.3920723497867584,-0.007105014752596617,0.5297074317932129,0.36667338013648987,-0.009672334417700768,0.5324010848999023,0.35154128074645996,-0.011796015314757824,0.5219212770462036,0.45648396015167236,-0.007669225800782442,0.5180239081382751,0.4311498999595642,-0.006757782306522131,0.5103353261947632,0.4226129949092865,-0.004566960036754608,0.5038719177246094,0.42364615201950073,-0.00283105974085629,3
0.4644281268119812,0.5220164060592651,-9.492850239212203e-08,0.45258629322052,0.4730924367904663,0.0011436124332249165,0.46462196111679077,0.43232569098472595,-0.0008197350543923676,0.4866373836994171,0.4156494140625,-0.0037513666320592165,0.505013108253479,0.41895607113838196,-0.007000843994319439,0.48422083258628845,0.4054608643054962,-0.007003251928836107,0.4971487522125244,0.3587417006492615,-0.010474855080246925,0.5065566897392273,0.3293014168739319,-0.013396475464105606,0.5145356059074402,0.30748528242111206,-0.016479164361953735,0.507025957107544,0.4203687012195587,-0.010491035878658295,0.5087095499038696,0.41280820965766907,-0.012199338525533676,0.49987828731536865,0.42619529366493225,-0.011203139089047909,0.49477124214172363,0.43785032629966736,-0.011041221208870411,0.5209102630615234,0.4447794258594513,-0.013119906187057495,0.5160920023918152,0.43889614939689636,-0.013139855116605759,0.5065561532974243,0.44788938760757446,-0.008011538535356522,0.5001575350761414,0.45800232887268066,-0.005593139212578535,0.5288197994232178,0.46872618794441223,-0.016010869294404984,0.5236331224441528,0.46399950981140137,-0.013352406211197376,0.5148140788078308,0.47021782398223877,-0.006789548322558403,0.5082518458366394,0.47833868861198425,-0.002082869177684188,1
0.448683500289917,0.5215458869934082,1.8522354139349773e-07,0.43692395091056824,0.47934770584106445,-0.008355002850294113,0.44637060165405273,0.44303083419799805,-0.011856901459395885,0.4665408134460449,0.4320436120033264,-0.014774870127439499,0.4817613959312439,0.43064573407173157,-0.01667393185198307,0.47183874249458313,0.41220399737358093,-0.009086078964173794,0.4819137454032898,0.36663639545440674,-0.014334824867546558,0.48800837993621826,0.33981063961982727,-0.017056317999958992,0.49285587668418884,0.3193129897117615,-0.01827848330140114,0.49247461557388306,0.4257213771343231,-0.008852239698171616,0.5076521635055542,0.38474979996681213,-0.012827976606786251,0.5181705951690674,0.36317259073257446,-0.015158635564148426,0.5268974900245667,0.34867963194847107,-0.015613138675689697,0.5056135654449463,0.44763922691345215,-0.009415436536073685,0.5034955739974976,0.4323533773422241,-0.015306332148611546,0.49124014377593994,0.4443715214729309,-0.016461392864584923,0.483456015586853,0.45775139331817627,-0.014531114138662815,0.5132132172584534,0.4724939465522766,-0.010708010755479336,0.5078697800636292,0.4604898989200592,-0.014549029991030693,0.49772724509239197,0.46594294905662537,-0.012897448614239693,0.491207480430603,0.475341260433197,-0.009573791176080704,2
0.3295120298862457,0.4028434753417969,-9.808066181449249e-08,0.3455095887184143,0.3890133202075958,-0.006626049987971783,0.3580808639526367,0.3663446009159088,-0.010559087619185448,0.358142226934433,0.349697470664978,-0.01429304201155901,0.34791889786720276,0.34508514404296875,-0.016488416120409966,0.33798161149024963,0.3180747628211975,-0.002499832771718502,0.3457813858985901,0.322054922580719,-0.012350409291684628,0.3474801182746887,0.34148111939430237,-0.01872055046260357,0.3458600342273712,0.34735196828842163,-0.022295288741588593,0.32216501235961914,0.319278359413147,-0.0037343380972743034,0.33078110218048096,0.3296966850757599,-0.011723002418875694,0.33474788069725037,0.34995606541633606,-0.01365651749074459,0.33451753854751587,0.3526131510734558,-0.013857530429959297,0.30788272619247437,0.3291577696800232,-0.006709282286465168,0.3175477981567383,0.3450872004032135,-0.013733144849538803,0.3227716386318207,0.3616102337837219,-0.01180016715079546,0.32251355051994324,0.36136582493782043,-0.00963730551302433,0.29641079902648926,0.3436126112937927,-0.010750147514045238,0.3053685128688812,0.35941803455352783,-0.013642587698996067,0.31099405884742737,0.3711546063423157,-0.011713611893355846,0.3109498620033264,0.37039893865585327,-0.009695696644484997,0
0.4973246455192566,0.41170400381088257,-8.15284764144053e-08,0.523016631603241,0.4032491147518158,-0.004380729515105486,0.5396791696548462,0.38757672905921936,-0.009007283486425877,0.5496693849563599,0.37689369916915894,-0.014293505810201168,0.5573883056640625,0.37248799204826355,-0.01821804605424404,0.5215258002281189,0.327528178691864,-0.0035447359550744295,0.5494369268417358,0.33950936794281006,-0.012754160910844803,0.5456586480140686,0.35797685384750366,-0.01908481866121292,0.5388922095298767,0.3601945638656616,-0.02367742359638214,0.5125210881233215,0.3317033052444458,-0.006857024971395731,0.5430577397346497,0.35123804211616516,-0.014929044991731644,0.5365357398986816,0.36712148785591125,-0.017109574750065804,0.5288004875183105,0.36732256412506104,-0.018765972927212715,0.5057118535041809,0.3438746929168701,-0.011404619552195072,0.5330936312675476,0.3641352951526642,-0.017997009679675102,0.526967465877533,0.37775683403015137,-0.016127293929457664,0.5200024247169495,0.37761586904525757,-0.014978218823671341,0.5008446574211121,0.36082151532173157,-0.016917072236537933,0.5222720503807068,0.37691354751586914,-0.02021515928208828,0.5182708501815796,0.3865724205970764,-0.018789485096931458,0.5120998024940491,0.3860243558883667,-0.017827410250902176,0
0.2675895094871521,0.3264063894748688,-7.84627971484042e-08,0.28435924649238586,0.30952146649360657,-0.010319240391254425,0.29642337560653687,0.2800091803073883,-0.014300704933702946,0.2876891493797302,0.2583574056625366,-0.017496129497885704,0.2727096378803253,0.24967940151691437,-0.0185968317091465,0.28040510416030884,0.24114517867565155,-0.002180249197408557,0.2784786522388458,0.22956569492816925,-0.014218868687748909,0.28016579151153564,0.24903124570846558,-0.02018691413104534,0.2808486819267273,0.2556997239589691,-0.02250700816512108,0.2631852328777313,0.24363423883914948,-0.0018745771376416087,0.26008641719818115,0.23444634675979614,-0.01350609865039587,0.26595252752304077,0.2599267065525055,-0.014785136096179485,0.2689344882965088,0.26380524039268494,-0.012649103067815304,0.2472095638513565,0.2521878480911255,-0.004059989005327225,0.2441413402557373,0.2493406981229782,-0.01680784299969673,0.2529599666595459,0.27285337448120117,-0.013045384548604488,0.257279634475708,0.2755155563354492,-0.0073707993142306805,0.23182977735996246,0.26567262411117554,-0.007162183988839388,0.23187264800071716,0.2656499743461609,-0.014492283575236797,0.24077363312244415,0.28154587745666504,-0.01081798318773508,0.24541766941547394,0.2834085524082184,-0.0059389653615653515,0
0.440774530172348,0.47841256856918335,-1.8042918270566588e-07,0.4258686304092407,0.4937437176704407,-0.011492129415273666,0.40890267491340637,0.503040611743927,-0.01930680312216282,0.39782989025115967,0.505808413028717,-0.025544550269842148,0.3964185416698456,0.49687424302101135,-0.030231421813368797,0.39790239930152893,0.458608478307724,-0.0151145551353693,0.40921831130981445,0.48613813519477844,-0.025103924795985222,0.42045527696609497,0.49399662017822266,-0.031028544530272484,0.42487451434135437,0.48896917700767517,-0.0344398133456707,0.4110895097255707,0.4425787627696991,-0.014207161962985992,0.4263262450695038,0.47474631667137146,-0.022409509867429733,0.4335838854312897,0.48354268074035645,-0.024627508595585823,0.43456006050109863,0.47960415482521057,-0.02583935484290123,0.4255516529083252,0.43250420689582825,-0.014298253692686558,0.43998628854751587,0.4613053500652313,-0.02349754236638546,0.44574809074401855,0.4707877039909363,-0.021730944514274597,0.4466337561607361,0.46880918741226196,-0.01929013431072235,0.43941202759742737,0.426179975271225,-0.015570546500384808,0.4498303234577179,0.44429370760917664,-0.021895762532949448,0.45511719584465027,0.45401930809020996,-0.01996629871428013,0.4569818079471588,0.4545029103755951,-0.017063751816749573,0
0.3515510857105255,0.46273326873779297,-1.349729927824228e-07,0.3818001449108124,0.47744810581207275,0.0051341792568564415,0.39968612790107727,0.502557098865509,0.005542452912777662,0.40440431237220764,0.527708113193512,0.004207533318549395,0.3999786674976349,0.5435463190078735,0.003721517277881503,0.40596842765808105,0.5215277075767517,0.0036736931651830673,0.408840537071228,0.5543285012245178,0.0013541807420551777,0.4024668335914612,0.5459891557693481,-0.000624266336672008,0.39911526441574097,0.5325973033905029,-0.0013502785004675388,0.38888418674468994,0.5314782857894897,-0.0009791372576728463,0.39251431822776794,0.5584889650344849,0.0005169286741875112,0.3879207968711853,0.551032304763794,0.0010269228368997574,0.3844164311885834,0.5377953052520752,0.0008387480629608035,0.37111592292785645,0.5381004810333252,-0.005346013233065605,0.3765150308609009,0.5588141083717346,-0.0027450809720903635,0.3729259967803955,0.5516844391822815,0.0006721299141645432,0.3696051239967346,0.5393209457397461,0.0020308010280132294,0.3546484708786011,0.5409649610519409,-0.009523299522697926,0.36217665672302246,0.5561047196388245,-0.005305127706378698,0.3599066734313965,0.5479182004928589,0.0004557977372314781,0.3563968241214752,0.5378472208976746,0.004298994317650795,0
0.2607885003089905,0.4336034953594208,1.2051070541474473e-07,0.2918098568916321,0.4499354660511017,-0.0013078234624117613,0.30655717849731445,0.48070424795150757,-0.006076969671994448,0.3027780055999756,0.511099636554718,-0.010973602533340454,0.292316198348999,0.5296417474746704,-0.014465289190411568,0.3057202398777008,0.49376994371414185,-0.011658469215035439,0.3101505637168884,0.5356369018554688,-0.020219314843416214,0.30479612946510315,0.5289152264595032,-0.02440568618476391,0.30069398880004883,0.51699298620224,-0.024720169603824615,0.2857171297073364,0.5035192370414734,-0.014509259723126888,0.2916204631328583,0.5527505874633789,-0.01788637787103653,0.2937445044517517,0.5792005062103271,-0.019508209079504013,0.2943612039089203,0.5993412733078003,-0.02065708488225937,0.2661372423171997,0.5081889629364014,-0.016939455643296242,0.2740076184272766,0.5359733700752258,-0.020556015893816948,0.27406007051467896,0.5251532793045044,-0.017901359125971794,0.27120545506477356,0.5116758942604065,-0.014592860825359821,0.2484159916639328,0.5092499256134033,-0.019216163083910942,0.2604631781578064,0.5287270545959473,-0.018685683608055115,0.261127769947052,0.518919825553894,-0.011470383033156395,0.25714778900146484,0.5084072947502136,-0.005177503451704979,0
0.502264142036438,0.3931337296962738,-8.015846475473154e-08,0.5289198756217957,0.4027852416038513,-7.851513146306388e-06,0.5488395094871521,0.42618095874786377,-0.003155251033604145,0.551426112651825,0.4508528709411621,-0.007246116641908884,0.5432125329971313,0.46804940700531006,-0.010252726264297962,0.5603107810020447,0.43684008717536926,-0.0030388138256967068,0.5565927624702454,0.47296833992004395,-0.009962217882275581,0.5486745834350586,0.46634629368782043,-0.014892052859067917,0.5473990440368652,0.4528088867664337,-0.017800932750105858,0.5462315678596497,0.4456016719341278,-0.007162590976804495,0.5421982407569885,0.47802719473838806,-0.010943157598376274,0.535625696182251,0.47076523303985596,-0.012223904021084309,0.534121572971344,0.45867612957954407,-0.01327625010162592,0.5303176641464233,0.4537356495857239,-0.011589892208576202,0.5265356302261353,0.4807673990726471,-0.013489284552633762,0.521111786365509,0.4721577763557434,-0.0104882987216115,0.5200099349021912,0.4594736397266388,-0.008801469579339027,0.5135376453399658,0.4593597948551178,-0.016392283141613007,0.5118239521980286,0.47959011793136597,-0.015600894577801228,0.5073704719543457,0.4698747992515564,-0.011138643138110638,0.5062383413314819,0.4587104618549347,-0.008040769957005978,0
0.4176984131336212,0.5120665431022644,-9.29138863625667e-08,0.3858899474143982,0.48258504271507263,0.0009819024708122015,0.36709949374198914,0.4497135281562805,-0.006939554121345282,0.35069939494132996,0.42937925457954407,-0.01707598753273487,0.33766287565231323,0.4240582585334778,-0.027190491557121277,0.3979044258594513,0.38677555322647095,-0.0055464645847678185,0.3800179064273834,0.3446272313594818,-0.01637420989573002,0.3684261441230774,0.3152921795845032,-0.023477943614125252,0.35899776220321655,0.2899649143218994,-0.029616691172122955,0.4011121988296509,0.39448943734169006,-0.014038247056305408,0.35347577929496765,0.3901680111885071,-0.02865177020430565,0.3533003628253937,0.4169425070285797,-0.028933079913258553,0.3645648956298828,0.42773309350013733,-0.02764434553682804,0.3977590799331665,0.4104863703250885,-0.022946538403630257,0.3529672622680664,0.4156350791454315,-0.03373081609606743,0.3570364713668823,0.4384448826313019,-0.025256048887968063,0.36897310614585876,0.4421388804912567,-0.018950054422020912,0.39146602153778076,0.430490106344223,-0.03256366029381752,0.35675451159477234,0.43494653701782227,-0.03899581730365753,0.36079251766204834,0.45496246218681335,-0.03284969925880432,0.3717661201953888,0.4597252905368805,-0.027427995577454567,1
0.4335139989852905,0.5212794542312622,-9.009723100916744e-08,0.40721559524536133,0.48347705602645874,0.0006590993143618107,0.3736012279987335,0.4578476846218109,-0.006084487773478031,0.344306081533432,0.46018892526626587,-0.014784479513764381,0.33054524660110474,0.4774365723133087,-0.024461956694722176,0.37395331263542175,0.4143604636192322,-0.011486837640404701,0.3398166000843048,0.3912162780761719,-0.023470163345336914,0.3184197247028351,0.37447288632392883,-0.030022598803043365,0.30034488439559937,0.35990744829177856,-0.0356169268488884,0.38286787271499634,0.4301762282848358,-0.020023150369524956,0.3356379270553589,0.46189063787460327,-0.036078520119190216,0.34433606266975403,0.48073306679725647,-0.0368807278573513,0.3558001220226288,0.4786857068538666,-0.03616561368107796,0.38967323303222656,0.4561785161495209,-0.02850676327943802,0.348728209733963,0.49069440364837646,-0.042041145265102386,0.3616223931312561,0.4994259774684906,-0.035840507596731186,0.37397634983062744,0.4899936318397522,-0.030150124803185463,0.39503803849220276,0.4841958284378052,-0.03709592670202255,0.3614795506000519,0.5080423355102539,-0.04496404156088829,0.37122443318367004,0.5149106383323669,-0.039577286690473557,0.38264280557632446,0.5088704228401184,-0.034534160047769547,1
0.39493852853775024,0.43186670541763306,-1.177027115772944e-07,0.35379430651664734,0.4100072979927063,-0.007544622756540775,0.32879769802093506,0.3813486397266388,-0.01874404214322567,0.3120235800743103,0.358786940574646,-0.031636014580726624,0.3091767430305481,0.33999869227409363,-0.043976373970508575,0.3602476716041565,0.30211952328681946,-0.011219959706068039,0.34006956219673157,0.2543192505836487,-0.027094848453998566,0.3288102447986603,0.2230246514081955,-0.03713705763220787,0.32014602422714233,0.1946873664855957,-0.045047927647829056,0.3746047914028168,0.30441099405288696,-0.017328759655356407,0.32527992129325867,0.303188294172287,-0.039334166795015335,0.3242400586605072,0.3421705663204193,-0.0417429655790329,0.3365589380264282,0.3579022288322449,-0.03954392299056053,0.38224124908447266,0.31719574332237244,-0.02510957047343254,0.33413586020469666,0.32926610112190247,-0.0429314523935318,0.33663785457611084,0.3618098497390747,-0.033646535128355026,0.3493102192878723,0.37065476179122925,-0.02424769289791584,0.38458067178726196,0.337858110666275,-0.034443944692611694,0.3477884829044342,0.34913501143455505,-0.04517751187086105,0.3491336703300476,0.3724932074546814,-0.03886665031313896,0.3596869707107544,0.37915685772895813,-0.03175104036927223,1
0.3835708200931549,0.46086955070495605,-1.0993768739808729e-07,0.3739187717437744,0.4212685823440552,-0.005028983112424612,0.3776327669620514,0.379321813583374,-0.009397807531058788,0.3877352774143219,0.34603947401046753,-0.016825728118419647,0.40600308775901794,0.33146071434020996,-0.024295898154377937,0.4278249442577362,0.3845681846141815,0.007066640071570873,0.45532339811325073,0.3659917712211609,-0.0017493043560534716,0.47123298048973083,0.34435147047042847,-0.007256361190229654,0.4835895895957947,0.33134371042251587,-0.01132244523614645,0.4365110397338867,0.39303043484687805,0.0023203357122838497,0.44147810339927673,0.3501938283443451,-0.01744736172258854,0.41665953397750854,0.34513023495674133,-0.02430734410881996,0.3975285589694977,0.3548778295516968,-0.022530002519488335,0.444514662027359,0.40605324506759644,-0.004270455799996853,0.44149157404899597,0.3643709719181061,-0.025980360805988312,0.41957351565361023,0.37885427474975586,-0.026112468913197517,0.4078793525695801,0.40134382247924805,-0.018573982641100883,0.4512248933315277,0.42428356409072876,-0.01108385156840086,0.44299185276031494,0.384544312953949,-0.027026958763599396,0.42716339230537415,0.39467254281044006,-0.02651396580040455,0.41920116543769836,0.4157731235027313,-0.020899834111332893,1
0.3681042194366455,0.4775015115737915,-1.8203473928224412e-07,0.3297038674354553,0.44446027278900146,-0.008174852468073368,0.3061700165271759,0.4085614085197449,-0.019774392247200012,0.2890857458114624,0.38095301389694214,-0.032850343734025955,0.2846428155899048,0.3522542715072632,-0.045366719365119934,0.35618770122528076,0.3357476592063904,-0.012079404667019844,0.3413935899734497,0.28295281529426575,-0.02786431647837162,0.3346050977706909,0.24740362167358398,-0.038444239646196365,0.33071038126945496,0.2154572755098343,-0.0468904934823513,0.36910349130630493,0.34059780836105347,-0.01804983988404274,0.31532853841781616,0.32603755593299866,-0.04208749160170555,0.30049920082092285,0.36652275919914246,-0.04635367915034294,0.30399468541145325,0.39019522070884705,-0.044872213155031204,0.37320616841316223,0.3540854752063751,-0.025424174964427948,0.3193603456020355,0.3537255525588989,-0.04526977613568306,0.3179855942726135,0.38920143246650696,-0.03688514605164528,0.32973048090934753,0.40486863255500793,-0.027507411316037178,0.37100741267204285,0.3738534450531006,-0.034229569137096405,0.33021605014801025,0.37392181158065796,-0.04763413593173027,0.329677015542984,0.39879781007766724,-0.041973285377025604,0.3407512903213501,0.41058456897735596,-0.03458314388990402,1
0.3579670488834381,0.4497474133968353,2.4980627699733304e-07,0.3671000003814697,0.3977111876010895,0.004247353412210941,0.35614702105522156,0.3577890694141388,0.001837570802308619,0.33215463161468506,0.34358999133110046,-0.0027280051726847887,0.3104846179485321,0.3427193760871887,-0.008405648171901703,0.3582170903682709,0.33168017864227295,-0.006865102797746658,0.3513147234916687,0.2756383419036865,-0.014627741649746895,0.345783531665802,0.2402944564819336,-0.0184202641248703,0.3405647575855255,0.21378380060195923,-0.019918687641620636,0.33721572160720825,0.3370278775691986,-0.0128965238109231,0.3037233352661133,0.28884533047676086,-0.02005239576101303,0.280754029750824,0.2619166970252991,-0.02388526313006878,0.26334720849990845,0.24064180254936218,-0.025711530819535255,0.31859391927719116,0.352187842130661,-0.01751057431101799,0.2897920310497284,0.3407403230667114,-0.023749107494950294,0.2966020107269287,0.3574807643890381,-0.022786160930991173,0.30635279417037964,0.3687434792518616,-0.019644280895590782,0.301390677690506,0.37119460105895996,-0.021603446453809738,0.2800372838973999,0.36288467049598694,-0.02338479645550251,0.28656265139579773,0.37726879119873047,-0.01763191819190979,0.2963400185108185,0.3865988254547119,-0.011505518108606339,2
0.3784644603729248,0.4530167877674103,1.6639705791021697e-07,0.36012670397758484,0.39077481627464294,0.00750450324267149,0.3256593346595764,0.35567736625671387,0.005188699811697006,0.29616492986679077,0.3509823679924011,0.000207179065910168,0.2781577408313751,0.35915231704711914,-0.006620210129767656,0.3023895025253296,0.32851994037628174,-0.014563558623194695,0.2568902373313904,0.28737351298332214,-0.026611533015966415,0.2310347855091095,0.259505033493042,-0.033880844712257385,0.2117108702659607,0.23853984475135803,-0.03745996206998825,0.29369741678237915,0.36105966567993164,-0.02216428704559803,0.2319025695323944,0.3568536639213562,-0.03098807856440544,0.1989714503288269,0.3552550673484802,-0.03367771953344345,0.17549405992031097,0.3548307716846466,-0.03520414978265762,0.2907942533493042,0.3967396914958954,-0.02749902382493019,0.2531229257583618,0.40379059314727783,-0.03197253495454788,0.2693752646446228,0.40549248456954956,-0.02607017196714878,0.2865041196346283,0.4064394533634186,-0.020259946584701538,0.29224416613578796,0.43109169602394104,-0.03242408111691475,0.2663664221763611,0.42947161197662354,-0.03230133280158043,0.2788585126399994,0.43126606941223145,-0.023121589794754982,0.292238712310791,0.4318007528781891,-0.01454893872141838,2
0.32897502183914185,0.4129660129547119,2.8235399440745823e-07,0.3325473666191101,0.35603106021881104,0.004699907265603542,0.3165535032749176,0.31574177742004395,0.0021429334301501513,0.29030710458755493,0.3059405982494354,-0.0021459658164530993,0.2669317424297333,0.3119317293167114,-0.007454423233866692,0.3108607232570648,0.28611910343170166,-0.010985429398715496,0.2925156056880951,0.22791898250579834,-0.018729208037257195,0.28099897503852844,0.19261318445205688,-0.021862510591745377,0.2712235152721405,0.16715651750564575,-0.022445054724812508,0.28751373291015625,0.29896411299705505,-0.016036804765462875,0.24433715641498566,0.25740307569503784,-0.022186702117323875,0.22001256048679352,0.23401841521263123,-0.024452542886137962,0.2027532011270523,0.21759328246116638,-0.025139035657048225,0.26898062229156494,0.32028263807296753,-0.019120316952466965,0.2429603636264801,0.3152325451374054,-0.02302531711757183,0.2530076801776886,0.3285515606403351,-0.02058059349656105,0.26431283354759216,0.33983179926872253,-0.016623202711343765,0.254126638174057,0.3439594805240631,-0.021684555336833,0.23863327503204346,0.33859944343566895,-0.020724602043628693,0.24767997860908508,0.3507983386516571,-0.013618454337120056,0.25763675570487976,0.36034491658210754,-0.006582890637218952,2
0.33234280347824097,0.41896432638168335,2.991833625287654e-08,0.33850839734077454,0.3565734624862671,0.017405865713953972,0.32752397656440735,0.3163767158985138,0.022488942369818687,0.3095453977584839,0.2989860773086548,0.02437698096036911,0.28924456238746643,0.29801279306411743,0.025758668780326843,0.3200235068798065,0.28616100549697876,0.0032440675422549248,0.30898281931877136,0.2230205237865448,-0.0012662556255236268,0.288275808095932,0.20865020155906677,0.00083963229553774,0.2758523225784302,0.21282368898391724,0.0054470086470246315,0.29376423358917236,0.2968476712703705,-0.005938981659710407,0.2568761110305786,0.24083653092384338,-0.009780608117580414,0.24468204379081726,0.24714702367782593,-0.004193625878542662,0.24618393182754517,0.26403626799583435,0.0035017302725464106,0.27205225825309753,0.31829017400741577,-0.012983500026166439,0.24723786115646362,0.30592620372772217,-0.013008860871195793,0.2548345625400543,0.3225293755531311,-0.006565308663994074,0.26753300428390503,0.3348773121833801,0.00020392396254464984,0.25530192255973816,0.34478601813316345,-0.018342221155762672,0.24145406484603882,0.33900192379951477,-0.014503401704132557,0.24885433912277222,0.35208141803741455,-0.006384012755006552,0.26117756962776184,0.36170050501823425,0.0017605856992304325,2
0.31751948595046997,0.40829890966415405,7.773511612185757e-08,0.2843618094921112,0.3755887746810913,-0.009323962032794952,0.264986515045166,0.32521185278892517,-0.015452957712113857,0.27396464347839355,0.283368319272995,-0.024093151092529297,0.3002498149871826,0.26503026485443115,-0.03201095014810562,0.29224780201911926,0.27407512068748474,-0.0006667507695965469,0.2772618532180786,0.2237299382686615,-0.01736278459429741,0.26408588886260986,0.19554954767227173,-0.028186414390802383,0.2507784068584442,0.17444847524166107,-0.0337655283510685,0.31667360663414,0.2764521837234497,-0.007487273309379816,0.32178452610969543,0.21137282252311707,-0.029988612979650497,0.3066675066947937,0.1914823204278946,-0.04035172238945961,0.291124552488327,0.18425361812114716,-0.04052096977829933,0.34059804677963257,0.290327787399292,-0.016661347821354866,0.3253292441368103,0.26493173837661743,-0.042559318244457245,0.3137904703617096,0.3036690950393677,-0.04239754378795624,0.31292060017585754,0.33457696437835693,-0.032092202454805374,0.3621602952480316,0.3124467134475708,-0.02669815719127655,0.34452080726623535,0.2865041196346283,-0.040348295122385025,0.33306917548179626,0.3139580488204956,-0.03370560333132744,0.3329380750656128,0.3373197913169861,-0.023623595014214516,2
0.3352220058441162,0.40420618653297424,-5.926923662968875e-08,0.2950136661529541,0.37683311104774475,0.0006898826104588807,0.2678999602794647,0.33424001932144165,-0.005633417051285505,0.24734477698802948,0.3056085705757141,-0.013895520009100437,0.231509730219841,0.2912147641181946,-0.021298151463270187,0.29496291279792786,0.2748822569847107,-0.01407603919506073,0.25839337706565857,0.22414946556091309,-0.03269101306796074,0.22708430886268616,0.21560870110988617,-0.041605718433856964,0.20422695577144623,0.22022008895874023,-0.04466639831662178,0.2982766926288605,0.28592121601104736,-0.023845568299293518,0.24742244184017181,0.23711344599723816,-0.04481153562664986,0.21488438546657562,0.237653911113739,-0.050385553389787674,0.1965780258178711,0.24331791698932648,-0.049939461052417755,0.2970755994319916,0.3069689869880676,-0.0335405133664608,0.2450164556503296,0.30943813920021057,-0.051248859614133835,0.24935239553451538,0.3374122381210327,-0.047463756054639816,0.2643526792526245,0.3480875790119171,-0.0398612804710865,0.29193568229675293,0.3344329297542572,-0.04319559037685394,0.2514787018299103,0.34093737602233887,-0.05269351974129677,0.25665709376335144,0.362230122089386,-0.04634132236242294,0.2712405323982239,0.3681829571723938,-0.03855812922120094,2
0.35612234473228455,0.49515342712402344,3.733135827133083e-07,0.31989192962646484,0.4778977930545807,-0.016478702425956726,0.2917367219924927,0.44505107402801514,-0.030043233186006546,0.29797789454460144,0.41131389141082764,-0.044471945613622665,0.3186316192150116,0.3881186544895172,-0.05835578590631485,0.3026682436466217,0.3584391474723816,-0.024624023586511612,0.27769389748573303,0.3005540072917938,-0.043187666684389114,0.26233381032943726,0.2626752257347107,-0.05429711192846298,0.25035810470581055,0.22996708750724792,-0.06193074584007263,0.33330240845680237,0.352842777967453,-0.03073967806994915,0.3287392258644104,0.2807113826274872,-0.049475912004709244,0.3236047029495239,0.23886166512966156,-0.05942296236753464,0.320002943277359,0.20364633202552795,-0.06455753743648529,0.36212894320487976,0.36735787987709045,-0.038454409688711166,0.3565305769443512,0.3298998475074768,-0.0641801655292511,0.34304794669151306,0.3722573220729828,-0.06533993780612946,0.3359284996986389,0.40622183680534363,-0.05945179983973503,0.38795745372772217,0.3940720856189728,-0.04721783846616745,0.37645214796066284,0.37404218316078186,-0.0669635757803917,0.36310333013534546,0.40150508284568787,-0.06440015882253647,0.3558870255947113,0.42538970708847046,-0.058047086000442505,2
0.3690679669380188,0.4119459390640259,2.7041969019592216e-07,0.33804962038993835,0.3970586955547333,-0.018452370539307594,0.31395211815834045,0.36336761713027954,-0.028254719451069832,0.326122909784317,0.32701918482780457,-0.03594110161066055,0.34786248207092285,0.2983521819114685,-0.04448394104838371,0.306071937084198,0.27840715646743774,-0.02354213409125805,0.2753838300704956,0.22588200867176056,-0.036465778946876526,0.25828075408935547,0.1891278773546219,-0.045189276337623596,0.24397417902946472,0.15609918534755707,-0.052814781665802,0.33469781279563904,0.2653875946998596,-0.028030095621943474,0.326395720243454,0.19412899017333984,-0.038907673209905624,0.32240378856658936,0.149244025349617,-0.047908682376146317,0.3185974359512329,0.11109563708305359,-0.05480414628982544,0.36071449518203735,0.2745753526687622,-0.03466062620282173,0.3601210415363312,0.2198110818862915,-0.05260403826832771,0.3553977608680725,0.18469876050949097,-0.0668582171201706,0.35219675302505493,0.15113969147205353,-0.07689564675092697,0.3857264220714569,0.2971455454826355,-0.042148247361183167,0.37086689472198486,0.2847059965133667,-0.062218695878982544,0.3598029315471649,0.3079407215118408,-0.06802579760551453,0.3532088100910187,0.32884979248046875,-0.07147042453289032,3
0.3979995548725128,0.41354572772979736,3.867502300636261e-07,0.36409977078437805,0.361817330121994,0.00980986189097166,0.3197622299194336,0.3461746275424957,0.00801077764481306,0.28903117775917053,0.3608141541481018,0.0043745869770646095,0.26553329825401306,0.37946072220802307,-0.001956792315468192,0.30786266922950745,0.319872111082077,-0.016792818903923035,0.2569991648197174,0.2771206498146057,-0.027010219171643257,0.22638815641403198,0.25513261556625366,-0.032317910343408585,0.20054635405540466,0.2413603812456131,-0.035049907863140106,0.3045768141746521,0.3493382930755615,-0.02821480669081211,0.2480708658695221,0.3211994767189026,-0.03581249341368675,0.21479052305221558,0.30471503734588623,-0.040534600615501404,0.1885407567024231,0.2940705120563507,-0.0439477302134037,0.305395245552063,0.385545015335083,-0.03717672824859619,0.2464466243982315,0.38177499175071716,-0.0455765537917614,0.21156741678714752,0.37922823429107666,-0.05349930748343468,0.18481892347335815,0.3777686655521393,-0.059489935636520386,0.31055161356925964,0.42184728384017944,-0.043901290744543076,0.27920979261398315,0.4161031246185303,-0.05067122355103493,0.2784162759780884,0.4101838171482086,-0.050007086247205734,0.2818220853805542,0.40509486198425293,-0.049105074256658554,3
0.3566257655620575,0.44614604115486145,3.49575913105582e-07,0.370427668094635,0.3852425217628479,0.012727590277791023,0.36073610186576843,0.337291955947876,0.014043361879885197,0.3363642394542694,0.31967437267303467,0.013813233003020287,0.31130945682525635,0.31963419914245605,0.011272168718278408,0.36532479524612427,0.318097323179245,-0.007940911687910557,0.3555101454257965,0.2518746852874756,-0.012005931697785854,0.3487047851085663,0.21717968583106995,-0.010793511755764484,0.3412424921989441,0.19004914164543152,-0.008676736615598202,0.34324130415916443,0.3285519480705261,-0.018481668084859848,0.3279629349708557,0.2504689395427704,-0.02667372114956379,0.31952106952667236,0.20701704919338226,-0.027026532217860222,0.3112923800945282,0.17414052784442902,-0.024600138887763023,0.31924986839294434,0.3466578722000122,-0.02643827348947525,0.2936892509460449,0.28666919469833374,-0.036223262548446655,0.27897417545318604,0.2534356415271759,-0.038487356156110764,0.267778605222702,0.22828227281570435,-0.037072356790304184,0.2984723746776581,0.3728903532028198,-0.03170888498425484,0.28386300802230835,0.32764336466789246,-0.03402186557650566,0.2881624698638916,0.3379420340061188,-0.024762166664004326,0.29512906074523926,0.3552829623222351,-0.01642971858382225,3
0.3614036440849304,0.3852287828922272,1.748371936116655e-08,0.32860758900642395,0.3654249906539917,-0.010853264480829239,0.30396556854248047,0.3312176465988159,-0.019021756947040558,0.2996411621570587,0.29847264289855957,-0.028114983811974525,0.3157837688922882,0.2751612663269043,-0.037583231925964355,0.3173489272594452,0.24783608317375183,-0.004395316354930401,0.2972106635570526,0.20575428009033203,-0.019138364121317863,0.2806338965892792,0.19024574756622314,-0.03272339329123497,0.2650093138217926,0.18581119179725647,-0.041207797825336456,0.34039849042892456,0.24418526887893677,-0.011328116990625858,0.337812215089798,0.18211129307746887,-0.023404598236083984,0.3197121322154999,0.1596173346042633,-0.0346425399184227,0.3007619082927704,0.15406867861747742,-0.041367992758750916,0.363576740026474,0.2563876211643219,-0.020882166922092438,0.3598864674568176,0.20349466800689697,-0.038967180997133255,0.338801771402359,0.19971546530723572,-0.05009530857205391,0.3214881718158722,0.20591627061367035,-0.05528733506798744,0.3826807141304016,0.2802305817604065,-0.03093704953789711,0.3593844175338745,0.257206529378891,-0.04854369908571243,0.34205251932144165,0.2798254191875458,-0.05260195583105087,0.33217108249664307,0.3065212070941925,-0.0532255657017231,3
0.4227241575717926,0.5039348602294922,3.411360580685141e-07,0.43674176931381226,0.45713770389556885,0.0060243504121899605,0.4263100326061249,0.41618800163269043,0.00710408017039299,0.4025724232196808,0.4036535620689392,0.007625373546034098,0.38038170337677,0.40219056606292725,0.007064554840326309,0.43013888597488403,0.39567312598228455,-0.004494659136980772,0.42341795563697815,0.34070661664009094,-0.00660161767154932,0.41807126998901367,0.31161653995513916,-0.005687886383384466,0.4120097756385803,0.2882435619831085,-0.004457045346498489,0.408638596534729,0.39868852496147156,-0.010473567992448807,0.3985355496406555,0.3352498412132263,-0.015553600154817104,0.39147132635116577,0.2977539896965027,-0.016527209430933,0.3845948278903961,0.26815521717071533,-0.015287328511476517,0.3871704638004303,0.4098888337612152,-0.015041589736938477,0.3671224117279053,0.36227771639823914,-0.02165507711470127,0.35450392961502075,0.33490145206451416,-0.025408785790205002,0.3445034921169281,0.31388789415359497,-0.026301419362425804,0.3697677254676819,0.42862433195114136,-0.018052102997899055,0.36422765254974365,0.4000014662742615,-0.020249582827091217,0.36984795331954956,0.41117632389068604,-0.015259746462106705,0.37643811106681824,0.4254484474658966,-0.010547997429966927,3
0.4159529507160187,0.5059583783149719,2.1458448884459358e-07,0.42056575417518616,0.45813244581222534,0.006026498042047024,0.40505510568618774,0.41857627034187317,0.005275629460811615,0.3804074227809906,0.40501126646995544,0.002137203002348542,0.3598269522190094,0.4069017171859741,-0.0015332577750086784,0.40877243876457214,0.39092931151390076,-0.0019059671321883798,0.395820289850235,0.34212902188301086,-0.007798062637448311,0.3867397606372833,0.3118840754032135,-0.010575897991657257,0.37867942452430725,0.29036158323287964,-0.011544461362063885,0.39202719926834106,0.39878392219543457,-0.008769027888774872,0.3630860447883606,0.3509911298751831,-0.014190737158060074,0.3438423275947571,0.32424789667129517,-0.01717689447104931,0.328839510679245,0.3041306734085083,-0.018405500799417496,0.3770109713077545,0.4149981141090393,-0.014408459886908531,0.3459523916244507,0.4044126570224762,-0.0182153582572937,0.35182270407676697,0.41902095079421997,-0.01715969480574131,0.36145198345184326,0.4274136424064636,-0.014707747846841812,0.36336955428123474,0.43540158867836,-0.01968921348452568,0.34316736459732056,0.43251556158065796,-0.019765950739383698,0.34915241599082947,0.4445503354072571,-0.01528045255690813,0.3586363196372986,0.45011791586875916,-0.010853683575987816,2
0.43352776765823364,0.5123504400253296,1.4880292553698382e-07,0.41968879103660583,0.46284064650535583,0.00024676232715137303,0.38763853907585144,0.4302186071872711,-0.006336209364235401,0.35530510544776917,0.42849814891815186,-0.014116540551185608,0.3339483439922333,0.43730080127716064,-0.023135622963309288,0.38608887791633606,0.40313029289245605,-0.02025158517062664,0.35447800159454346,0.3622180223464966,-0.032416000962257385,0.33472803235054016,0.33746591210365295,-0.03865182399749756,0.31812867522239685,0.31677594780921936,-0.04239708557724953,0.3819659352302551,0.428341805934906,-0.027369357645511627,0.33317193388938904,0.41223424673080444,-0.03992059826850891,0.3028637766838074,0.40410226583480835,-0.04456300660967827,0.2792218029499054,0.3976030945777893,-0.04772891104221344,0.37893152236938477,0.45892322063446045,-0.032911065965890884,0.33855071663856506,0.46311435103416443,-0.044412512332201004,0.35196563601493835,0.47039520740509033,-0.040827106684446335,0.3670225143432617,0.47335994243621826,-0.035758525133132935,0.37745365500450134,0.48922744393348694,-0.03813284635543823,0.34561023116111755,0.489460289478302,-0.044241778552532196,0.3561023771762848,0.49399533867836,-0.03783886134624481,0.36945340037345886,0.49515438079833984,-0.031391385942697525,2
0.4184862971305847,0.5076605081558228,2.0020667079734267e-07,0.4231748580932617,0.45906782150268555,0.008160265162587166,0.41068223118782043,0.4190661311149597,0.008258494548499584,0.38946086168289185,0.40448322892189026,0.005180120933800936,0.36982956528663635,0.4048480689525604,0.0015034812968224287,0.4150669276714325,0.3918396830558777,0.001421187655068934,0.40476858615875244,0.34472841024398804,-0.0037997527979314327,0.3976064622402191,0.31585150957107544,-0.0061484756879508495,0.3913046419620514,0.29429036378860474,-0.0071402862668037415,0.39901456236839294,0.3960415720939636,-0.006901545450091362,0.37263616919517517,0.3481772840023041,-0.012439035810530186,0.3552819788455963,0.3206018805503845,-0.01500705536454916,0.3421659469604492,0.2985104024410248,-0.016059352084994316,0.38393130898475647,0.4093136489391327,-0.01412275992333889,0.351752907037735,0.3956770598888397,-0.018378688022494316,0.35537904500961304,0.412858247756958,-0.01677076518535614,0.36442527174949646,0.42171239852905273,-0.014062370173633099,0.3696320056915283,0.4276949465274811,-0.02089644782245159,0.34710970520973206,0.42308157682418823,-0.021709688007831573,0.35132667422294617,0.4368540942668915,-0.017226895317435265,0.36075296998023987,0.4429388642311096,-0.012893426232039928,2
0.395971417427063,0.31011441349983215,3.9948838548298227e-07,0.3594034016132355,0.33637064695358276,-0.0160000529140234,0.3403732180595398,0.3915256857872009,-0.02463834546506405,0.35144370794296265,0.43887120485305786,-0.02885696105659008,0.3719371259212494,0.45833635330200195,-0.03208049759268761,0.35932132601737976,0.395393431186676,-0.03729677200317383,0.3454712927341461,0.460663378238678,-0.04830021783709526,0.3377525806427002,0.4969838261604309,-0.05208519473671913,0.3305935859680176,0.5258291363716125,-0.053411614149808884,0.39178383350372314,0.3992779552936554,-0.03277769684791565,0.39433127641677856,0.46816256642341614,-0.04384394362568855,0.39752694964408875,0.5118817687034607,-0.046571891754865646,0.4021599292755127,0.5442804098129272,-0.0480160228908062,0.41773906350135803,0.397384375333786,-0.026911834254860878,0.40449589490890503,0.45082226395606995,-0.036934465169906616,0.3934285044670105,0.43713146448135376,-0.031611405313014984,0.39136451482772827,0.4156350791454315,-0.025113752111792564,0.4355933368206024,0.3930506408214569,-0.021974189206957817,0.41917118430137634,0.4335061013698578,-0.02728785015642643,0.40924230217933655,0.4236062169075012,-0.02133321389555931,0.40859630703926086,0.40656569600105286,-0.01498539187014103,2
0.4179372787475586,0.4543118476867676,1.3707500556847663e-07,0.3845139443874359,0.4141029417514801,0.0030092590022832155,0.33765876293182373,0.40475255250930786,-0.0027768483851104975,0.30341219902038574,0.426489919424057,-0.010379387065768242,0.28291672468185425,0.4514937698841095,-0.019199637696146965,0.32639992237091064,0.37340182065963745,-0.017444709315896034,0.2785182595252991,0.3563058376312256,-0.02975485473871231,0.24948114156723022,0.3440150320529938,-0.03643051162362099,0.22544731199741364,0.33393874764442444,-0.040538106113672256,0.3301161527633667,0.4016881287097931,-0.026315990835428238,0.27476197481155396,0.41750800609588623,-0.038094326853752136,0.24310028553009033,0.42668667435646057,-0.04275317117571831,0.21762996912002563,0.43355023860931396,-0.046295613050460815,0.3388274908065796,0.43376293778419495,-0.03342714533209801,0.2989259362220764,0.4635005593299866,-0.04477931186556816,0.31584876775741577,0.4600122272968292,-0.04129956662654877,0.3324936330318451,0.452366441488266,-0.03652181476354599,0.349938303232193,0.4645456373691559,-0.03998635709285736,0.31863799691200256,0.48481282591819763,-0.04669540375471115,0.33128848671913147,0.48198893666267395,-0.040418606251478195,0.34544771909713745,0.47415027022361755,-0.034022752195596695,2
0.3649819493293762,0.5203157067298889,1.1982990599790355e-07,0.353484570980072,0.4706610441207886,0.0015634422888979316,0.33211079239845276,0.42631980776786804,-0.0052131046541035175,0.3017663061618805,0.408624529838562,-0.014426085166633129,0.27914562821388245,0.406898558139801,-0.024274373427033424,0.34252437949180603,0.39294707775115967,-0.01492671761661768,0.31802037358283997,0.3402710258960724,-0.02911699190735817,0.3037993013858795,0.3068011403083801,-0.03723779693245888,0.2929856479167938,0.2785242795944214,-0.04277343302965164,0.3390086889266968,0.409684419631958,-0.024696366861462593,0.2922472059726715,0.37107986211776733,-0.04169158637523651,0.2628702223300934,0.3482325077056885,-0.04971550405025482,0.24113184213638306,0.327871710062027,-0.054801810532808304,0.3331223726272583,0.43398067355155945,-0.03345275670289993,0.28268876671791077,0.4268018305301666,-0.04887937009334564,0.2905064523220062,0.44591668248176575,-0.04628605395555496,0.3045898675918579,0.4531528949737549,-0.041475433856248856,0.32599198818206787,0.4604435861110687,-0.04210039973258972,0.2855707108974457,0.45899268984794617,-0.05207598954439163,0.2929777204990387,0.47294914722442627,-0.04780176281929016,0.3069184422492981,0.4770771861076355,-0.042643819004297256,2
0.3328799903392792,0.4007827043533325,2.1614420120386058e-07,0.3381326496601105,0.33972570300102234,0.012219635769724846,0.32252073287963867,0.29995399713516235,0.013764058239758015,0.3010305166244507,0.29149937629699707,0.012147918343544006,0.28037720918655396,0.2977149486541748,0.008646837435662746,0.3168589472770691,0.2759409248828888,-0.004811282269656658,0.3040093183517456,0.2115422785282135,-0.011136434972286224,0.2875572443008423,0.17882388830184937,-0.011988683603703976,0.27376654744148254,0.1616341471672058,-0.010744250379502773,0.2940851151943207,0.290969580411911,-0.013006866909563541,0.26255521178245544,0.23841291666030884,-0.019120803102850914,0.24478629231452942,0.22373084723949432,-0.016802605241537094,0.23479677736759186,0.222018301486969,-0.012903395108878613,0.2753813862800598,0.31521257758140564,-0.019108721986413002,0.24488624930381775,0.2928372323513031,-0.021098583936691284,0.25484517216682434,0.305779367685318,-0.014124225825071335,0.26787057518959045,0.3182193636894226,-0.0071536460891366005,0.2612735331058502,0.3445785343647003,-0.024071743711829185,0.24181222915649414,0.32781144976615906,-0.02098209038376808,0.2510365843772888,0.3362495005130768,-0.011202001012861729,0.2635713219642639,0.34384530782699585,-0.002383737126365304,2
0.4022830128669739,0.5272856950759888,2.6296191890651244e-07,0.4049513339996338,0.47439393401145935,0.005219539161771536,0.3883807361125946,0.43445855379104614,0.001749509829096496,0.3652511239051819,0.42527711391448975,-0.004206861834973097,0.34418514370918274,0.4314956068992615,-0.011326027102768421,0.3917213976383209,0.4070650339126587,-0.010715517215430737,0.37589868903160095,0.35384079813957214,-0.02039109356701374,0.36497873067855835,0.3219550848007202,-0.024863338097929955,0.35552752017974854,0.29804643988609314,-0.02679295465350151,0.3735465109348297,0.4190382957458496,-0.0189512986689806,0.33869192004203796,0.36843031644821167,-0.0286258514970541,0.31596410274505615,0.3394157886505127,-0.03274897113442421,0.29792964458465576,0.31752973794937134,-0.034518949687480927,0.3572552800178528,0.43949979543685913,-0.025504980236291885,0.3244735896587372,0.4236736595630646,-0.0338144488632679,0.3334285020828247,0.43790629506111145,-0.032041285187006,0.34494465589523315,0.4479900300502777,-0.028000134974718094,0.3430788815021515,0.46373435854911804,-0.031515613198280334,0.3234225809574127,0.4558456838130951,-0.034923259168863297,0.33177611231803894,0.4667317867279053,-0.02947412244975567,0.34273761510849,0.4731746315956116,-0.02355382591485977,2
0.40967318415641785,0.513618528842926,3.8343949881891604e-07,0.42739784717559814,0.46700626611709595,-0.0007858855533413589,0.41646620631217957,0.42018604278564453,-0.003595412941649556,0.3894343972206116,0.40083596110343933,-0.005286059807986021,0.36418187618255615,0.39671826362609863,-0.008190094493329525,0.4203189015388489,0.4057186245918274,-0.01586267538368702,0.4134201407432556,0.34666794538497925,-0.019636409357190132,0.40831488370895386,0.31630003452301025,-0.02068103849887848,0.40186211466789246,0.29185739159584045,-0.020840151235461235,0.3950171172618866,0.4120143949985504,-0.018334288150072098,0.38396477699279785,0.3447355628013611,-0.021241310983896255,0.37564411759376526,0.30500805377960205,-0.023512987419962883,0.3665285110473633,0.27532970905303955,-0.024792686104774475,0.37145525217056274,0.4236700236797333,-0.01927534118294716,0.35176366567611694,0.371252179145813,-0.02340712398290634,0.34138643741607666,0.3431311845779419,-0.029106145724654198,0.3322264552116394,0.3248310089111328,-0.0332806333899498,0.35326719284057617,0.43877774477005005,-0.01916208676993847,0.356046199798584,0.41044333577156067,-0.02140338160097599,0.3657211363315582,0.41595879197120667,-0.019677134230732918,0.37340083718299866,0.4255850911140442,-0.018320808187127113,3
0.41197168827056885,0.5080253481864929,2.6361141181041603e-07,0.4165339171886444,0.4614354372024536,0.004439057782292366,0.4001348316669464,0.42227911949157715,0.0016699486877769232,0.37221822142601013,0.41077932715415955,-0.001972886733710766,0.3484342694282532,0.40964290499687195,-0.006552116014063358,0.40960609912872314,0.39646413922309875,-0.008822807110846043,0.3837263584136963,0.3552069664001465,-0.015337961725890636,0.3652932941913605,0.3362639546394348,-0.0183512382209301,0.3491132855415344,0.3211435079574585,-0.020449673756957054,0.3946093022823334,0.4029195010662079,-0.01609637588262558,0.3774723410606384,0.34325093030929565,-0.023609451949596405,0.36536237597465515,0.30914270877838135,-0.026143664494156837,0.3549402058124542,0.2795213460922241,-0.027081694453954697,0.37744542956352234,0.4180287718772888,-0.02221534214913845,0.3444037139415741,0.37556639313697815,-0.030015012249350548,0.32669752836227417,0.35879698395729065,-0.031146205961704254,0.3168754279613495,0.3413795828819275,-0.03126947209239006,0.36091434955596924,0.4397412836551666,-0.027397360652685165,0.3406876027584076,0.4229964017868042,-0.03221776336431503,0.34378552436828613,0.4357101619243622,-0.02803047187626362,0.3511680066585541,0.44470342993736267,-0.024380473420023918,3
0.41624313592910767,0.5111119747161865,3.4642812352103647e-07,0.4323512315750122,0.4624978303909302,0.003591610584408045,0.4236200451850891,0.4190405607223511,0.0024587821681052446,0.39954763650894165,0.40761274099349976,0.0007750864024274051,0.37625652551651,0.4081687927246094,-0.0022319708950817585,0.4272126853466034,0.3994404375553131,-0.007004137616604567,0.42231130599975586,0.3436942994594574,-0.009971236810088158,0.417146235704422,0.31483861804008484,-0.010874043218791485,0.4106176793575287,0.2921620011329651,-0.011020482517778873,0.40339916944503784,0.402129203081131,-0.012068986892700195,0.3935806453227997,0.33801257610321045,-0.013616487383842468,0.3871692419052124,0.3005140721797943,-0.014860985800623894,0.38000795245170593,0.27162814140319824,-0.015398196876049042,0.38042330741882324,0.4128901958465576,-0.015943720936775208,0.36469566822052,0.36897748708724976,-0.018269360065460205,0.3579617142677307,0.3433477282524109,-0.02288612350821495,0.351491779088974,0.325204461812973,-0.02640512026846409,0.3622184693813324,0.4280831515789032,-0.01885017566382885,0.3631724715232849,0.40840551257133484,-0.019510144367814064,0.37079933285713196,0.4165360927581787,-0.016547322273254395,0.37696483731269836,0.42766040563583374,-0.01427383627742529,3
0.41726744174957275,0.5107592344284058,6.46686171279498e-09,0.422750324010849,0.46030715107917786,0.009078547358512878,0.41159138083457947,0.41856443881988525,0.009707721881568432,0.3949035406112671,0.4022567868232727,0.007572908885776997,0.37614500522613525,0.4030534029006958,0.003930189646780491,0.41281986236572266,0.39102330803871155,-0.00034308983595110476,0.4011856019496918,0.3415255844593048,-0.004755528178066015,0.3907864987850189,0.31130629777908325,-0.0065408311784267426,0.3813987970352173,0.2888683080673218,-0.008103256113827229,0.39611271023750305,0.40118470788002014,-0.008288427256047726,0.36582762002944946,0.3770849108695984,-0.013800641521811485,0.3675875663757324,0.3954308032989502,-0.011476835235953331,0.37703439593315125,0.40812551975250244,-0.008741822093725204,0.3797703683376312,0.41968756914138794,-0.015023856423795223,0.35453689098358154,0.40867069363594055,-0.016982311382889748,0.3594609200954437,0.42320552468299866,-0.010342837311327457,0.36864611506462097,0.43020910024642944,-0.005959316156804562,0.3654910922050476,0.44122445583343506,-0.02132538892328739,0.3489120304584503,0.4336693286895752,-0.019773881882429123,0.3545582890510559,0.4456029534339905,-0.012496652081608772,0.362717866897583,0.452248752117157,-0.0068989465944468975,1
0.4223088324069977,0.45307600498199463,-7.211385621985755e-08,0.4175252616405487,0.4067991375923157,0.003915178589522839,0.3988543152809143,0.3716602325439453,-0.00041121128015220165,0.37887150049209595,0.36022815108299255,-0.0062882257625460625,0.36194926500320435,0.36366093158721924,-0.01327589526772499,0.3943628966808319,0.3429398238658905,-0.013107344508171082,0.36584222316741943,0.30203431844711304,-0.025380855426192284,0.34281572699546814,0.28027111291885376,-0.03233017772436142,0.3243400752544403,0.26392465829849243,-0.03735632821917534,0.38962864875793457,0.36254584789276123,-0.021323638036847115,0.3437049090862274,0.3540051281452179,-0.03422699123620987,0.3475680947303772,0.3742460310459137,-0.033324263989925385,0.36172154545783997,0.3799620568752289,-0.03151661157608032,0.3834321200847626,0.389519602060318,-0.028860079124569893,0.34327232837677,0.3894132971763611,-0.038022130727767944,0.35093316435813904,0.40336400270462036,-0.030395379289984703,0.36481255292892456,0.40246549248695374,-0.024651717394590378,0.37827906012535095,0.41713979840278625,-0.03625153377652168,0.3480490446090698,0.4196792244911194,-0.041099000722169876,0.3557834327220917,0.4292912483215332,-0.03445369005203247,0.3684440851211548,0.42884981632232666,-0.028939737007021904,1
0.4158381521701813,0.5007172226905823,-1.0665515759455957e-07,0.41536957025527954,0.451038122177124,0.007930715568363667,0.3992149233818054,0.40639954805374146,0.0065608397126197815,0.378379225730896,0.3880620300769806,0.0030966296326369047,0.3599361181259155,0.3888595402240753,-0.0011553179938346148,0.39697834849357605,0.37738293409347534,-0.0060937595553696156,0.3833203911781311,0.32502278685569763,-0.016292162239551544,0.3604263961315155,0.31059205532073975,-0.02037452720105648,0.34207454323768616,0.31041914224624634,-0.02199050784111023,0.3867206871509552,0.39273980259895325,-0.01451309397816658,0.3440534770488739,0.3749849796295166,-0.02389797940850258,0.3465432822704315,0.3951648473739624,-0.02036077342927456,0.35937198996543884,0.4044641852378845,-0.016661914065480232,0.3754723370075226,0.41688668727874756,-0.02230588160455227,0.3375213146209717,0.40886229276657104,-0.02810594066977501,0.3441411554813385,0.4237940013408661,-0.019665773957967758,0.3562435209751129,0.4261390268802643,-0.013749518431723118,0.36597317457199097,0.4427843689918518,-0.029557351022958755,0.3384222388267517,0.4381849765777588,-0.031146276742219925,0.34514671564102173,0.45014894008636475,-0.023487193509936333,0.3561004400253296,0.4531140923500061,-0.01740231178700924,1
0.3809058964252472,0.46922558546066284,-2.3354921552254382e-07,0.3450365364551544,0.4471619129180908,-0.007910176180303097,0.3202976584434509,0.41571977734565735,-0.0187921691685915,0.30858421325683594,0.3876684606075287,-0.03154284507036209,0.31279367208480835,0.36688315868377686,-0.04246284440159798,0.3542921543121338,0.33604156970977783,-0.007322938181459904,0.3473877012729645,0.2852838635444641,-0.02724987454712391,0.3278704881668091,0.2695837616920471,-0.038185447454452515,0.3097383677959442,0.2700592875480652,-0.04366583377122879,0.37446996569633484,0.3395160436630249,-0.013129042461514473,0.3362361490726471,0.3342583477497101,-0.03296976163983345,0.3314380347728729,0.37025007605552673,-0.03371662646532059,0.3412936329841614,0.3824191391468048,-0.03060065768659115,0.38871365785598755,0.3531983494758606,-0.021909678354859352,0.3465758264064789,0.3601822257041931,-0.03920352831482887,0.3459031283855438,0.3931784927845001,-0.02926439605653286,0.35680240392684937,0.39980751276016235,-0.019651688635349274,0.3980086147785187,0.37434121966362,-0.032438408583402634,0.362197607755661,0.38552409410476685,-0.042112357914447784,0.3604242503643036,0.40998685359954834,-0.03480290248990059,0.3698377013206482,0.41460710763931274,-0.027109330520033836,1
0.3174300789833069,0.4693959951400757,-3.7322696044839176e-08,0.35753488540649414,0.46122613549232483,-0.0030528237111866474,0.3845539093017578,0.42944660782814026,-0.003586969804018736,0.389117956161499,0.39628520607948303,-0.0033803198020905256,0.37638184428215027,0.38576337695121765,-0.0033338761422783136,0.35412147641181946,0.36413341760635376,-0.007877828553318977,0.34848499298095703,0.3209792971611023,-0.008391269482672215,0.3495810031890869,0.30112630128860474,-0.009613201022148132,0.35347968339920044,0.28922516107559204,-0.011163284070789814,0.33365365862846375,0.35507193207740784,-0.006200494710355997,0.34124189615249634,0.3610903024673462,-0.004631796386092901,0.3447747826576233,0.3809486925601959,-0.0032754940912127495,0.345694363117218,0.3966769278049469,-0.003207902889698744,0.3159843385219574,0.36087435483932495,-0.0036291335709393024,0.32389524579048157,0.3713446855545044,-0.0019991928711533546,0.327144056558609,0.38413485884666443,-0.00012776884250342846,0.32803553342819214,0.395358145236969,-0.00010074616147903726,0.3004194498062134,0.3694799542427063,-0.0013735026586800814,0.3084207773208618,0.37974393367767334,0.0009338156087324023,0.3121464252471924,0.39194047451019287,0.004054124001413584,0.3126995861530304,0.40217939019203186,0.006397330202162266,1
0.34398409724235535,0.4753073453903198,3.8962486570426336e-09,0.34605833888053894,0.4218471646308899,0.006235932465642691,0.3291059732437134,0.38425174355506897,0.005091188009828329,0.305622398853302,0.36985301971435547,0.0022656749933958054,0.28549888730049133,0.37259751558303833,-0.0019842369947582483,0.31925854086875916,0.3546004891395569,-0.009402223862707615,0.2966219186782837,0.3020895719528198,-0.017284691333770752,0.2782805860042572,0.27198541164398193,-0.020646577700972557,0.26239243149757385,0.25078094005584717,-0.022831963375210762,0.30122390389442444,0.3700946867465973,-0.014768049120903015,0.26895156502723694,0.3610475957393646,-0.022223155945539474,0.27482497692108154,0.3804267644882202,-0.01898457668721676,0.286661833524704,0.389556884765625,-0.015382437966763973,0.28575974702835083,0.3932476341724396,-0.018798045814037323,0.2646310329437256,0.3969589173793793,-0.022031551226973534,0.2733600437641144,0.41086921095848083,-0.014828700572252274,0.2845984995365143,0.41462165117263794,-0.009623865596950054,0.27318814396858215,0.41779306530952454,-0.022517239674925804,0.2616027891635895,0.41949957609176636,-0.022037643939256668,0.27050092816352844,0.43261340260505676,-0.015173014253377914,0.2801675498485565,0.43720829486846924,-0.009148797951638699,1
0.421487033367157,0.49688151478767395,1.0347095980023369e-07,0.4256127178668976,0.451066792011261,0.004852392710745335,0.4147593080997467,0.4092678427696228,0.0035852857399731874,0.3957355320453644,0.38924914598464966,-0.00020639115246012807,0.3768043518066406,0.38737183809280396,-0.004553269594907761,0.4176309406757355,0.38268840312957764,-0.003508731024339795,0.40189310908317566,0.3346908390522003,-0.011512812227010727,0.3916468322277069,0.30484843254089355,-0.015072260051965714,0.3831767141819,0.2821190059185028,-0.016908831894397736,0.40457138419151306,0.3889177739620209,-0.01098460890352726,0.36789023876190186,0.34672731161117554,-0.020682765170931816,0.3462165296077728,0.3262820839881897,-0.02450438030064106,0.3307648003101349,0.30915239453315735,-0.025590024888515472,0.3916473388671875,0.40369558334350586,-0.017613092437386513,0.3545852601528168,0.3979790210723877,-0.026244215667247772,0.3601231575012207,0.4161061644554138,-0.025982780382037163,0.3712269365787506,0.42266103625297546,-0.0231774915009737,0.3791084289550781,0.42267152667045593,-0.023904595524072647,0.35269320011138916,0.423589825630188,-0.028334561735391617,0.3583940863609314,0.4386577606201172,-0.025469133630394936,0.36872097849845886,0.4441749155521393,-0.021588025614619255,2
0.4260496199131012,0.499936044216156,1.656800918681256e-07,0.3999956548213959,0.47618550062179565,-0.004159446340054274,0.38743776082992554,0.4386180639266968,-0.0079427445307374,0.38378584384918213,0.4112967252731323,-0.013069270178675652,0.3903498947620392,0.38825124502182007,-0.01863575354218483,0.41450369358062744,0.3903268873691559,-0.0029167314060032368,0.39646175503730774,0.3459552228450775,-0.010559909045696259,0.3831123113632202,0.3183923065662384,-0.01564892753958702,0.373527854681015,0.2956535816192627,-0.019482633098959923,0.43017858266830444,0.3901016414165497,-0.010556697845458984,0.4356478452682495,0.3300974667072296,-0.021959267556667328,0.4338318407535553,0.2920204997062683,-0.02947932668030262,0.4317023754119873,0.2613951563835144,-0.03314809873700142,0.4411715567111969,0.39755764603614807,-0.019466569647192955,0.43087783455848694,0.34099531173706055,-0.03897206112742424,0.41059592366218567,0.3169271647930145,-0.04983784630894661,0.3972204327583313,0.30068692564964294,-0.054088033735752106,0.4456946849822998,0.41103488206863403,-0.027764305472373962,0.41756686568260193,0.378192275762558,-0.04553237557411194,0.39943814277648926,0.39544522762298584,-0.0488053523004055,0.3915066421031952,0.4175827205181122,-0.04865790158510208,3
0.4294670820236206,0.4987926483154297,3.1933839750308834e-07,0.4510400891304016,0.45565664768218994,0.0015735048800706863,0.4478486180305481,0.4078369438648224,0.001273368252441287,0.42747795581817627,0.38231512904167175,0.0008154079550877213,0.407314270734787,0.3703964352607727,-0.0006446556653827429,0.4485437870025635,0.3879335820674896,-0.007945816963911057,0.4443211853504181,0.33392104506492615,-0.011336343362927437,0.44131338596343994,0.30320945382118225,-0.012519854120910168,0.43669360876083374,0.27915722131729126,-0.012798518873751163,0.4251755475997925,0.3895576298236847,-0.012182635255157948,0.4192224442958832,0.32463860511779785,-0.0151787418872118,0.4150707423686981,0.2853470742702484,-0.017596907913684845,0.4098045825958252,0.2546077370643616,-0.018601832911372185,0.4026033580303192,0.39923518896102905,-0.015404158271849155,0.38778430223464966,0.348283976316452,-0.02077322266995907,0.38133251667022705,0.3195302486419678,-0.026545938104391098,0.3761832118034363,0.29965242743492126,-0.029945116490125656,0.3838365077972412,0.4141595661640167,-0.01752432994544506,0.3857814371585846,0.38477176427841187,-0.021106429398059845,0.39585456252098083,0.3879423439502716,-0.019651157781481743,0.4050646722316742,0.39687371253967285,-0.017888059839606285,3
0.45170488953590393,0.5287222862243652,1.2918719960453018e-07,0.45720013976097107,0.46222445368766785,0.004129741806536913,0.4773227572441101,0.42844489216804504,0.0015924634644761682,0.48818957805633545,0.4055160582065582,-0.0022925622761249542,0.49738916754722595,0.38976550102233887,-0.007309754379093647,0.5362931489944458,0.462864488363266,-0.009059610776603222,0.5638436675071716,0.42189401388168335,-0.015540050342679024,0.5775546431541443,0.3891955316066742,-0.01885637268424034,0.586956799030304,0.36086755990982056,-0.021246707066893578,0.534115195274353,0.4732320308685303,-0.018479054793715477,0.5745831727981567,0.43013709783554077,-0.030833953991532326,0.5949487090110779,0.3966605067253113,-0.03735322877764702,0.609438419342041,0.3687456250190735,-0.040156472474336624,0.5233216881752014,0.47773057222366333,-0.026765378192067146,0.5479562282562256,0.42092233896255493,-0.042543888092041016,0.558995246887207,0.3826897144317627,-0.050444096326828,0.5677815675735474,0.35619306564331055,-0.05326913297176361,0.503166675567627,0.47146835923194885,-0.03355361521244049,0.5062404870986938,0.4179214537143707,-0.04338763654232025,0.4933418035507202,0.4030504524707794,-0.0422382652759552,0.47967764735221863,0.4016155004501343,-0.03997550904750824,3
0.4606555104255676,0.5409046411514282,2.1716236631164065e-07,0.4396166205406189,0.5121122598648071,-0.014741088263690472,0.43015456199645996,0.4757757782936096,-0.02223326824605465,0.45054924488067627,0.4525643289089203,-0.02842671424150467,0.47478392720222473,0.4383501410484314,-0.0354299321770668,0.4427958130836487,0.4095287621021271,-0.016720766201615334,0.4302762746810913,0.3580228090286255,-0.027621768414974213,0.42493849992752075,0.32464709877967834,-0.03535925969481468,0.42099249362945557,0.29518115520477295,-0.04160836338996887,0.46945807337760925,0.408428430557251,-0.021179212257266045,0.4762780964374542,0.3434443473815918,-0.029334673658013344,0.48248490691185,0.3033120036125183,-0.0367366261780262,0.48748865723609924,0.2704777717590332,-0.04210186377167702,0.4903370440006256,0.4253389835357666,-0.027589187026023865,0.5017768144607544,0.38253581523895264,-0.042316436767578125,0.5050309300422668,0.35052943229675293,-0.055028218775987625,0.5087512135505676,0.3216401934623718,-0.0636744499206543,0.5074071288108826,0.4543339014053345,-0.03468786180019379,0.49998462200164795,0.43989333510398865,-0.05086603760719299,0.48492035269737244,0.45599308609962463,-0.05478521063923836,0.47345733642578125,0.4730217754840851,-0.05689089745283127,3
0.47074198722839355,0.509055495262146,2.4123377784235345e-07,0.47408005595207214,0.4589688181877136,0.005342281889170408,0.46113669872283936,0.41585028171539307,0.003786698216572404,0.43969982862472534,0.39740294218063354,2.9839361559425015e-06,0.42016416788101196,0.3949401080608368,-0.004659842699766159,0.45887526869773865,0.3876881003379822,-0.007009462919086218,0.44775035977363586,0.336424320936203,-0.01658443734049797,0.4412974715232849,0.3020845055580139,-0.021876411512494087,0.4359523355960846,0.2760975658893585,-0.02424519509077072,0.44342952966690063,0.3982005715370178,-0.013857107609510422,0.41119667887687683,0.3543586730957031,-0.02207622118294239,0.3912600576877594,0.3278180658817291,-0.025430262088775635,0.3755306005477905,0.3067019581794739,-0.02707369066774845,0.4293157756328583,0.41750678420066833,-0.019415324553847313,0.3968355059623718,0.4038596749305725,-0.02603158913552761,0.40322089195251465,0.4184080958366394,-0.02292213775217533,0.41300153732299805,0.42823275923728943,-0.01856265403330326,0.416548490524292,0.44118887186050415,-0.02464119903743267,0.3938670754432678,0.4334467947483063,-0.02716692164540291,0.4000360369682312,0.4456506669521332,-0.021487507969141006,0.409539133310318,0.4527279734611511,-0.015625040978193283,2
0.46928468346595764,0.5184881091117859,-2.401188581302449e-08,0.4524039924144745,0.474179744720459,0.0018102539470419288,0.42574015259742737,0.4426133930683136,-0.0057505276054143906,0.39786776900291443,0.4348689019680023,-0.01461008470505476,0.37934860587120056,0.4368934631347656,-0.02464303746819496,0.4328593611717224,0.40482109785079956,-0.022647706791758537,0.3959924280643463,0.36988094449043274,-0.03701665624976158,0.37294629216194153,0.34844595193862915,-0.046586912125349045,0.35212966799736023,0.32938307523727417,-0.0537923201918602,0.43651941418647766,0.42687344551086426,-0.03188315033912659,0.38775959610939026,0.4115196466445923,-0.04694749414920807,0.35884207487106323,0.4087085425853729,-0.05244513973593712,0.33629730343818665,0.40615472197532654,-0.05682384967803955,0.438223272562027,0.45591798424720764,-0.03953859210014343,0.38923147320747375,0.46208229660987854,-0.05076655000448227,0.3991384208202362,0.4718296527862549,-0.0453449971973896,0.4143417477607727,0.47303077578544617,-0.040756408125162125,0.43798184394836426,0.48609352111816406,-0.04709256440401077,0.39781278371810913,0.48919570446014404,-0.05391969904303551,0.4049255847930908,0.49644115567207336,-0.04720313102006912,0.4196970760822296,0.49596357345581055,-0.04140589386224747,2
0.46209320425987244,0.517307698726654,-7.317851213883841e-08,0.43799227476119995,0.4721022844314575,0.003422553651034832,0.4177261292934418,0.4331551790237427,-0.0031480283942073584,0.3984317183494568,0.4189281165599823,-0.012469964101910591,0.3870006203651428,0.4142609238624573,-0.021492915228009224,0.44425374269485474,0.38883110880851746,-0.012136043049395084,0.42885318398475647,0.3385949432849884,-0.02990468591451645,0.40597137808799744,0.3287275433540344,-0.040198225528001785,0.38575032353401184,0.33004629611968994,-0.04465136304497719,0.45039668679237366,0.4056747257709503,-0.022910835221409798,0.4200775623321533,0.36297914385795593,-0.03854682669043541,0.3932797610759735,0.35653215646743774,-0.043309375643730164,0.375108540058136,0.357666552066803,-0.044871147722005844,0.45074009895324707,0.4306100010871887,-0.0337272509932518,0.40357476472854614,0.42509713768959045,-0.04522653669118881,0.4023815095424652,0.4427528977394104,-0.042143315076828,0.41228023171424866,0.4521752595901489,-0.03790172189474106,0.44540685415267944,0.45944416522979736,-0.04453380033373833,0.40521371364593506,0.4593077600002289,-0.04972283914685249,0.4065248966217041,0.4713312089443207,-0.04413413256406784,0.419440895318985,0.47514885663986206,-0.038848597556352615,2
0.4696319103240967,0.5096490383148193,4.115526763825983e-08,0.4778151512145996,0.45631158351898193,0.014739210717380047,0.4688478410243988,0.4154232442378998,0.01783040538430214,0.451224148273468,0.3974076509475708,0.01750786416232586,0.43216413259506226,0.39436426758766174,0.016496766358613968,0.46928125619888306,0.38749903440475464,0.0012443563900887966,0.46273380517959595,0.3282673954963684,-0.007035855669528246,0.4451640844345093,0.30663031339645386,-0.00886739231646061,0.43047717213630676,0.30537277460098267,-0.00722010713070631,0.45215585827827454,0.3982938230037689,-0.00867332611232996,0.4249022901058197,0.34095335006713867,-0.017108075320720673,0.4095170497894287,0.33784031867980957,-0.014657371677458286,0.4031981825828552,0.3488418459892273,-0.009346820414066315,0.4343942701816559,0.4190101623535156,-0.017099328339099884,0.4032033681869507,0.3922306001186371,-0.020702781155705452,0.4068636894226074,0.4068273901939392,-0.013076886534690857,0.41694316267967224,0.4191659092903137,-0.005147860385477543,0.4186307489871979,0.44449886679649353,-0.024325331673026085,0.39911842346191406,0.4282587766647339,-0.023412244394421577,0.404558390378952,0.4390450119972229,-0.015320933423936367,0.4154484272003174,0.44726648926734924,-0.007247959263622761,2
0.24073629081249237,0.4411993622779846,2.1832948959854548e-07,0.2197522521018982,0.38741281628608704,0.015280479565262794,0.18736332654953003,0.3631431758403778,0.01761455647647381,0.16119466722011566,0.3678256869316101,0.016263868659734726,0.14370346069335938,0.3869273066520691,0.013757619075477123,0.1691485345363617,0.33837243914604187,-0.001975366612896323,0.12401024252176285,0.2981407344341278,-0.007489810697734356,0.09413707256317139,0.28448984026908875,-0.0073932153172791,0.07385151833295822,0.2823305130004883,-0.0051679653115570545,0.1580542027950287,0.36664581298828125,-0.012042311020195484,0.10021167248487473,0.3493095934391022,-0.017612099647521973,0.06706903129816055,0.3492441773414612,-0.016717202961444855,0.04418899118900299,0.35318148136138916,-0.014094850979745388,0.1535135805606842,0.40178343653678894,-0.019440190866589546,0.11589659750461578,0.41497108340263367,-0.02077295258641243,0.1288081854581833,0.42093393206596375,-0.014400165528059006,0.14292578399181366,0.4208592176437378,-0.007701408118009567,0.15416909754276276,0.43938517570495605,-0.0255039744079113,0.13147205114364624,0.4469255805015564,-0.021453561261296272,0.1430465281009674,0.4497733414173126,-0.011385785415768623,0.15566347539424896,0.4467780590057373,-0.0022105060052126646,2
0.27440428733825684,0.6073290109634399,3.81094793056036e-07,0.24911972880363464,0.553586483001709,0.0006333561614155769,0.20818635821342468,0.5400377511978149,-0.003289123298600316,0.1794738471508026,0.5621834993362427,-0.00746398838236928,0.16466648876667023,0.5921694040298462,-0.011691242456436157,0.18960149586200714,0.5279556512832642,-0.01959439180791378,0.13520507514476776,0.49346309900283813,-0.02682720683515072,0.10358729958534241,0.48629072308540344,-0.027161752805113792,0.08105935901403427,0.4868800640106201,-0.025410208851099014,0.1805448830127716,0.5688632726669312,-0.02302204817533493,0.11807482689619064,0.5615606904029846,-0.03040832281112671,0.08406918495893478,0.5595979690551758,-0.030349060893058777,0.060059718787670135,0.5610330104827881,-0.028744714334607124,0.17877617478370667,0.6081315875053406,-0.024272004142403603,0.1411007046699524,0.5995147228240967,-0.02852918952703476,0.15654094517230988,0.5923232436180115,-0.0223954189568758,0.17300674319267273,0.5933404564857483,-0.015392286702990532,0.1819327175617218,0.6388927102088928,-0.0252679493278265,0.16309741139411926,0.6247203946113586,-0.02344888262450695,0.17390352487564087,0.6180062294006348,-0.014204873703420162,0.18507249653339386,0.6181399822235107,-0.00549737736582756,2
0.23519721627235413,0.34897059202194214,1.855899682823292e-07,0.2132640779018402,0.29831281304359436,0.011084162630140781,0.17870889604091644,0.2742233872413635,0.012656914070248604,0.15022264420986176,0.2815529406070709,0.010795100592076778,0.13302916288375854,0.3040046691894531,0.007921537384390831,0.14959514141082764,0.2586565911769867,0.0016184390988200903,0.09953263401985168,0.23980039358139038,-0.003689743811264634,0.07052965462207794,0.2324008047580719,-0.0053037977777421474,0.04997892677783966,0.23316630721092224,-0.004701037425547838,0.1410559117794037,0.2872111201286316,-0.007302677258849144,0.08545257151126862,0.28012391924858093,-0.011863975785672665,0.05317143350839615,0.28399792313575745,-0.01385975256562233,0.030567891895771027,0.2917482852935791,-0.01392720639705658,0.14023728668689728,0.3206726908683777,-0.014480119571089745,0.10788125544786453,0.33932578563690186,-0.016548002138733864,0.12279614806175232,0.3430541157722473,-0.013173189014196396,0.13772748410701752,0.34095749258995056,-0.008790560066699982,0.14444245398044586,0.355758935213089,-0.02085951715707779,0.12463272362947464,0.36655348539352417,-0.018001563847064972,0.1374780535697937,0.3677542805671692,-0.010276954621076584,0.14970605075359344,0.3644866943359375,-0.003081769682466984,2
0.24184581637382507,0.36542558670043945,-5.7139132536576653e-08,0.21977826952934265,0.3140707314014435,0.009380902163684368,0.17901137471199036,0.29336702823638916,0.01123197004199028,0.1468449831008911,0.29684802889823914,0.010773563757538795,0.12742142379283905,0.3155391812324524,0.009240998886525631,0.14128178358078003,0.2743706703186035,-0.002892718417569995,0.08913947641849518,0.2518564760684967,-0.008016176521778107,0.056830666959285736,0.24079665541648865,-0.008521934039890766,0.03192594647407532,0.23584821820259094,-0.008959273807704449,0.13558876514434814,0.30206358432769775,-0.009972534142434597,0.09323437511920929,0.32998767495155334,-0.016702469438314438,0.11104974150657654,0.340959370136261,-0.0111381271854043,0.1299077272415161,0.3374210000038147,-0.005352148786187172,0.13688603043556213,0.33593621850013733,-0.015736045315861702,0.11469297111034393,0.3650495111942291,-0.018286598846316338,0.1313830316066742,0.36827772855758667,-0.009739160537719727,0.14380204677581787,0.36002951860427856,-0.003831873880699277,0.14113526046276093,0.3691599667072296,-0.021083315834403038,0.1296200454235077,0.38614848256111145,-0.019417356699705124,0.14584796130657196,0.39017701148986816,-0.011870487593114376,0.15704423189163208,0.3860012888908386,-0.005740607623010874,1
0.227937251329422,0.3750245273113251,3.071370713314536e-07,0.20706763863563538,0.31472358107566833,0.014968548901379108,0.16766783595085144,0.28945446014404297,0.022032713517546654,0.13488620519638062,0.2951817214488983,0.02735012210905552,0.11452142894268036,0.31448787450790405,0.031169461086392403,0.1382829248905182,0.2728390097618103,0.004193393513560295,0.08542267978191376,0.24730268120765686,0.004671030677855015,0.05642563849687576,0.235192209482193,0.00694635696709156,0.0333898663520813,0.229914590716362,0.009388449601829052,0.1238899677991867,0.30398300290107727,-0.003966683521866798,0.06578780710697174,0.2721484899520874,-0.003987545613199472,0.03280013054609299,0.2546485364437103,-0.0031285961158573627,0.007135950028896332,0.24446210265159607,-0.0011099046096205711,0.11770648509263992,0.3404218852519989,-0.00977854523807764,0.0709923580288887,0.33400818705558777,-0.008115079253911972,0.04523438215255737,0.3295205235481262,-0.009117762558162212,0.026582792401313782,0.3273666799068451,-0.009972763247787952,0.12059088796377182,0.3769349753856659,-0.013914257287979126,0.10065986216068268,0.3705761432647705,-0.008105648681521416,0.10865476727485657,0.36967727541923523,-0.0007144023547880352,0.11888636648654938,0.369339257478714,0.004727364983409643,3
0.24916690587997437,0.6612078547477722,4.067121892603609e-07,0.22119644284248352,0.6052038669586182,0.0023431710433214903,0.18274813890457153,0.5924551486968994,0.0020053782500326633,0.15498222410678864,0.6051957607269287,0.002532069804146886,0.1378319263458252,0.6220301985740662,0.0021157395094633102,0.15923920273780823,0.59552401304245,-0.018253685906529427,0.10866668820381165,0.5702908635139465,-0.02226724661886692,0.07960359007120132,0.5580605864524841,-0.022076912224292755,0.056710146367549896,0.5506278872489929,-0.02092961221933365,0.14938774704933167,0.6349064707756042,-0.02054792456328869,0.09067627787590027,0.6250807642936707,-0.02389456145465374,0.05437041074037552,0.61905837059021,-0.023433342576026917,0.027405738830566406,0.6155698299407959,-0.022251226007938385,0.148102805018425,0.6706153750419617,-0.02070562168955803,0.10069818049669266,0.6684626340866089,-0.0227730143815279,0.07301988452672958,0.6577713489532471,-0.026940135285258293,0.05581449717283249,0.6503932476043701,-0.02995804324746132,0.1537948101758957,0.695155143737793,-0.019911127164959908,0.13283073902130127,0.6737775206565857,-0.020680822432041168,0.13535445928573608,0.6547690033912659,-0.01920931413769722,0.14473676681518555,0.6416437029838562,-0.017329778522253036,3
0.3642217516899109,0.6513219475746155,3.3025838774847216e-07,0.34048178791999817,0.6012074947357178,-0.00026047814753837883,0.3049449622631073,0.5874329209327698,-0.0015101489843800664,0.2771599590778351,0.5981385707855225,-0.0015123944031074643,0.26029732823371887,0.611428439617157,-0.0024182817433029413,0.28664258122444153,0.5914561748504639,-0.018254898488521576,0.24073253571987152,0.5698531866073608,-0.023140382021665573,0.21312975883483887,0.5605819821357727,-0.02423224039375782,0.19179251790046692,0.5557305216789246,-0.024116193875670433,0.27827736735343933,0.6286402940750122,-0.01946844346821308,0.22747890651226044,0.6204380393028259,-0.023174110800027847,0.19628018140792847,0.6150320172309875,-0.023697756230831146,0.17301125824451447,0.611595869064331,-0.023358874022960663,0.2768995463848114,0.6613377928733826,-0.018967533484101295,0.23346853256225586,0.6564156413078308,-0.021861188113689423,0.20703750848770142,0.6454119682312012,-0.02650268003344536,0.18926583230495453,0.6379173398017883,-0.02995137684047222,0.2812591791152954,0.6832211017608643,-0.017702564597129822,0.26237785816192627,0.6642787456512451,-0.019748592749238014,0.26366180181503296,0.6475662589073181,-0.019218556582927704,0.2702735960483551,0.6365036964416504,-0.01808016747236252,3
0.347633421421051,0.4805945158004761,2.8454761036300624e-07,0.3264451324939728,0.4324750006198883,0.007277954835444689,0.2916853129863739,0.4143044948577881,0.008032578974962234,0.2652691900730133,0.4192470610141754,0.007874608039855957,0.2481566220521927,0.42998093366622925,0.006101488135755062,0.27612295746803284,0.39964428544044495,-0.012260230258107185,0.23108839988708496,0.37373465299606323,-0.019161179661750793,0.20326024293899536,0.36152714490890503,-0.020934205502271652,0.18109306693077087,0.3556423485279083,-0.020813526585698128,0.2689332365989685,0.4266555607318878,-0.019689762964844704,0.21603213250637054,0.4029577076435089,-0.026959393173456192,0.1843183934688568,0.3920241892337799,-0.02853969857096672,0.15984275937080383,0.3863775134086609,-0.028111912310123444,0.2656759023666382,0.4584594964981079,-0.025126708671450615,0.21880637109279633,0.4515741765499115,-0.031426992267370224,0.1928047090768814,0.45009100437164307,-0.033546335995197296,0.17368602752685547,0.4502374529838562,-0.03393487632274628,0.268265038728714,0.4905882775783539,-0.029144417494535446,0.24087688326835632,0.4782027304172516,-0.03119402937591076,0.24538004398345947,0.475626677274704,-0.025698956102132797,0.254286527633667,0.47632455825805664,-0.020606761798262596,3
0.2790589928627014,0.49716925621032715,2.668705860742193e-07,0.2779172956943512,0.4423638582229614,0.010945792309939861,0.26027244329452515,0.404996782541275,0.011036641895771027,0.23739095032215118,0.3966919481754303,0.009393561631441116,0.21650880575180054,0.40430396795272827,0.005807452369481325,0.2578073740005493,0.3829936683177948,-0.00806498248130083,0.23127953708171844,0.333244651556015,-0.013160739094018936,0.2128855437040329,0.3098939061164856,-0.013790999539196491,0.19827741384506226,0.2952808141708374,-0.012989248149096966,0.2394300103187561,0.3992732763290405,-0.01748671941459179,0.20466706156730652,0.34274789690971375,-0.023237109184265137,0.18360453844070435,0.31253039836883545,-0.023620031774044037,0.1673361361026764,0.2902177572250366,-0.02232530154287815,0.22224882245063782,0.4227675497531891,-0.024658242240548134,0.18364307284355164,0.38611316680908203,-0.029573343694210052,0.16296017169952393,0.37174052000045776,-0.029730256646871567,0.14906564354896545,0.36019980907440186,-0.028836920857429504,0.20944744348526,0.45212605595588684,-0.030116908252239227,0.18829475343227386,0.42882010340690613,-0.030868275091052055,0.19440393149852753,0.43675747513771057,-0.023375438526272774,0.20472273230552673,0.44610223174095154,-0.01687086559832096,3
0.24864375591278076,0.4656858444213867,2.4933774511737283e-07,0.23879706859588623,0.4153693914413452,0.005902449134737253,0.2124248594045639,0.3860974907875061,0.0048630512319505215,0.18478207290172577,0.38789376616477966,0.0018336494686082006,0.1673988550901413,0.4043338894844055,-0.002319954801350832,0.1945616900920868,0.36165961623191833,-0.007806609850376844,0.1558845341205597,0.32456737756729126,-0.01661757379770279,0.1341376155614853,0.29942256212234497,-0.021053019911050797,0.11734862625598907,0.2805134057998657,-0.02258254960179329,0.1800805777311325,0.38649412989616394,-0.013797511346638203,0.13194137811660767,0.36630070209503174,-0.01990520767867565,0.10341854393482208,0.3588317334651947,-0.021904047578573227,0.08278974145650864,0.35417312383651733,-0.022348761558532715,0.1718023717403412,0.4159815013408661,-0.018238823860883713,0.1429012417793274,0.41909992694854736,-0.021566646173596382,0.15534187853336334,0.4257107377052307,-0.017833400517702103,0.16930504143238068,0.4291781187057495,-0.013259701430797577,0.16828076541423798,0.4473075568675995,-0.022387519478797913,0.15420496463775635,0.4501146972179413,-0.021163489669561386,0.16547641158103943,0.45461350679397583,-0.014461386017501354,0.17632637917995453,0.4554707407951355,-0.007949012331664562,2
0.5264456868171692,0.4743911027908325,2.8713279220937693e-07,0.5194714069366455,0.44197386503219604,-0.007939111441373825,0.5240604877471924,0.41329658031463623,-0.011558006517589092,0.5427579283714294,0.39908111095428467,-0.016152378171682358,0.557305634021759,0.39628320932388306,-0.02032717876136303,0.5231528282165527,0.38406315445899963,-0.002360913436859846,0.5240627527236938,0.3465660512447357,-0.010021029971539974,0.5266555547714233,0.32371264696121216,-0.014999272301793098,0.5293288230895996,0.30464887619018555,-0.017613345757126808,0.5372244119644165,0.39169740676879883,-0.004531417042016983,0.5511733889579773,0.35614120960235596,-0.01331387646496296,0.5624861717224121,0.33624088764190674,-0.01869831420481205,0.5724558234214783,0.3215477168560028,-0.020270947366952896,0.5485292673110962,0.4067997336387634,-0.008296479471027851,0.558480978012085,0.39967745542526245,-0.02168194204568863,0.5496342182159424,0.4154036343097687,-0.024922508746385574,0.5432441830635071,0.4263315498828888,-0.022240960970520973,0.55653977394104,0.425010621547699,-0.01264265552163124,0.5652729272842407,0.41459575295448303,-0.021202852949500084,0.5565201044082642,0.4251631200313568,-0.019899126142263412,0.5488765239715576,0.4345394968986511,-0.016232406720519066,2
0.5126669406890869,0.36961376667022705,3.1673565104028967e-07,0.500871479511261,0.34108856320381165,-0.009412838146090508,0.5001783967018127,0.31107428669929504,-0.014169099740684032,0.5158275961875916,0.29001718759536743,-0.019602900370955467,0.5292453765869141,0.2799636721611023,-0.024231240153312683,0.49569132924079895,0.279281884431839,-0.006154063623398542,0.4911215007305145,0.23830536007881165,-0.01483218465000391,0.49056535959243774,0.21318387985229492,-0.01985020563006401,0.49087730050086975,0.19180457293987274,-0.02231440320611,0.5118303894996643,0.28336185216903687,-0.007634964305907488,0.5224322080612183,0.24458642303943634,-0.01816597394645214,0.5318995118141174,0.21980944275856018,-0.023754214867949486,0.5401455760002136,0.20145806670188904,-0.025179080665111542,0.5257269740104675,0.2954860329627991,-0.01054912619292736,0.5352963209152222,0.2873801589012146,-0.02536807395517826,0.5291627645492554,0.30783310532569885,-0.027101637795567513,0.5246250629425049,0.3236258924007416,-0.02276688441634178,0.5366250872612,0.31150922179222107,-0.01414918340742588,0.5441424250602722,0.30027076601982117,-0.023707566782832146,0.5378881692886353,0.3144698441028595,-0.021417053416371346,0.5326656103134155,0.32758304476737976,-0.0164495836943388,2
0.46509435772895813,0.5780349969863892,2.741054743182758e-07,0.4549016058444977,0.5527458786964417,-0.011313220486044884,0.4568677246570587,0.5253852605819702,-0.01653052307665348,0.4770607352256775,0.5121715664863586,-0.021449370309710503,0.49363887310028076,0.5082544088363647,-0.02560744807124138,0.45998209714889526,0.48778972029685974,-0.008296209387481213,0.45824962854385376,0.45060020685195923,-0.01581469736993313,0.45813488960266113,0.4274269640445709,-0.020215805619955063,0.45782938599586487,0.4081522524356842,-0.02260889671742916,0.4757348299026489,0.4930090308189392,-0.008884325623512268,0.4875278174877167,0.45729702711105347,-0.01706652343273163,0.49745437502861023,0.4367617070674896,-0.02140008844435215,0.5062653422355652,0.42150890827178955,-0.022399960085749626,0.4874420464038849,0.507603108882904,-0.011088056489825249,0.4954402446746826,0.5026693940162659,-0.023772284388542175,0.48699912428855896,0.5202251672744751,-0.026080414652824402,0.4811144471168518,0.530764639377594,-0.023084785789251328,0.49594205617904663,0.5263412594795227,-0.014123709872364998,0.5036846399307251,0.5175479054450989,-0.02274196781218052,0.4954892694950104,0.5295957326889038,-0.021296095103025436,0.48860326409339905,0.5385203957557678,-0.017614731565117836,2
0.4653359353542328,0.5774549841880798,-1.1774053954027863e-09,0.45551472902297974,0.5517963171005249,-0.009347588755190372,0.4552709460258484,0.5261430740356445,-0.015048288740217686,0.47015008330345154,0.5092939734458923,-0.02091153711080551,0.4847084581851959,0.5026065111160278,-0.026104334741830826,0.4577162563800812,0.48863062262535095,-0.007549862843006849,0.45419126749038696,0.44938865303993225,-0.01781805232167244,0.4543154239654541,0.42315295338630676,-0.02457789145410061,0.4540777802467346,0.4019950032234192,-0.029082005843520164,0.4734434485435486,0.495201051235199,-0.009370577521622181,0.4829562306404114,0.47148412466049194,-0.02460309863090515,0.4806562066078186,0.4912184178829193,-0.02859056554734707,0.4753546416759491,0.507928729057312,-0.02708897925913334,0.48662588000297546,0.5079083442687988,-0.012580721639096737,0.49419140815734863,0.4970564544200897,-0.02583654411137104,0.48799777030944824,0.515161395072937,-0.023111743852496147,0.4817533493041992,0.5266759395599365,-0.017243918031454086,0.4963392913341522,0.5248790383338928,-0.016861822456121445,0.5039796233177185,0.513744592666626,-0.02335597202181816,0.4970071315765381,0.5253446102142334,-0.019000573083758354,0.489708811044693,0.5341472029685974,-0.013672759756445885,1
0.46096768975257874,0.5514019131660461,-7.759513920291283e-08,0.45070579648017883,0.5301325917243958,-0.005834928713738918,0.4400644898414612,0.5114307999610901,-0.014352861791849136,0.42776092886924744,0.5040145516395569,-0.023204201832413673,0.4236842691898346,0.5096766948699951,-0.032168127596378326,0.4652019739151001,0.4838387966156006,-0.013148212805390358,0.45435506105422974,0.46221908926963806,-0.024209821596741676,0.44598811864852905,0.4475393295288086,-0.0319659449160099,0.43852493166923523,0.4364646077156067,-0.03760426491498947,0.4761941730976105,0.4971356689929962,-0.016382353380322456,0.4432204067707062,0.5009914636611938,-0.0261232927441597,0.4398886263370514,0.5165024399757385,-0.02692301943898201,0.44764211773872375,0.5211519598960876,-0.026897571980953217,0.48105132579803467,0.5188881754875183,-0.02054675482213497,0.44725102186203003,0.5256066918373108,-0.02621629647910595,0.4473157823085785,0.5341981649398804,-0.020504355430603027,0.4556278586387634,0.5344526171684265,-0.016813503578305244,0.48198243975639343,0.5421836972236633,-0.025957390666007996,0.454632043838501,0.5459858775138855,-0.03005688264966011,0.45612990856170654,0.5504704117774963,-0.026194978505373,0.4656170606613159,0.5498708486557007,-0.022768225520849228,1
0.457709938287735,0.5570759773254395,-1.020798112705279e-08,0.44906505942344666,0.5238311886787415,-0.005235148593783379,0.4541552662849426,0.4898213744163513,-0.007632632274180651,0.4705197215080261,0.470499187707901,-0.011224073357880116,0.48513397574424744,0.4637813866138458,-0.014650112949311733,0.4729689955711365,0.4662972688674927,0.00019831114332191646,0.484230637550354,0.43583929538726807,-0.007145820185542107,0.49437522888183594,0.4179288148880005,-0.012557406909763813,0.5028402209281921,0.404521107673645,-0.016261471435427666,0.4837621748447418,0.48250237107276917,-0.003160689724609256,0.49790483713150024,0.46035027503967285,-0.017038460820913315,0.488852322101593,0.4730573892593384,-0.02171984128654003,0.47818443179130554,0.4882323741912842,-0.02069534920156002,0.4922560751438141,0.5014885067939758,-0.007655041292309761,0.5017219185829163,0.4861697256565094,-0.021225765347480774,0.48759564757347107,0.5009373426437378,-0.019468072801828384,0.4766318202018738,0.5142108798027039,-0.013858216814696789,0.49800705909729004,0.5235058069229126,-0.01272447407245636,0.5058501362800598,0.5094475150108337,-0.020803183317184448,0.4935956597328186,0.5174750685691833,-0.01745859906077385,0.4831586182117462,0.5263362526893616,-0.012487219646573067,1
0.5113412141799927,0.5662378668785095,6.998039481231899e-08,0.5118070244789124,0.5405572652816772,-0.016653260216116905,0.5149201154708862,0.5109943151473999,-0.021779732778668404,0.5259106755256653,0.4882493019104004,-0.025150325149297714,0.536247968673706,0.47305259108543396,-0.027371790260076523,0.5012012720108032,0.47515013813972473,-0.00532881636172533,0.4971010982990265,0.4395136535167694,-0.012182277627289295,0.4969266653060913,0.4149671792984009,-0.018584953621029854,0.4957261085510254,0.3963201940059662,-0.023386789485812187,0.5148319602012634,0.48246100544929504,-0.0012021397706121206,0.5280466079711914,0.4595423936843872,-0.01261070091277361,0.5302732586860657,0.475816547870636,-0.018556345254182816,0.5248661637306213,0.48733147978782654,-0.019382493570446968,0.5265875458717346,0.4936853349208832,0.0008939075632952154,0.5376014113426208,0.47869673371315,-0.00973537191748619,0.5366020798683167,0.4950629472732544,-0.010075876489281654,0.5291551351547241,0.5037933588027954,-0.007278722710907459,0.5346274375915527,0.5088032484054565,0.001418965752236545,0.5467506051063538,0.4934483766555786,-0.004733913112431765,0.5451566576957703,0.5057677626609802,-0.0028262189589440823,0.5368735790252686,0.5145763158798218,0.0003412551013752818,1
0.5019391179084778,0.454001784324646,-5.22738368147202e-08,0.48934900760650635,0.4459735155105591,-0.012484793551266193,0.4781690537929535,0.4348970949649811,-0.022831453010439873,0.47226643562316895,0.42789143323898315,-0.032450757920742035,0.4725629687309265,0.42266392707824707,-0.04192597419023514,0.4903284013271332,0.3798334002494812,-0.019894924014806747,0.48706355690956116,0.34723085165023804,-0.03286087512969971,0.4854792654514313,0.3250860869884491,-0.04165743291378021,0.4849979281425476,0.3061016798019409,-0.047937165945768356,0.5099879503250122,0.379377156496048,-0.02045169100165367,0.5046122670173645,0.3887151777744293,-0.03564821183681488,0.4969273805618286,0.4117922782897949,-0.03846042603254318,0.493168443441391,0.42274636030197144,-0.03794087469577789,0.5249831676483154,0.39132484793663025,-0.022221924737095833,0.5179591774940491,0.4091005027294159,-0.03382101655006409,0.5103920102119446,0.4253016412258148,-0.029326660558581352,0.5078784823417664,0.43084561824798584,-0.024518389254808426,0.5363973379135132,0.4083002805709839,-0.025650974363088608,0.5302466154098511,0.4236977994441986,-0.03280011937022209,0.5213777422904968,0.4371141195297241,-0.029040388762950897,0.5176481604576111,0.44141286611557007,-0.024596042931079865,1
0.4917427599430084,0.40736037492752075,-1.0564700403392635e-07,0.47792595624923706,0.4009786546230316,-0.009035391733050346,0.46169576048851013,0.3939568102359772,-0.01821022853255272,0.45144298672676086,0.4024839401245117,-0.027342168614268303,0.44855308532714844,0.4157387614250183,-0.03678647056221962,0.47427621483802795,0.3497367203235626,-0.017446022480726242,0.4711381494998932,0.33222493529319763,-0.027557604014873505,0.46574893593788147,0.31980079412460327,-0.035716328769922256,0.4609983265399933,0.3098158836364746,-0.042501337826251984,0.49447888135910034,0.34856098890304565,-0.019646165892481804,0.4779253602027893,0.3842952251434326,-0.032564762979745865,0.46681782603263855,0.4028179347515106,-0.03685421124100685,0.46377503871917725,0.40961018204689026,-0.039059482514858246,0.5101549029350281,0.3636385500431061,-0.022562621161341667,0.4928443431854248,0.40035274624824524,-0.03086113929748535,0.4846063256263733,0.4063948392868042,-0.028234172612428665,0.4834690988063812,0.40265482664108276,-0.026514211669564247,0.5219177603721619,0.3828631043434143,-0.02695913054049015,0.5072388052940369,0.41062524914741516,-0.03340161591768265,0.5016202926635742,0.4135095477104187,-0.032012004405260086,0.5024593472480774,0.40702730417251587,-0.0302338358014822,1
0.48047640919685364,0.4282959997653961,-6.527285822954809e-09,0.4628159701824188,0.4173993170261383,-0.013033219613134861,0.4498218595981598,0.4017685651779175,-0.023764748126268387,0.44850611686706543,0.3913114368915558,-0.03426668047904968,0.45478349924087524,0.38336023688316345,-0.044412799179553986,0.460570752620697,0.3425024747848511,-0.018332183361053467,0.4586947560310364,0.29991909861564636,-0.03187551349401474,0.45895183086395264,0.27372369170188904,-0.04035397619009018,0.4597354829311371,0.25119704008102417,-0.04617036134004593,0.47906720638275146,0.3480849862098694,-0.019805269315838814,0.48221245408058167,0.34114038944244385,-0.039244573563337326,0.4751734733581543,0.3680226802825928,-0.0430191308259964,0.46985089778900146,0.3813338875770569,-0.041781339794397354,0.49518299102783203,0.3596244752407074,-0.022710591554641724,0.49675318598747253,0.35992106795310974,-0.03846002370119095,0.4883863031864166,0.3822229206562042,-0.03338156268000603,0.4833180904388428,0.3895259499549866,-0.02677019312977791,0.5092042684555054,0.37509286403656006,-0.02709837816655636,0.5098626017570496,0.37452882528305054,-0.03567064180970192,0.5012085437774658,0.3912222981452942,-0.030170617625117302,0.49581995606422424,0.39626815915107727,-0.023970583453774452,1
0.48536252975463867,0.3734759986400604,1.0862034827141542e-07,0.4692312180995941,0.3488621115684509,-0.019843043759465218,0.4533748924732208,0.323955237865448,-0.022640235722064972,0.44484809041023254,0.2947573661804199,-0.022611258551478386,0.4414825737476349,0.271677702665329,-0.020518705248832703,0.4205222427845001,0.3275921046733856,-0.0007901035132817924,0.39437082409858704,0.31471943855285645,-0.005742749199271202,0.3772541284561157,0.30372709035873413,-0.00967791210860014,0.3647975027561188,0.29394808411598206,-0.011418750509619713,0.43046751618385315,0.31886518001556396,0.007417012937366962,0.4256899058818817,0.2869528532028198,-0.005842600949108601,0.4391474723815918,0.28986215591430664,-0.012848940677940845,0.4499092102050781,0.29839813709259033,-0.011609251610934734,0.44183337688446045,0.3127971589565277,0.013051270507276058,0.4434615671634674,0.28667446970939636,-0.001431851414963603,0.4547373950481415,0.29807746410369873,-0.0064704883843660355,0.4599786698818207,0.31026098132133484,-0.0032257940620183945,0.4521110951900482,0.3118591606616974,0.01740672066807747,0.45227667689323425,0.2897636294364929,0.009957654401659966,0.46018144488334656,0.29747483134269714,0.009128622710704803,0.4649873375892639,0.3082812428474426,0.012524672783911228,1
0.4443623721599579,0.32986772060394287,-1.234353845802616e-07,0.4182494580745697,0.32596802711486816,-0.011546664871275425,0.3976985812187195,0.3208247721195221,-0.023784004151821136,0.3827747106552124,0.318241149187088,-0.03612818568944931,0.3817209005355835,0.31341707706451416,-0.04828404262661934,0.40031304955482483,0.2461555302143097,-0.02112334966659546,0.3777313530445099,0.21620142459869385,-0.03719498962163925,0.36115753650665283,0.19447621703147888,-0.047995440661907196,0.34949761629104614,0.17653408646583557,-0.055837418884038925,0.4196062982082367,0.2387404888868332,-0.024517353624105453,0.3995707035064697,0.26511943340301514,-0.04493902623653412,0.39617109298706055,0.29545825719833374,-0.04912315681576729,0.3999869227409363,0.31074202060699463,-0.048673808574676514,0.4378250539302826,0.2489585131406784,-0.02922755293548107,0.41762053966522217,0.2831564247608185,-0.0439460314810276,0.417640745639801,0.3017932176589966,-0.03847666457295418,0.423868864774704,0.30474358797073364,-0.032435011118650436,0.452506422996521,0.2675851881504059,-0.035746943205595016,0.4346359372138977,0.2973853647708893,-0.044135682284832,0.43216410279273987,0.3117309510707855,-0.039398837834596634,0.43636515736579895,0.31168583035469055,-0.03377607837319374,1
0.4401289224624634,0.3577747642993927,1.2457236664431548e-07,0.4217030704021454,0.3331538736820221,3.037761962332297e-05,0.40369531512260437,0.3076323866844177,-0.004476272035390139,0.38708850741386414,0.29554271697998047,-0.010699947364628315,0.37555038928985596,0.29698580503463745,-0.016706351190805435,0.42171594500541687,0.2683534622192383,-0.006078066769987345,0.4049462080001831,0.229719340801239,-0.014198889955878258,0.394923597574234,0.20506957173347473,-0.018636595457792282,0.38648301362991333,0.1861916184425354,-0.0210929773747921,0.4169715344905853,0.27547600865364075,-0.011494901031255722,0.3847006559371948,0.24708199501037598,-0.021638086065649986,0.3632110357284546,0.2326270043849945,-0.02626729942858219,0.34678560495376587,0.22044751048088074,-0.02815481461584568,0.4113275706768036,0.2879599332809448,-0.01665470376610756,0.38033777475357056,0.29175782203674316,-0.026363762095570564,0.3849085867404938,0.3078964352607727,-0.026392323896288872,0.39399486780166626,0.31447330117225647,-0.023580387234687805,0.404690682888031,0.30328094959259033,-0.021937137469649315,0.38157832622528076,0.30729371309280396,-0.027116257697343826,0.38568058609962463,0.32155972719192505,-0.024528536945581436,0.3940446972846985,0.32791879773139954,-0.0208527073264122,2
0.4368213415145874,0.36668604612350464,1.1682006828550584e-07,0.4382786154747009,0.3319142758846283,0.0024672960862517357,0.42765700817108154,0.3033864498138428,0.0015972228720784187,0.41330981254577637,0.2912278473377228,-0.0011511988705024123,0.39930206537246704,0.2914222776889801,-0.004321898799389601,0.42999905347824097,0.28269630670547485,-0.0006242334493435919,0.42046108841896057,0.24789413809776306,-0.006109585054218769,0.4136820137500763,0.22501078248023987,-0.008825189433991909,0.4075877368450165,0.20878295600414276,-0.009923428297042847,0.41852301359176636,0.2865551710128784,-0.005118119064718485,0.39352497458457947,0.2584342062473297,-0.011928600259125233,0.3764301538467407,0.24430878460407257,-0.015221119858324528,0.36350440979003906,0.23346713185310364,-0.016026511788368225,0.40818026661872864,0.29617011547088623,-0.00927642546594143,0.383392333984375,0.2945694029331207,-0.01682855561375618,0.3865088224411011,0.31147459149360657,-0.017990978434681892,0.39389729499816895,0.32057228684425354,-0.015987440943717957,0.39900267124176025,0.30874013900756836,-0.013131625019013882,0.3812946677207947,0.3101414442062378,-0.01764342561364174,0.38403066992759705,0.3251340091228485,-0.01608075387775898,0.39083853363990784,0.33313074707984924,-0.012953282333910465,2
0.4110472798347473,0.4164969325065613,2.2931459398023435e-07,0.4356047511100769,0.39182743430137634,0.001778382109478116,0.44353997707366943,0.361820787191391,-1.1832703421532642e-05,0.43652278184890747,0.34054332971572876,-0.0033201302867382765,0.4253883957862854,0.328036367893219,-0.007172069046646357,0.4504310190677643,0.3400880992412567,-0.00505681149661541,0.46852999925613403,0.3050042390823364,-0.011616843752563,0.4780969023704529,0.28164544701576233,-0.014935740269720554,0.4837828278541565,0.2643089294433594,-0.016004202887415886,0.43117597699165344,0.33244433999061584,-0.008821533992886543,0.43112823367118835,0.2938545346260071,-0.014793211594223976,0.4273328185081482,0.27219223976135254,-0.01734035089612007,0.42338043451309204,0.2566257119178772,-0.017760740593075752,0.4115719199180603,0.3329602777957916,-0.011911721900105476,0.4076829254627228,0.3228965997695923,-0.017604922875761986,0.4085378050804138,0.338759183883667,-0.01699032634496689,0.40923410654067993,0.35245463252067566,-0.013965965248644352,0.3935757577419281,0.33842921257019043,-0.014753300696611404,0.3948281407356262,0.33414873480796814,-0.016423283144831657,0.39585089683532715,0.34716448187828064,-0.012426653876900673,0.3967476487159729,0.35820627212524414,-0.007536221295595169,2
0.45569342374801636,0.43651917576789856,2.482648255863751e-07,0.43773654103279114,0.4115592837333679,-0.01106667798012495,0.43327730894088745,0.3795650005340576,-0.01705021783709526,0.4498399496078491,0.35261356830596924,-0.023834511637687683,0.4651132822036743,0.33486491441726685,-0.03005882352590561,0.42551496624946594,0.33353137969970703,-0.006507908925414085,0.41178327798843384,0.29139918088912964,-0.016225961968302727,0.403765469789505,0.26392224431037903,-0.0222224872559309,0.3977811932563782,0.24090278148651123,-0.02545293979346752,0.4462334215641022,0.32931724190711975,-0.008883805014193058,0.4459574222564697,0.28160524368286133,-0.018900126218795776,0.44663187861442566,0.25107964873313904,-0.025672486051917076,0.4472329914569855,0.22738870978355408,-0.02848653495311737,0.46536752581596375,0.3375568091869354,-0.013040564954280853,0.47103559970855713,0.3127341866493225,-0.028394030407071114,0.4705509841442108,0.3318750262260437,-0.03205711022019386,0.469545841217041,0.34876012802124023,-0.029583146795630455,0.4819551706314087,0.35359492897987366,-0.01793348230421543,0.48619046807289124,0.3342057168483734,-0.02772836573421955,0.481673002243042,0.34922435879707336,-0.025981707498431206,0.47790762782096863,0.36495840549468994,-0.021789811551570892,2
0.4364752769470215,0.4784435033798218,2.300727715009998e-07,0.4112520217895508,0.45954960584640503,-0.008709914982318878,0.39260393381118774,0.4378468990325928,-0.01709829457104206,0.38691285252571106,0.42026907205581665,-0.02650192379951477,0.3957035541534424,0.40920382738113403,-0.03527653589844704,0.40946000814437866,0.3741447925567627,-0.013281646184623241,0.3980717360973358,0.33127185702323914,-0.024018865078687668,0.3893742859363556,0.30523765087127686,-0.02984105423092842,0.3832349479198456,0.2840874195098877,-0.03341256454586983,0.4299388825893402,0.3775467276573181,-0.018026402220129967,0.42875242233276367,0.33423030376434326,-0.028985261917114258,0.4249684512615204,0.308571994304657,-0.03481137380003929,0.4229094982147217,0.28726887702941895,-0.037380401045084,0.4461091458797455,0.393148273229599,-0.0237088855355978,0.4264068007469177,0.3823843002319336,-0.037931133061647415,0.41328999400138855,0.40232762694358826,-0.03990939259529114,0.4090813994407654,0.41741517186164856,-0.037451256066560745,0.45524126291275024,0.4167335033416748,-0.030054474249482155,0.4326225221157074,0.4167296588420868,-0.039770107716321945,0.4200388193130493,0.42991065979003906,-0.03861551359295845,0.416633278131485,0.44011184573173523,-0.035317644476890564,2
0.44698476791381836,0.5115936994552612,1.6980493455776013e-07,0.42744001746177673,0.48416200280189514,-0.007679959759116173,0.42099881172180176,0.44364190101623535,-0.008387681096792221,0.43781158328056335,0.41719862818717957,-0.008942925371229649,0.4576660990715027,0.4088122844696045,-0.010447918437421322,0.42379212379455566,0.4086490571498871,-0.0014774880837649107,0.41296976804733276,0.3667107820510864,-0.005905344150960445,0.4097132384777069,0.33877307176589966,-0.010223986580967903,0.40650084614753723,0.3150668740272522,-0.014101717621088028,0.4421021044254303,0.4101002514362335,-0.005202427506446838,0.44585302472114563,0.36305737495422363,-0.008518998511135578,0.4486362934112549,0.33159393072128296,-0.013816429302096367,0.4509209394454956,0.3050485849380493,-0.017658933997154236,0.4581320881843567,0.4216633439064026,-0.010564843192696571,0.4620662033557892,0.38219836354255676,-0.0198542308062315,0.46051228046417236,0.3529845178127289,-0.029513701796531677,0.4615015685558319,0.32642415165901184,-0.03592871502041817,0.4720054864883423,0.4412309527397156,-0.016359854489564896,0.4642249047756195,0.4183865487575531,-0.027834484353661537,0.4539334177970886,0.4320598244667053,-0.030096720904111862,0.4486653208732605,0.4480893015861511,-0.03095889464020729,3
0.46926623582839966,0.5125440359115601,1.5378476803107333e-07,0.44733530282974243,0.4865145683288574,-0.008693546988070011,0.4400138854980469,0.44664809107780457,-0.010396955534815788,0.45782947540283203,0.4189721345901489,-0.011847799643874168,0.47620460391044617,0.4071350693702698,-0.01431497372686863,0.43873000144958496,0.4179598093032837,-0.003689479548484087,0.42663925886154175,0.37719762325286865,-0.00941929779946804,0.4222487509250641,0.34919941425323486,-0.014632299542427063,0.4181741774082184,0.3251703977584839,-0.01923995092511177,0.4573078453540802,0.41439124941825867,-0.007103833835572004,0.4549555778503418,0.3669172525405884,-0.011148698627948761,0.4545237123966217,0.3345263600349426,-0.017930880188941956,0.4536951184272766,0.30858951807022095,-0.02335316687822342,0.474815309047699,0.4213220477104187,-0.012144547887146473,0.4790225028991699,0.37993311882019043,-0.021632347255945206,0.4761291742324829,0.3489540219306946,-0.03316164389252663,0.4733882546424866,0.3233712911605835,-0.04146281257271767,0.49149665236473083,0.43573999404907227,-0.017537573352456093,0.48568928241729736,0.41727063059806824,-0.02924499474465847,0.47469866275787354,0.42598676681518555,-0.03361491113901138,0.46590515971183777,0.43820494413375854,-0.0364486426115036,3
0.3341495096683502,0.5533024072647095,-3.8208550989793366e-08,0.30414775013923645,0.5358482599258423,-0.004662266932427883,0.280519038438797,0.5018723607063293,-0.009285788983106613,0.27401798963546753,0.4725210964679718,-0.015444197691977024,0.284122109413147,0.45254161953926086,-0.021372824907302856,0.29734179377555847,0.4366457164287567,0.0002893777273129672,0.282935231924057,0.39995652437210083,-0.01408467162400484,0.262189120054245,0.39434731006622314,-0.02589471824467182,0.24493172764778137,0.40067753195762634,-0.031917180866003036,0.3148728013038635,0.43338480591773987,-0.006431202404201031,0.3117402195930481,0.37745702266693115,-0.01764553226530552,0.29155460000038147,0.35984915494918823,-0.02557056024670601,0.2732882499694824,0.3564428687095642,-0.029138388112187386,0.3311680257320404,0.44262874126434326,-0.015446282923221588,0.3145977258682251,0.4054064452648163,-0.0305468887090683,0.2906171977519989,0.4025130569934845,-0.03949407488107681,0.27306899428367615,0.40651077032089233,-0.042936764657497406,0.342402845621109,0.46166276931762695,-0.024588486179709435,0.312736839056015,0.4504607319831848,-0.03746345639228821,0.2950163781642914,0.46742549538612366,-0.040780212730169296,0.2849352955818176,0.48576799035072327,-0.04119354486465454,3
0.38220852613449097,0.5262423753738403,3.614923684835958e-07,0.3915390074253082,0.47042810916900635,0.006306185387074947,0.37566670775413513,0.4284203350543976,0.0052517312578856945,0.34814080595970154,0.42344027757644653,0.003682627808302641,0.3225264549255371,0.4310097396373749,0.00044004523078911006,0.38418886065483093,0.41206231713294983,-0.008603299967944622,0.3720981478691101,0.3529415726661682,-0.012107298709452152,0.3633519113063812,0.3240232765674591,-0.012067972682416439,0.3542090654373169,0.3015768229961395,-0.011367019265890121,0.36112746596336365,0.4214214086532593,-0.015429486520588398,0.34313154220581055,0.3536582589149475,-0.020532092079520226,0.33147740364074707,0.31699222326278687,-0.022010479122400284,0.3199361562728882,0.2885107398033142,-0.021747194230556488,0.33741679787635803,0.43664225935935974,-0.02049602009356022,0.3147144615650177,0.388136088848114,-0.026681065559387207,0.30224180221557617,0.3580411970615387,-0.031017359346151352,0.29074907302856445,0.33569788932800293,-0.03312249481678009,0.3176707923412323,0.45588934421539307,-0.023859702050685883,0.31319043040275574,0.42457306385040283,-0.02541600540280342,0.32191401720046997,0.43349918723106384,-0.019854364916682243,0.32992810010910034,0.4468390941619873,-0.015348730608820915,3
0.41470643877983093,0.7141587734222412,4.0958732938634057e-07,0.4264908730983734,0.650514543056488,-0.007147646974772215,0.40528568625450134,0.5948829650878906,-0.016276340931653976,0.3640645146369934,0.574715256690979,-0.022069087252020836,0.3304683268070221,0.5675104856491089,-0.029084259644150734,0.42027586698532104,0.5969809889793396,-0.04057757556438446,0.4012555480003357,0.5125411748886108,-0.05167096480727196,0.3901155889034271,0.4688638150691986,-0.05494428053498268,0.37847909331321716,0.4333952069282532,-0.05662861838936806,0.39200499653816223,0.6271002888679504,-0.0428595170378685,0.36842408776283264,0.5595440864562988,-0.058158040046691895,0.3555089235305786,0.5217760801315308,-0.06358026713132858,0.3456963002681732,0.4941827356815338,-0.06708424538373947,0.36263254284858704,0.6520187854766846,-0.042845387011766434,0.3278021812438965,0.581829309463501,-0.05860312283039093,0.3138110339641571,0.537659764289856,-0.06465555727481842,0.3032705783843994,0.5073511600494385,-0.06792076677083969,0.33746328949928284,0.6699684262275696,-0.041354384273290634,0.318559467792511,0.605692982673645,-0.05235351622104645,0.33337587118148804,0.5947346091270447,-0.05007743090391159,0.3493509590625763,0.600640594959259,-0.04750419408082962,3
0.3600861132144928,0.6310014724731445,6.392172053892864e-07,0.3781603276729584,0.5394388437271118,-0.013506453484296799,0.3540918529033661,0.45775410532951355,-0.03096674755215645,0.31009718775749207,0.4125099778175354,-0.042412519454956055,0.2683311998844147,0.3871398866176605,-0.05637286975979805,0.35898539423942566,0.46195361018180847,-0.0807764008641243,0.3278081715106964,0.342803418636322,-0.10901502519845963,0.30817899107933044,0.27712881565093994,-0.12098117917776108,0.2898852527141571,0.22451141476631165,-0.1263154149055481,0.31825098395347595,0.507436215877533,-0.08347436040639877,0.2717292606830597,0.4042036533355713,-0.11276184767484665,0.24252259731292725,0.34157049655914307,-0.12251686304807663,0.2208806872367859,0.2946385145187378,-0.1282898634672165,0.2771858870983124,0.5463230609893799,-0.08230485022068024,0.22398707270622253,0.44554993510246277,-0.1093076542019844,0.20217573642730713,0.3828648328781128,-0.11752480268478394,0.18738199770450592,0.34057939052581787,-0.12082108855247498,0.24469146132469177,0.5751000046730042,-0.07924814522266388,0.2174600064754486,0.48145031929016113,-0.0979859009385109,0.23077815771102905,0.4540930390357971,-0.09639444202184677,0.2459159791469574,0.44615432620048523,-0.09292691946029663,3
0.36387017369270325,0.6421887874603271,6.096311722103565e-07,0.3790300488471985,0.556607186794281,-0.011768924072384834,0.34252795577049255,0.47855281829833984,-0.035553328692913055,0.28915175795555115,0.4458070397377014,-0.054875295609235764,0.24517059326171875,0.43129879236221313,-0.07606058567762375,0.36416760087013245,0.4856247305870056,-0.09254918992519379,0.3285490572452545,0.37341031432151794,-0.12181606143712997,0.30748263001441956,0.3131893575191498,-0.1330844908952713,0.28967535495758057,0.2624804973602295,-0.1382773220539093,0.32904675602912903,0.538998544216156,-0.09788721799850464,0.26377877593040466,0.42257511615753174,-0.12391215562820435,0.22546377778053284,0.3568441867828369,-0.12777408957481384,0.19281336665153503,0.310123085975647,-0.13239721953868866,0.2925059199333191,0.5863621830940247,-0.09732475876808167,0.23364104330539703,0.4693627655506134,-0.11608569324016571,0.2574623227119446,0.47372084856033325,-0.09781043231487274,0.2792271673679352,0.5002008676528931,-0.08307013660669327,0.2618556022644043,0.623772382736206,-0.09635642170906067,0.22101262211799622,0.5261046290397644,-0.10598569363355637,0.24267110228538513,0.527418851852417,-0.0875745415687561,0.2619682848453522,0.5493050813674927,-0.0724983811378479,2
0.3650370240211487,0.6577227115631104,2.255990807498165e-07,0.3797418475151062,0.5777150988578796,-0.009285836480557919,0.35627806186676025,0.4846521317958832,-0.025699138641357422,0.3238183856010437,0.42831769585609436,-0.036979444324970245,0.2898174822330475,0.42486128211021423,-0.050480905920267105,0.36577239632606506,0.503118097782135,-0.07177399098873138,0.33391624689102173,0.39886224269866943,-0.0947713777422905,0.3120655417442322,0.34045323729515076,-0.10394155234098434,0.2896670997142792,0.29568642377853394,-0.11006000638008118,0.33115071058273315,0.546160101890564,-0.07661682367324829,0.2694912552833557,0.44458115100860596,-0.09856335073709488,0.28836119174957275,0.4700104594230652,-0.0906188040971756,0.31069105863571167,0.50466388463974,-0.08333147317171097,0.29517313838005066,0.5885075926780701,-0.07765398174524307,0.2436520904302597,0.4919511675834656,-0.09140494465827942,0.2657042145729065,0.510442316532135,-0.06877677887678146,0.2856976091861725,0.5423218011856079,-0.05265946313738823,0.26367002725601196,0.6256624460220337,-0.0787426084280014,0.22680997848510742,0.5403460264205933,-0.08643624186515808,0.24748820066452026,0.5518367886543274,-0.06919015944004059,0.2635228633880615,0.5800895690917969,-0.05650539696216583,1
0.35918617248535156,0.6148068904876709,1.7453301381920028e-07,0.3700680732727051,0.5456751585006714,-0.005215460434556007,0.35075387358665466,0.47570815682411194,-0.013478669337928295,0.31391221284866333,0.44283124804496765,-0.01831682212650776,0.28407832980155945,0.43941110372543335,-0.024511758238077164,0.34285980463027954,0.4771938920021057,-0.04309321567416191,0.313982218503952,0.39842337369918823,-0.056501880288124084,0.29517388343811035,0.3530835807323456,-0.060397516936063766,0.27786651253700256,0.31836768984794617,-0.062716044485569,0.3113616704940796,0.5072276592254639,-0.04472782835364342,0.26915058493614197,0.4417872130870819,-0.05515439808368683,0.2842773497104645,0.45615389943122864,-0.047920625656843185,0.30090591311454773,0.47789266705513,-0.042037446051836014,0.28498828411102295,0.5392873883247375,-0.0437125489115715,0.2556653320789337,0.48353007435798645,-0.04859493300318718,0.2725479006767273,0.4952471852302551,-0.03326145559549332,0.28582441806793213,0.5148810148239136,-0.02323899418115616,0.2640434205532074,0.5703675150871277,-0.04269782081246376,0.24370291829109192,0.5199831128120422,-0.04364759102463722,0.2599228024482727,0.5276921987533569,-0.03100871853530407,0.2704319655895233,0.5444722771644592,-0.021840998902916908,1
0.3760873079299927,0.5974918603897095,3.835938002794137e-07,0.3819691836833954,0.5364044308662415,0.0009541874169372022,0.3615982234477997,0.4885384440422058,-0.003597990842536092,0.3320921063423157,0.47681382298469543,-0.008702258579432964,0.3083391487598419,0.4821780025959015,-0.01496042124927044,0.3551097512245178,0.47545239329338074,-0.021506737917661667,0.3333083391189575,0.4114156663417816,-0.03217016160488129,0.3186391294002533,0.37522727251052856,-0.0360085591673851,0.30670687556266785,0.3476846218109131,-0.03660179302096367,0.33277419209480286,0.4984116852283478,-0.02626742236316204,0.2970806658267975,0.442115843296051,-0.03535080328583717,0.27431443333625793,0.4086991250514984,-0.03681734576821327,0.2569475471973419,0.38553357124328613,-0.03711450845003128,0.31300196051597595,0.5255590081214905,-0.029053479433059692,0.288418710231781,0.4854351878166199,-0.03632861375808716,0.3003060221672058,0.4939563274383545,-0.030389703810214996,0.3114854395389557,0.5090323686599731,-0.02355790324509144,0.2980305254459381,0.5528032779693604,-0.03136812150478363,0.28178685903549194,0.5156933069229126,-0.03257623314857483,0.2934349775314331,0.5225396156311035,-0.02262815460562706,0.30336713790893555,0.5360813140869141,-0.013569421134889126,2
0.3634354770183563,0.5725274682044983,3.8309008232317865e-07,0.36989498138427734,0.5137950778007507,0.0026633457746356726,0.3511869013309479,0.4671615958213806,0.00016338075511157513,0.3219766318798065,0.4553285241127014,-0.0019632638432085514,0.2963237762451172,0.4589041769504547,-0.005774874705821276,0.34953540563583374,0.45161598920822144,-0.016663720831274986,0.3225288689136505,0.3937370181083679,-0.0223064124584198,0.3063701093196869,0.36625275015830994,-0.024371832609176636,0.29103660583496094,0.3462560176849365,-0.025156499817967415,0.324667364358902,0.4708497226238251,-0.02204614132642746,0.2984454333782196,0.40372973680496216,-0.027288313955068588,0.2821887731552124,0.365198016166687,-0.03084297850728035,0.26637521386146545,0.3363104462623596,-0.033014293760061264,0.3014722764492035,0.4942116141319275,-0.02555866912007332,0.27142348885536194,0.4420725405216217,-0.03156818822026253,0.2560270428657532,0.4082464873790741,-0.03871399536728859,0.2423819899559021,0.3845854103565216,-0.044106122106313705,0.2839850187301636,0.5170771479606628,-0.027576781809329987,0.2809157967567444,0.4740496277809143,-0.03069372847676277,0.29407989978790283,0.4673367440700531,-0.028783172369003296,0.3047873079776764,0.46887391805648804,-0.027519630268216133,3
0.3488008975982666,0.6431284546852112,4.624791642982018e-07,0.30599546432495117,0.5880653858184814,-0.05300743877887726,0.2596364915370941,0.5160771012306213,-0.10656338930130005,0.23217104375362396,0.45567163825035095,-0.14162401854991913,0.21053096652030945,0.4052489101886749,-0.17962884902954102,0.3386895954608917,0.5225136280059814,-0.20717254281044006,0.2831355929374695,0.4158055782318115,-0.2716737389564514,0.2397783249616623,0.3531928062438965,-0.3066962659358978,0.198233962059021,0.3036442697048187,-0.3305055499076843,0.34254106879234314,0.5518674850463867,-0.19852013885974884,0.2846018373966217,0.45213398337364197,-0.2688784599304199,0.24145618081092834,0.38442233204841614,-0.3001381456851959,0.20695054531097412,0.333071231842041,-0.32539501786231995,0.3254326283931732,0.5693809986114502,-0.1825728863477707,0.26807931065559387,0.47156938910484314,-0.2362688034772873,0.23305463790893555,0.3957918882369995,-0.26124948263168335,0.20654797554016113,0.34709978103637695,-0.2804132401943207,0.2910223603248596,0.5766004920005798,-0.16530123353004456,0.2469450831413269,0.502568244934082,-0.20915742218494415,0.22362664341926575,0.445095956325531,-0.23254801332950592,0.2072957158088684,0.3990223705768585,-0.25139179825782776,3
0.4725114107131958,0.4258067309856415,1.514635386001828e-07,0.4551391005516052,0.4130086302757263,-0.008696012198925018,0.4447568953037262,0.3896617591381073,-0.012644222006201744,0.4557042419910431,0.36864417791366577,-0.016353337094187737,0.4702816903591156,0.3572239577770233,-0.020535917952656746,0.43664392828941345,0.350882887840271,-0.007329246960580349,0.42185699939727783,0.32354310154914856,-0.014383397996425629,0.41553863883018494,0.30624762177467346,-0.019954299554228783,0.4101077616214752,0.29144057631492615,-0.023978428915143013,0.4512992799282074,0.3418809175491333,-0.010543478652834892,0.4403553903102875,0.3002690374851227,-0.01512653473764658,0.4358535706996918,0.27291393280029297,-0.02048615925014019,0.43238434195518494,0.25033441185951233,-0.024268290027976036,0.46682024002075195,0.3459208309650421,-0.015143738128244877,0.46441084146499634,0.3211316466331482,-0.022536395117640495,0.4621928930282593,0.30507686734199524,-0.02996266819536686,0.46027013659477234,0.28968849778175354,-0.034910898655653,0.4822247624397278,0.35731562972068787,-0.020427890121936798,0.4776590168476105,0.35190489888191223,-0.027151981368660927,0.4731656014919281,0.36152341961860657,-0.028383197262883186,0.47008538246154785,0.3704547584056854,-0.029147358611226082,3
0.4468063414096832,0.2788749039173126,1.8193902917573723e-07,0.42358526587486267,0.2726348042488098,-0.012803246267139912,0.4072898328304291,0.2566356956958771,-0.020298434421420097,0.4133598506450653,0.22943608462810516,-0.026931164786219597,0.4242149293422699,0.20569516718387604,-0.033852990716695786,0.3898944854736328,0.2055353969335556,-0.013067011721432209,0.36819303035736084,0.18087592720985413,-0.023538826033473015,0.3565623462200165,0.16411711275577545,-0.03143132105469704,0.34563976526260376,0.14949119091033936,-0.03681045398116112,0.4049800634384155,0.18803028762340546,-0.01631399430334568,0.3853931427001953,0.1420620083808899,-0.023546695709228516,0.37491342425346375,0.11371256411075592,-0.02983333170413971,0.36528879404067993,0.08957038819789886,-0.033957067877054214,0.4235196113586426,0.18583182990550995,-0.02131984569132328,0.4182804226875305,0.15975536406040192,-0.03176310285925865,0.4112473428249359,0.14618879556655884,-0.039511289447546005,0.4036542475223541,0.13250836730003357,-0.044303398579359055,0.4437750279903412,0.19296763837337494,-0.027375655248761177,0.44039854407310486,0.18629059195518494,-0.03582023084163666,0.4369351863861084,0.20233528316020966,-0.03615352138876915,0.4338757395744324,0.21708136796951294,-0.0360766164958477,3
0.40394356846809387,0.3732989728450775,1.143830061778317e-07,0.38064318895339966,0.3828643560409546,-0.01001408975571394,0.3583697974681854,0.38185417652130127,-0.017296241596341133,0.3550247550010681,0.36341574788093567,-0.024482741951942444,0.3579334020614624,0.3409101665019989,-0.03206946700811386,0.3308761715888977,0.335584431886673,-0.010849946178495884,0.3025634288787842,0.32864072918891907,-0.022008797153830528,0.2858574092388153,0.3268928527832031,-0.030068162828683853,0.2706698477268219,0.3261864483356476,-0.03531481325626373,0.3416629731655121,0.31366005539894104,-0.015640415251255035,0.31012243032455444,0.28087127208709717,-0.024645252153277397,0.29138070344924927,0.26295918226242065,-0.03181862086057663,0.2746892273426056,0.24791358411312103,-0.03603842481970787,0.35926201939582825,0.3020942211151123,-0.02208680287003517,0.34492984414100647,0.2889956831932068,-0.035152651369571686,0.33212167024612427,0.2885248363018036,-0.04350576177239418,0.3188760280609131,0.2853507101535797,-0.047691863030195236,0.37997034192085266,0.29756689071655273,-0.029103800654411316,0.3690641224384308,0.30582869052886963,-0.039378512650728226,0.36892008781433105,0.3266753852367401,-0.03978443518280983,0.3703885078430176,0.3420605957508087,-0.039103955030441284,2
0.4095862805843353,0.39519059658050537,8.95807588108255e-08,0.38781169056892395,0.39047494530677795,-0.006874954327940941,0.36827754974365234,0.3767991065979004,-0.012935423292219639,0.3620324432849884,0.35806989669799805,-0.019846051931381226,0.36947035789489746,0.34177252650260925,-0.02619319036602974,0.36740735173225403,0.33245599269866943,-0.007402897346764803,0.3434603810310364,0.31192490458488464,-0.018251243978738785,0.3274560868740082,0.3005540072917938,-0.02529081702232361,0.3139660060405731,0.29151272773742676,-0.029358146712183952,0.380794495344162,0.32357555627822876,-0.011050578206777573,0.3633933961391449,0.2953158915042877,-0.021491050720214844,0.34923893213272095,0.2812003791332245,-0.026974821463227272,0.3375857472419739,0.27003344893455505,-0.028913723304867744,0.3964272439479828,0.32303330302238464,-0.01582862250506878,0.38014793395996094,0.32218578457832336,-0.02896498329937458,0.3805166184902191,0.3442695736885071,-0.028966696932911873,0.38519248366355896,0.3592255413532257,-0.024792183190584183,0.4114013910293579,0.3297015130519867,-0.02131454274058342,0.39536404609680176,0.33394283056259155,-0.029665865004062653,0.3939884603023529,0.35189521312713623,-0.02688821591436863,0.39857229590415955,0.3631543815135956,-0.022314846515655518,2
0.4136257469654083,0.3504025638103485,1.9502019199535425e-07,0.3883780241012573,0.3432929515838623,-0.007213506381958723,0.36996370553970337,0.322897344827652,-0.012273837812244892,0.3695242404937744,0.2941041886806488,-0.018355678766965866,0.37565919756889343,0.27263787388801575,-0.024187002331018448,0.36102867126464844,0.28854605555534363,-0.007024663500487804,0.3365439772605896,0.2656451165676117,-0.016412487253546715,0.32090044021606445,0.25056761503219604,-0.022157233208417892,0.30836498737335205,0.2373737096786499,-0.025592343881726265,0.37488123774528503,0.2769787609577179,-0.010669996030628681,0.35807323455810547,0.2381192147731781,-0.01985107734799385,0.3472016751766205,0.21648406982421875,-0.02527795545756817,0.3397936522960663,0.19810731709003448,-0.0276829581707716,0.3918258249759674,0.2757054269313812,-0.015353594906628132,0.38197147846221924,0.25549885630607605,-0.027595872059464455,0.3815114498138428,0.2772439420223236,-0.027909239754080772,0.3841345012187958,0.29323089122772217,-0.02446799911558628,0.4095670282840729,0.28140467405319214,-0.02066434733569622,0.4001871645450592,0.2675985097885132,-0.028043467551469803,0.39858463406562805,0.2834545373916626,-0.024622652679681778,0.40070685744285583,0.2956109642982483,-0.02006254717707634,2
0.3805209994316101,0.2693231999874115,1.7129079310507223e-07,0.3509891927242279,0.2734924554824829,-0.008984941057860851,0.322497695684433,0.2629011571407318,-0.016031445935368538,0.31320005655288696,0.2339191436767578,-0.024480778723955154,0.3163943588733673,0.2065570056438446,-0.03229830041527748,0.3043765723705292,0.20805895328521729,-0.008313076570630074,0.27214768528938293,0.19084720313549042,-0.020655829459428787,0.25147074460983276,0.18120020627975464,-0.028569594025611877,0.23414011299610138,0.17379604279994965,-0.0330667719244957,0.31831109523773193,0.18968138098716736,-0.01314676832407713,0.290714830160141,0.15294167399406433,-0.024903500452637672,0.2718523442745209,0.13723361492156982,-0.03141254186630249,0.25735265016555786,0.1257777214050293,-0.033709898591041565,0.33809390664100647,0.1824815422296524,-0.01951400749385357,0.3214063048362732,0.17964349687099457,-0.03572499752044678,0.32582202553749084,0.20868991315364838,-0.037236738950014114,0.33320942521095276,0.22755883634090424,-0.03309577330946922,0.35926738381385803,0.1848650872707367,-0.026684660464525223,0.3441918194293976,0.1867317408323288,-0.0367063507437706,0.3453804850578308,0.21110525727272034,-0.03366696089506149,0.35114529728889465,0.22685390710830688,-0.028484633192420006,2
0.4517785310745239,0.3042990267276764,1.4512433210711606e-07,0.4302991032600403,0.2916838824748993,-0.005304078105837107,0.41293665766716003,0.26965683698654175,-0.010252774693071842,0.41143888235092163,0.24739526212215424,-0.01647004298865795,0.423773854970932,0.2372927963733673,-0.022363530471920967,0.42129838466644287,0.22481752932071686,-0.006425101775676012,0.4054282605648041,0.1939854472875595,-0.014746785163879395,0.3947605788707733,0.17423401772975922,-0.02006499096751213,0.3859783709049225,0.15856212377548218,-0.023724626749753952,0.43590307235717773,0.22295141220092773,-0.010971342213451862,0.4293461740016937,0.18667636811733246,-0.01992909051477909,0.4218890070915222,0.16650456190109253,-0.02501862496137619,0.41576075553894043,0.1507778763771057,-0.027370020747184753,0.450268030166626,0.2302752137184143,-0.016316324472427368,0.4368932843208313,0.21667729318141937,-0.02865702658891678,0.43052753806114197,0.2356729656457901,-0.02997971698641777,0.43000832200050354,0.2513369619846344,-0.027465637773275375,0.4619464874267578,0.24442461133003235,-0.02208731882274151,0.4468371570110321,0.24020305275917053,-0.03088652901351452,0.44040700793266296,0.25490695238113403,-0.029858358204364777,0.44097399711608887,0.26636454463005066,-0.027013927698135376,2
0.4470989406108856,0.31977707147598267,1.3199299075949966e-07,0.42800018191337585,0.3060286343097687,-0.006631057243794203,0.4140270948410034,0.28077828884124756,-0.00904128048568964,0.42203789949417114,0.2568763494491577,-0.01146914716809988,0.4363543391227722,0.24440446496009827,-0.014534397050738335,0.4058000445365906,0.24721111357212067,-0.005413153674453497,0.3894997239112854,0.21899156272411346,-0.011236203834414482,0.37990570068359375,0.20147304236888885,-0.015868673101067543,0.3714119791984558,0.1863652765750885,-0.019548173993825912,0.41968339681625366,0.2380819320678711,-0.008846246637403965,0.40783795714378357,0.19805043935775757,-0.012904339469969273,0.40176504850387573,0.1726725697517395,-0.01782332733273506,0.3968871831893921,0.15145042538642883,-0.021523278206586838,0.43469947576522827,0.24004003405570984,-0.01345974300056696,0.42998987436294556,0.21233290433883667,-0.02017766609787941,0.4243886470794678,0.19389358162879944,-0.02762322686612606,0.4194413721561432,0.17709937691688538,-0.032803237438201904,0.44959932565689087,0.24883826076984406,-0.01857149787247181,0.4422607123851776,0.23753522336483002,-0.024911057204008102,0.43723148107528687,0.24297001957893372,-0.026421649381518364,0.43413040041923523,0.2492123246192932,-0.027508879080414772,3
0.45110180974006653,0.3260790705680847,1.6671400260293012e-07,0.43445688486099243,0.3144770562648773,-0.00984609592705965,0.4234371483325958,0.29309695959091187,-0.01483181957155466,0.4308338165283203,0.2694321870803833,-0.019319836050271988,0.442361980676651,0.2546185851097107,-0.023792678490281105,0.4102131426334381,0.25899505615234375,-0.00747595215216279,0.3970493674278259,0.2317468523979187,-0.014819106087088585,0.3903484642505646,0.21446789801120758,-0.020904727280139923,0.3847685754299164,0.1998768001794815,-0.02531987987458706,0.42267337441444397,0.24679923057556152,-0.00956147350370884,0.410271555185318,0.20866988599300385,-0.01579337939620018,0.40378713607788086,0.18228480219841003,-0.022002197802066803,0.3982700705528259,0.15962103009223938,-0.026261204853653908,0.43692031502723694,0.24542172253131866,-0.01313826348632574,0.43274936079978943,0.21795111894607544,-0.020972102880477905,0.43123990297317505,0.20156119763851166,-0.027141625061631203,0.4287016689777374,0.18682800233364105,-0.030944690108299255,0.4521048367023468,0.25139448046684265,-0.01761220581829548,0.44829845428466797,0.23518194258213043,-0.02357378974556923,0.4477487802505493,0.23562833666801453,-0.02422405779361725,0.44763171672821045,0.23737359046936035,-0.02447853423655033,3
0.4197556674480438,0.4261453449726105,1.374028215650469e-07,0.4015657901763916,0.4192360043525696,-0.00970191415399313,0.3886604607105255,0.3993546664714813,-0.013578633777797222,0.39663898944854736,0.37515905499458313,-0.01690005511045456,0.4082298278808594,0.35933369398117065,-0.020485732704401016,0.3763577938079834,0.359816312789917,-0.006208537146449089,0.35909515619277954,0.3375515937805176,-0.012716338969767094,0.35094836354255676,0.3229673504829407,-0.01795717515051365,0.34430190920829773,0.31078940629959106,-0.021759476512670517,0.39004215598106384,0.34766942262649536,-0.008510282263159752,0.37667083740234375,0.3101111054420471,-0.013129668310284615,0.369722843170166,0.285800576210022,-0.018531333655118942,0.3637746274471283,0.26553913950920105,-0.022323455661535263,0.4051278233528137,0.34872156381607056,-0.012438050471246243,0.40142735838890076,0.32447734475135803,-0.020958011969923973,0.39725154638290405,0.3102254271507263,-0.029279105365276337,0.3929530084133148,0.29649943113327026,-0.03452110290527344,0.42037227749824524,0.3577420115470886,-0.016980666667222977,0.41515854001045227,0.35193687677383423,-0.025140982121229172,0.41191720962524414,0.3629564642906189,-0.027344629168510437,0.40968725085258484,0.3732561469078064,-0.028553076088428497,3
0.41235578060150146,0.42964714765548706,2.0495861008384963e-07,0.3918375074863434,0.4241856634616852,-0.00870200153440237,0.37685030698776245,0.41031497716903687,-0.016452815383672714,0.38019976019859314,0.39327001571655273,-0.024806903675198555,0.38958504796028137,0.3806280493736267,-0.03304007649421692,0.37419331073760986,0.36798542737960815,-0.014230573549866676,0.35539260506629944,0.3412504494190216,-0.02529703453183174,0.3427795171737671,0.32408976554870605,-0.03206368908286095,0.33171993494033813,0.30854901671409607,-0.03634747862815857,0.39006808400154114,0.3603975176811218,-0.01746378466486931,0.38136565685272217,0.3260566294193268,-0.028482822701334953,0.37518298625946045,0.30511215329170227,-0.034199196845293045,0.369963675737381,0.2873978018760681,-0.036780621856451035,0.4067498743534088,0.3620939254760742,-0.021438801661133766,0.40036919713020325,0.3523593544960022,-0.03536849468946457,0.3980425298213959,0.3764996826648712,-0.03549858182668686,0.3977211117744446,0.39466285705566406,-0.03166813775897026,0.4232988655567169,0.36971545219421387,-0.026032477617263794,0.41675126552581787,0.3611413836479187,-0.035674311220645905,0.4123435616493225,0.3798970878124237,-0.03281208872795105,0.41065514087677,0.3955843448638916,-0.028209343552589417,2
0.40740615129470825,0.39864295721054077,-1.0848066267499235e-07,0.3817521035671234,0.39894697070121765,-0.010414110496640205,0.36194878816604614,0.39209097623825073,-0.020626921206712723,0.3453685939311981,0.3841342329978943,-0.031097007915377617,0.348041296005249,0.37239909172058105,-0.041274867951869965,0.35786959528923035,0.32898205518722534,-0.014697127044200897,0.33819347620010376,0.3010120093822479,-0.028914665803313255,0.3236079812049866,0.2840453088283539,-0.038080550730228424,0.31264370679855347,0.26968902349472046,-0.04461221024394035,0.37505048513412476,0.3187798857688904,-0.016757134348154068,0.3563217222690582,0.33913454413414,-0.03415766730904579,0.36089804768562317,0.366454154253006,-0.036954812705516815,0.3691459596157074,0.37712395191192627,-0.035573288798332214,0.3925357460975647,0.3218275010585785,-0.020269950851798058,0.3753660023212433,0.35318633913993835,-0.03381895646452904,0.3793095350265503,0.3732149600982666,-0.028320137411355972,0.3859724998474121,0.37652310729026794,-0.021784145385026932,0.40790101885795593,0.3333878517150879,-0.025397708639502525,0.39340707659721375,0.3600095510482788,-0.0332467220723629,0.39370056986808777,0.37687116861343384,-0.02887623757123947,0.3984532058238983,0.3799717128276825,-0.023304477334022522,1
0.29505008459091187,0.608276903629303,-1.593956113765671e-07,0.2556633949279785,0.595971941947937,-0.009306613355875015,0.22597938776016235,0.5731004476547241,-0.017938170582056046,0.20743346214294434,0.5546886920928955,-0.02809716761112213,0.19981595873832703,0.5317620635032654,-0.037749018520116806,0.24597300589084625,0.49074044823646545,-0.009278499521315098,0.23066557943820953,0.44380584359169006,-0.024850565940141678,0.21891379356384277,0.41298121213912964,-0.03418762981891632,0.21034713089466095,0.3874770402908325,-0.0407189279794693,0.26593440771102905,0.4881860911846161,-0.014476809650659561,0.22899961471557617,0.4892915189266205,-0.03993095085024834,0.21814903616905212,0.5284816026687622,-0.04553944244980812,0.2193865180015564,0.5536254644393921,-0.04319557175040245,0.2825334072113037,0.4975575804710388,-0.021523302420973778,0.24656100571155548,0.5220722556114197,-0.04346171393990517,0.24791167676448822,0.552522599697113,-0.038745179772377014,0.2577269673347473,0.5629746317863464,-0.029815619811415672,0.2957899570465088,0.5155073404312134,-0.029907019808888435,0.2653714418411255,0.5374744534492493,-0.042624685913324356,0.264114111661911,0.5600609183311462,-0.03817394748330116,0.27203643321990967,0.565614640712738,-0.031007081270217896,1
0.5058646202087402,0.49780821800231934,-4.73346766227678e-08,0.49239876866340637,0.47429555654525757,-0.005557296331971884,0.48696058988571167,0.4461466073989868,-0.00943598710000515,0.49655041098594666,0.42615094780921936,-0.01385578978806734,0.510981559753418,0.4198037385940552,-0.017949536442756653,0.5025686621665955,0.41981345415115356,-0.005478850565850735,0.5038577914237976,0.38682594895362854,-0.013136738911271095,0.5047386884689331,0.366712361574173,-0.018453048542141914,0.5055802464485168,0.350364089012146,-0.022329341620206833,0.5159541368484497,0.4288196563720703,-0.007904554717242718,0.5225592851638794,0.40785524249076843,-0.020288458094000816,0.5168341994285583,0.4243564307689667,-0.023237721994519234,0.5114322304725647,0.43988144397735596,-0.022028744220733643,0.5272406339645386,0.44080525636672974,-0.011168736033141613,0.5318329334259033,0.42506182193756104,-0.021871404722332954,0.5242023468017578,0.4411774277687073,-0.01864534802734852,0.5191751718521118,0.4541119933128357,-0.01335437037050724,0.5371623635292053,0.4558543562889099,-0.015110879205167294,0.5419426560401917,0.44070571660995483,-0.020879246294498444,0.5346860885620117,0.4503710865974426,-0.016974227502942085,0.5293126702308655,0.45976942777633667,-0.012367974035441875,1
0.5152713656425476,0.3748074769973755,-4.0333461015507055e-08,0.49959057569503784,0.35422223806381226,-0.007503364235162735,0.48988428711891174,0.32829388976097107,-0.013326861895620823,0.494009792804718,0.3074595630168915,-0.019707417115569115,0.5072444081306458,0.30015841126441956,-0.025766953825950623,0.5033870339393616,0.2920873165130615,-0.0082355085760355,0.501045823097229,0.2554303705692291,-0.01757057197391987,0.49972009658813477,0.23260685801506042,-0.023431334644556046,0.4997997581958771,0.21372410655021667,-0.027625711634755135,0.5179019570350647,0.2996114194393158,-0.011081237345933914,0.5218545794487,0.2774810492992401,-0.026654556393623352,0.5162147879600525,0.29962918162345886,-0.029548564925789833,0.5123038291931152,0.31922370195388794,-0.02736479416489601,0.530888557434082,0.3115830421447754,-0.015009874477982521,0.5328646302223206,0.29640209674835205,-0.028520939871668816,0.5251795649528503,0.31702524423599243,-0.024832459166646004,0.5206725597381592,0.3325244188308716,-0.01841055229306221,0.5430164337158203,0.3272552788257599,-0.01978141814470291,0.5449219346046448,0.312936931848526,-0.02717319317162037,0.5364642143249512,0.325579434633255,-0.022977132350206375,0.5304229259490967,0.33657407760620117,-0.01773211359977722,1
0.5033747553825378,0.37928155064582825,1.8161071579925192e-07,0.48694539070129395,0.3558882176876068,-0.006608172319829464,0.47854363918304443,0.32964980602264404,-0.01174850668758154,0.48868033289909363,0.31157463788986206,-0.018053194507956505,0.5038044452667236,0.30643725395202637,-0.024208316579461098,0.4895990192890167,0.29329365491867065,-0.007175880949944258,0.48238953948020935,0.25774139165878296,-0.015745850279927254,0.47873160243034363,0.23529082536697388,-0.021049123257398605,0.4761078953742981,0.21646687388420105,-0.024548934772610664,0.5055993795394897,0.2944311499595642,-0.011063667945563793,0.5101607441902161,0.25536540150642395,-0.01949295587837696,0.5122781991958618,0.23244225978851318,-0.024220965802669525,0.5147901177406311,0.21389806270599365,-0.026466019451618195,0.5189923644065857,0.30614936351776123,-0.015947531908750534,0.5223416686058044,0.28163355588912964,-0.027298929169774055,0.5139850378036499,0.29955971240997314,-0.02722846157848835,0.5093156099319458,0.315785676240921,-0.023822331801056862,0.5300413966178894,0.32501325011253357,-0.021496737375855446,0.5296951532363892,0.31062597036361694,-0.029028235003352165,0.5223530530929565,0.3203090727329254,-0.026653751730918884,0.518458366394043,0.3303312659263611,-0.02291247248649597,2
0.4983891546726227,0.38688957691192627,1.2564250084778905e-07,0.48226019740104675,0.36606836318969727,-0.006074696313589811,0.47370943427085876,0.33751630783081055,-0.008966759778559208,0.4843122363090515,0.3207635283470154,-0.011953161098062992,0.49983686208724976,0.3153505325317383,-0.01570216193795204,0.48402389883995056,0.2994890809059143,-0.006355933379381895,0.47558319568634033,0.2662515938282013,-0.012141256593167782,0.471671462059021,0.24485540390014648,-0.01648588478565216,0.46830111742019653,0.22605663537979126,-0.020216932520270348,0.4992333650588989,0.3002462685108185,-0.010462853126227856,0.5024986863136292,0.25961822271347046,-0.015847880393266678,0.5053992867469788,0.23419144749641418,-0.02095068246126175,0.507432758808136,0.21363525092601776,-0.02463000826537609,0.5112280249595642,0.31070905923843384,-0.015656212344765663,0.5162477493286133,0.280926376581192,-0.02461712248623371,0.5150996446609497,0.26181870698928833,-0.03257693722844124,0.5141832232475281,0.2457217276096344,-0.03774818405508995,0.5207976698875427,0.32780635356903076,-0.021062999963760376,0.5150333046913147,0.31099748611450195,-0.029791243374347687,0.5056941509246826,0.317564994096756,-0.03192701190710068,0.49856704473495483,0.32689905166625977,-0.03316141292452812,3
0.4995043873786926,0.3881984353065491,1.4312475116184942e-07,0.48896872997283936,0.3707159459590912,-0.010345695540308952,0.48640093207359314,0.34587663412094116,-0.01395556889474392,0.5022767186164856,0.32906532287597656,-0.01662280783057213,0.5184448957443237,0.3229230046272278,-0.019499396905303,0.48211970925331116,0.3093070685863495,-0.0076260874047875404,0.47642016410827637,0.27509328722953796,-0.01321905292570591,0.47569695115089417,0.25382477045059204,-0.01776532083749771,0.4752877354621887,0.23528163135051727,-0.021241245791316032,0.4969945549964905,0.30526238679885864,-0.008932163007557392,0.4958984851837158,0.2662707269191742,-0.012591999024152756,0.4972906708717346,0.24146150052547455,-0.01725863665342331,0.4984845221042633,0.22090911865234375,-0.020775098353624344,0.5102394819259644,0.3118075728416443,-0.011705112643539906,0.5154510736465454,0.28504931926727295,-0.0181285310536623,0.5200242400169373,0.2663913369178772,-0.024990469217300415,0.523940920829773,0.24950000643730164,-0.029847892001271248,0.5221538543701172,0.3255099654197693,-0.015367795713245869,0.5233246088027954,0.3127252161502838,-0.02161492593586445,0.5202375054359436,0.3208296597003937,-0.02247985638678074,0.5182756781578064,0.33083659410476685,-0.023052295669913292,3
0.4617844223976135,0.4778280258178711,1.357710175398097e-07,0.4460861086845398,0.4623841643333435,-0.008414645679295063,0.4372769594192505,0.43785735964775085,-0.012018963694572449,0.44962993264198303,0.42040732502937317,-0.015290514566004276,0.4654492437839508,0.412259578704834,-0.01914403587579727,0.43963295221328735,0.3951014578342438,-0.007834775373339653,0.42747336626052856,0.3636169731616974,-0.014467881061136723,0.4221409857273102,0.3429116904735565,-0.01942519284784794,0.41773855686187744,0.325204461812973,-0.023269815370440483,0.45609503984451294,0.3915199637413025,-0.010817763395607471,0.4557587802410126,0.3510141968727112,-0.0156405046582222,0.4562325179576874,0.32543042302131653,-0.020822567865252495,0.45635393261909485,0.30495065450668335,-0.024560878053307533,0.47026023268699646,0.39993366599082947,-0.01515173725783825,0.4736589193344116,0.3762374520301819,-0.023724183440208435,0.47344982624053955,0.36058738827705383,-0.03193904832005501,0.4733301103115082,0.34606704115867615,-0.03722891956567764,0.4824583828449249,0.41525164246559143,-0.019965579733252525,0.4777388274669647,0.40694886445999146,-0.028612658381462097,0.47050097584724426,0.4163304567337036,-0.03115176223218441,0.4649098813533783,0.425284206867218,-0.03261728212237358,3
0.4337981045246124,0.3313163220882416,1.8843962834580452e-07,0.4008054733276367,0.3192816376686096,-0.005408477503806353,0.3727993965148926,0.3466736674308777,-0.008289442397654057,0.36170274019241333,0.3825998306274414,-0.009131708182394505,0.35409802198410034,0.4085952639579773,-0.01029936596751213,0.36626389622688293,0.3487178385257721,-0.02338094636797905,0.3291809856891632,0.38336825370788574,-0.030494926497340202,0.3093966245651245,0.40372318029403687,-0.03212932497262955,0.2929510474205017,0.42272377014160156,-0.03332469239830971,0.3826548159122467,0.3742242753505707,-0.023421624675393105,0.3635617196559906,0.4049392342567444,-0.033013224601745605,0.3533238172531128,0.4214048981666565,-0.03682044520974159,0.34388068318367004,0.4358316659927368,-0.039056021720170975,0.39931240677833557,0.39487525820732117,-0.022446084767580032,0.37755832076072693,0.42969024181365967,-0.03302746266126633,0.3605755865573883,0.45428210496902466,-0.04019803926348686,0.3458062708377838,0.4774102568626404,-0.044837407767772675,0.41148239374160767,0.4079224467277527,-0.020476505160331726,0.38944342732429504,0.42286285758018494,-0.02917906455695629,0.37786367535591125,0.4239509701728821,-0.03275846689939499,0.3696792721748352,0.42681410908699036,-0.03484819084405899,3
0.3990752696990967,0.5207224488258362,2.68403567815767e-07,0.3829801380634308,0.4710725247859955,0.002342297462746501,0.3518237769603729,0.4436434805393219,-0.002356310375034809,0.32285910844802856,0.45402613282203674,-0.007082281168550253,0.30445584654808044,0.4732406437397003,-0.013499229215085506,0.35275864601135254,0.4268761873245239,-0.018431108444929123,0.31310123205184937,0.39426684379577637,-0.026824951171875,0.291334331035614,0.3761751055717468,-0.03137737140059471,0.27267736196517944,0.36168336868286133,-0.03411169350147247,0.348174124956131,0.4566008448600769,-0.02549704536795616,0.3082371652126312,0.4238140881061554,-0.03427739441394806,0.2860212028026581,0.4077048897743225,-0.038780566304922104,0.2677863836288452,0.3950466513633728,-0.04194287955760956,0.3420979380607605,0.488455593585968,-0.030871625989675522,0.2955873906612396,0.4658190608024597,-0.0407923124730587,0.2703803777694702,0.4553629159927368,-0.04521258547902107,0.25203511118888855,0.4480617046356201,-0.0475606694817543,0.3372887372970581,0.5177091956138611,-0.034787651151418686,0.3045022785663605,0.49168655276298523,-0.040073610842227936,0.30817586183547974,0.4875020980834961,-0.03582577407360077,0.31760910153388977,0.4897819459438324,-0.03231614828109741,3
0.49711254239082336,0.5252732038497925,-1.2867651832948468e-08,0.4965474009513855,0.48995241522789,-0.007136755157262087,0.5074619054794312,0.45906803011894226,-0.008878575637936592,0.5247094035148621,0.44369304180145264,-0.01133551076054573,0.537517786026001,0.44378435611724854,-0.013566423207521439,0.5151870250701904,0.44052523374557495,0.0001291946682613343,0.527195394039154,0.4082934558391571,-0.007773926947265863,0.5354250073432922,0.39006882905960083,-0.013232170604169369,0.5435441136360168,0.37499088048934937,-0.01683143712580204,0.5247266292572021,0.45835840702056885,-0.001499681849963963,0.5433302521705627,0.4484541416168213,-0.015519707463681698,0.5316978096961975,0.4632933437824249,-0.019217809662222862,0.52138352394104,0.4718555808067322,-0.017534393817186356,0.5325798988342285,0.4770885109901428,-0.0047037675976753235,0.546179473400116,0.4715655446052551,-0.018005238845944405,0.533096432685852,0.48480820655822754,-0.015714626759290695,0.5253506898880005,0.49090370535850525,-0.009969977661967278,0.5374189615249634,0.49646857380867004,-0.008814331144094467,0.5502175092697144,0.4914158880710602,-0.016362424939870834,0.5394829511642456,0.49956634640693665,-0.012843902222812176,0.5313615798950195,0.5045465230941772,-0.007878913544118404,1
0.4777664840221405,0.5063040256500244,2.70350540176878e-07,0.484578013420105,0.473244845867157,-0.005394325591623783,0.4995774030685425,0.45015937089920044,-0.007424579467624426,0.5185655355453491,0.4455937147140503,-0.010275108739733696,0.5319690108299255,0.4474699795246124,-0.012582379393279552,0.5036200284957886,0.4338397979736328,-0.0010349747026339173,0.5156100392341614,0.4041517674922943,-0.007504667155444622,0.5254858136177063,0.3874325752258301,-0.011824635788798332,0.5344321727752686,0.3734405040740967,-0.014299733564257622,0.5123451352119446,0.45014524459838867,-0.0031954608857631683,0.5371320247650146,0.4344916343688965,-0.010711576789617538,0.5536916851997375,0.42830273509025574,-0.015213584527373314,0.5678617358207703,0.42286351323127747,-0.01667611673474312,0.5162932276725769,0.4700542688369751,-0.006476926151663065,0.5300172567367554,0.47167766094207764,-0.01726258173584938,0.5171154737472534,0.4780048429965973,-0.017997531220316887,0.5074318647384644,0.48078829050064087,-0.014693724922835827,0.5164723992347717,0.49045342206954956,-0.010235769674181938,0.5283827185630798,0.490875244140625,-0.017538540065288544,0.5188132524490356,0.4938352704048157,-0.015332185663282871,0.5101451873779297,0.4942514896392822,-0.01141404453665018,2
0.526588499546051,0.42683854699134827,2.5407234716112725e-07,0.5345211625099182,0.3959253132343292,-0.004482272546738386,0.5514805316925049,0.374427855014801,-0.00702952453866601,0.5702840685844421,0.36820119619369507,-0.010504118166863918,0.5838516354560852,0.36857765913009644,-0.013427617959678173,0.5588502883911133,0.35991933941841125,-0.0031473704148083925,0.5736573934555054,0.3344268500804901,-0.010226174257695675,0.5850316882133484,0.3195807933807373,-0.01493755355477333,0.5956729650497437,0.3076775074005127,-0.01806061901152134,0.5662036538124084,0.3767913281917572,-0.0059582507237792015,0.591312825679779,0.3673684298992157,-0.014718979597091675,0.6084468960762024,0.36442670226097107,-0.019684426486492157,0.6233758330345154,0.3617473244667053,-0.021882489323616028,0.5684938430786133,0.3965541422367096,-0.009496460668742657,0.5842031240463257,0.39837634563446045,-0.02055063284933567,0.569744884967804,0.402901291847229,-0.020004384219646454,0.5582572817802429,0.4051339328289032,-0.0162935983389616,0.5672199130058289,0.41680318117141724,-0.013456049375236034,0.5802450180053711,0.4171854853630066,-0.021337227895855904,0.5697906613349915,0.4182114601135254,-0.019008303061127663,0.559837818145752,0.41755446791648865,-0.015131709165871143,2
0.55391925573349,0.39164891839027405,2.5047580720638507e-07,0.5660958886146545,0.36008456349372864,-0.00355897331610322,0.5858226418495178,0.34041693806648254,-0.005396019667387009,0.6046175360679626,0.338387131690979,-0.008446804247796535,0.6155640482902527,0.3438479006290436,-0.010971912182867527,0.593254566192627,0.33182579278945923,-0.0017557330429553986,0.612756609916687,0.31086036562919617,-0.007954391650855541,0.6252512335777283,0.29923295974731445,-0.01182935107499361,0.6368013024330139,0.2896793782711029,-0.014308130368590355,0.5987823009490967,0.3494386076927185,-0.004701295401901007,0.6248564124107361,0.34454914927482605,-0.012877032160758972,0.6426040530204773,0.3437325060367584,-0.017505189403891563,0.6581949591636658,0.34354522824287415,-0.019439322873950005,0.5993459820747375,0.3694620728492737,-0.008281916379928589,0.6141600012779236,0.3745265007019043,-0.018281463533639908,0.5994400382041931,0.37759697437286377,-0.017378849908709526,0.5880725383758545,0.37930309772491455,-0.013450090773403645,0.5968694090843201,0.3898758888244629,-0.012322213500738144,0.6097143888473511,0.3922680616378784,-0.01872898079454899,0.5992720723152161,0.3922334313392639,-0.015807341784238815,0.5897558331489563,0.39104795455932617,-0.011701393872499466,2
0.4580293595790863,0.473601758480072,2.3996375375645584e-07,0.4690392017364502,0.44724538922309875,-0.005177979823201895,0.4864303469657898,0.43079933524131775,-0.00689546437934041,0.5030503273010254,0.42956167459487915,-0.008866414427757263,0.5152580738067627,0.43167588114738464,-0.010035635903477669,0.4929106533527374,0.4163917601108551,-0.0013749314239248633,0.5103650689125061,0.3970355987548828,-0.005437489598989487,0.5219656229019165,0.3870585560798645,-0.008045784197747707,0.5321702361106873,0.37984514236450195,-0.009565940126776695,0.49769216775894165,0.4321867525577545,-0.0020428402349352837,0.5205414891242981,0.42817699909210205,-0.007632502354681492,0.5363219976425171,0.4289969205856323,-0.011229653842747211,0.548942506313324,0.43139296770095825,-0.012623300775885582,0.4982927441596985,0.44954413175582886,-0.003569470951333642,0.5114880204200745,0.45705047249794006,-0.011205035261809826,0.5011979937553406,0.4592691659927368,-0.012388556264340878,0.4927133321762085,0.45894309878349304,-0.010622349567711353,0.496622234582901,0.46544206142425537,-0.005557434633374214,0.5068176984786987,0.471528023481369,-0.010702349245548248,0.4990878999233246,0.47184717655181885,-0.009888079017400742,0.4924706518650055,0.46957772970199585,-0.0076875449158251286,2
0.4640320837497711,0.4673685133457184,1.1758573492670621e-07,0.4628968834877014,0.44474151730537415,-0.007403216324746609,0.47255489230155945,0.42214545607566833,-0.009637165814638138,0.48949745297431946,0.4141049385070801,-0.011179745197296143,0.5023952126502991,0.41362324357032776,-0.012958213686943054,0.47289416193962097,0.3986690044403076,-0.004842315334826708,0.47911855578422546,0.3684830069541931,-0.009619977325201035,0.4849034249782562,0.3497016429901123,-0.013861732557415962,0.4895366132259369,0.33434736728668213,-0.01712716929614544,0.4838772714138031,0.4039648771286011,-0.00595219386741519,0.4941169321537018,0.3769959509372711,-0.008814145810902119,0.5027590394020081,0.36042284965515137,-0.013215545564889908,0.5099344849586487,0.34784650802612305,-0.016701744869351387,0.49232766032218933,0.41534528136253357,-0.008132945746183395,0.5050682425498962,0.39544588327407837,-0.01355498656630516,0.514109194278717,0.3824755847454071,-0.019393710419535637,0.5220887660980225,0.3728048503398895,-0.02369208075106144,0.4983283281326294,0.43094295263290405,-0.010843973606824875,0.5014082193374634,0.41952282190322876,-0.01715869829058647,0.49565544724464417,0.4231613278388977,-0.018528038635849953,0.4910307824611664,0.4301665723323822,-0.019242631271481514,3
0.4802778363227844,0.37266114354133606,1.5303275802125427e-07,0.47436457872390747,0.3505346179008484,-0.007766021881252527,0.4784143567085266,0.3262806236743927,-0.010295807383954525,0.4951115846633911,0.3163464367389679,-0.01228368654847145,0.5095655918121338,0.3166539967060089,-0.014489940367639065,0.4771181046962738,0.2981693148612976,-0.004054983612149954,0.4809459447860718,0.26698631048202515,-0.008272205479443073,0.48619580268859863,0.24834123253822327,-0.012159418314695358,0.4908195436000824,0.2328178733587265,-0.015270437113940716,0.4898141622543335,0.3010545074939728,-0.0053969682194292545,0.4962465465068817,0.2713205814361572,-0.00753242801874876,0.5023965239524841,0.2528044581413269,-0.011618256568908691,0.5079649090766907,0.23852920532226562,-0.015125003643333912,0.5007102489471436,0.31089991331100464,-0.008017615415155888,0.5110156536102295,0.28937697410583496,-0.013118362985551357,0.5183824300765991,0.2753223180770874,-0.019086705520749092,0.5255720615386963,0.2643462121486664,-0.02362236939370632,0.5093517303466797,0.32528960704803467,-0.011318542063236237,0.509647011756897,0.31421780586242676,-0.017433593049645424,0.5038586258888245,0.32111772894859314,-0.018809422850608826,0.5001636147499084,0.33041977882385254,-0.019716011360287666,3
0.5041874647140503,0.47136422991752625,9.661820854489633e-08,0.5085921883583069,0.45761337876319885,-0.006468897685408592,0.5208171606063843,0.4432138204574585,-0.008160334080457687,0.5354224443435669,0.4388081431388855,-0.009157774038612843,0.5438632369041443,0.4397395849227905,-0.009917165152728558,0.5233042240142822,0.4172686040401459,-0.004082750529050827,0.5348085761070251,0.3918019235134125,-0.0073768822476267815,0.544125497341156,0.3784337639808655,-0.01017777156084776,0.5515332818031311,0.3684285581111908,-0.012205615639686584,0.5324508547782898,0.42267975211143494,-0.004049514885991812,0.5456045269966125,0.40224993228912354,-0.005374668166041374,0.5547797679901123,0.39228785037994385,-0.007860265672206879,0.5615295767784119,0.3853662312030792,-0.009958315640687943,0.5385821461677551,0.4327523708343506,-0.004978606943041086,0.5529648065567017,0.4210348129272461,-0.007380801253020763,0.562553882598877,0.41481512784957886,-0.010766853578388691,0.5698001384735107,0.41094088554382324,-0.013628100976347923,0.5413267612457275,0.4458698332309723,-0.006546235643327236,0.5475016832351685,0.43887871503829956,-0.009038296528160572,0.5443946719169617,0.4392814338207245,-0.009110033512115479,0.5402699112892151,0.44324710965156555,-0.00926995649933815,3
0.4183640480041504,0.3998696804046631,1.551968438207041e-07,0.4077124297618866,0.3741290867328644,-0.00689300149679184,0.40473753213882446,0.3466719686985016,-0.011962924152612686,0.41739794611930847,0.3373242914676666,-0.017393697053194046,0.43115273118019104,0.3415566086769104,-0.022457802668213844,0.4259524345397949,0.32315510511398315,-0.010687361471354961,0.4276617467403412,0.28905025124549866,-0.01876898668706417,0.42889338731765747,0.26846984028816223,-0.02352212369441986,0.43017271161079407,0.2510761022567749,-0.02660313807427883,0.43908923864364624,0.3337681293487549,-0.012607344426214695,0.4505635201931,0.30878913402557373,-0.020689725875854492,0.4576972723007202,0.2962595820426941,-0.023944001644849777,0.4643986225128174,0.28662821650505066,-0.025081418454647064,0.44754132628440857,0.3491542339324951,-0.01529980730265379,0.4488683044910431,0.3484046161174774,-0.0249839685857296,0.43744826316833496,0.3593131899833679,-0.02498386614024639,0.42998775839805603,0.36740225553512573,-0.02220739796757698,0.453172892332077,0.3675735592842102,-0.01869596168398857,0.4543953835964203,0.3650406002998352,-0.024825837463140488,0.4437119960784912,0.3715180456638336,-0.02290552668273449,0.43560707569122314,0.3759760558605194,-0.01998714916408062,2
0.3672403395175934,0.38636600971221924,1.7086752279737993e-07,0.3475547432899475,0.3728034794330597,-0.004359757993370295,0.3328942358493805,0.3588102161884308,-0.010298589244484901,0.3258715867996216,0.35018500685691833,-0.01642655022442341,0.33131033182144165,0.3462974429130554,-0.02287328988313675,0.33881884813308716,0.30744779109954834,-0.012382068671286106,0.32440003752708435,0.27710655331611633,-0.02065962180495262,0.31411686539649963,0.26077648997306824,-0.02484927698969841,0.30461058020591736,0.24849022924900055,-0.027549391612410545,0.35438451170921326,0.31076425313949585,-0.01784767024219036,0.35586777329444885,0.2721937596797943,-0.026528073474764824,0.3545781672000885,0.2505100667476654,-0.030812816694378853,0.35255196690559387,0.2346091866493225,-0.032705679535865784,0.36682096123695374,0.3246585726737976,-0.023686612024903297,0.3602874279022217,0.30818653106689453,-0.034931447356939316,0.35100430250167847,0.2947141230106354,-0.040560681372880936,0.3449757993221283,0.2830692529678345,-0.04289071634411812,0.37440842390060425,0.34559398889541626,-0.02934558317065239,0.3574835956096649,0.3454130291938782,-0.03733929991722107,0.3465375304222107,0.3551843762397766,-0.03708980977535248,0.3405803143978119,0.3651198446750641,-0.03602776303887367,2
0.368804395198822,0.3971979022026062,1.8084713815369469e-07,0.3552391529083252,0.39226996898651123,-0.01312993373721838,0.3463188409805298,0.38098570704460144,-0.021475061774253845,0.357237845659256,0.37415266036987305,-0.02827533520758152,0.37144404649734497,0.369384229183197,-0.034958384931087494,0.35056912899017334,0.3321540951728821,-0.01620783656835556,0.343242883682251,0.31070080399513245,-0.025782117620110512,0.33994975686073303,0.29796427488327026,-0.032099172472953796,0.33688977360725403,0.28672876954078674,-0.036084044724702835,0.3663870394229889,0.32549411058425903,-0.01700909435749054,0.3700171113014221,0.2895664870738983,-0.02394365891814232,0.3739757239818573,0.26888084411621094,-0.028337491676211357,0.3767770230770111,0.2496573030948639,-0.03077898919582367,0.3789706528186798,0.33229389786720276,-0.019295794889330864,0.3874458074569702,0.32288509607315063,-0.029246918857097626,0.3890882134437561,0.31818056106567383,-0.035580530762672424,0.38921165466308594,0.3104511499404907,-0.03876016288995743,0.3889707922935486,0.34697890281677246,-0.02247380092740059,0.39139601588249207,0.3539856970310211,-0.030977264046669006,0.38465893268585205,0.36604049801826477,-0.03299068659543991,0.3777439594268799,0.37366145849227905,-0.03371429443359375,3
0.36386483907699585,0.3660564720630646,1.746257183299349e-08,0.3404011130332947,0.36297285556793213,-0.008500766009092331,0.31844258308410645,0.3531630337238312,-0.01581742987036705,0.3159705400466919,0.3459852933883667,-0.023016680032014847,0.3315536677837372,0.34680595993995667,-0.029628043994307518,0.3177570700645447,0.30263301730155945,-0.015011133626103401,0.29788845777511597,0.2794240713119507,-0.025344470515847206,0.28346914052963257,0.2666183114051819,-0.032117512077093124,0.2723243832588196,0.2550392746925354,-0.037690773606300354,0.3369480073451996,0.29241833090782166,-0.01771477609872818,0.3316594362258911,0.2920844256877899,-0.028230581432580948,0.33091771602630615,0.301133394241333,-0.030531292781233788,0.33186277747154236,0.30262964963912964,-0.03078509494662285,0.3566966652870178,0.2977195680141449,-0.021349158138036728,0.3504129946231842,0.3315562903881073,-0.027491863816976547,0.34824448823928833,0.345516562461853,-0.023604867979884148,0.3505038917064667,0.34473544359207153,-0.020279167219996452,0.37417304515838623,0.31107187271118164,-0.026779770851135254,0.3660191297531128,0.3423251509666443,-0.030119508504867554,0.3623631000518799,0.35405582189559937,-0.02706768922507763,0.36294907331466675,0.3532569408416748,-0.0242326483130455,1
0.36051949858665466,0.36901167035102844,-9.099293407643927e-08,0.33645713329315186,0.3637292981147766,-0.008995569311082363,0.31649675965309143,0.3566783666610718,-0.019329452887177467,0.3019658923149109,0.3544241786003113,-0.02976725436747074,0.3034604489803314,0.3537020981311798,-0.04031915217638016,0.3153053820133209,0.30133697390556335,-0.02031109668314457,0.2942506670951843,0.2764633297920227,-0.03408600017428398,0.27953284978866577,0.25760334730148315,-0.04339802637696266,0.26926693320274353,0.2419881820678711,-0.05085896700620651,0.3346332013607025,0.2931869626045227,-0.023684853687882423,0.31751444935798645,0.33149558305740356,-0.04021225497126579,0.3185155391693115,0.35558611154556274,-0.04227081686258316,0.32448872923851013,0.36069589853286743,-0.04174930602312088,0.3539349138736725,0.3031899333000183,-0.027969321236014366,0.3379201292991638,0.3481162488460541,-0.03959411382675171,0.3390956223011017,0.35906705260276794,-0.033200159668922424,0.34472090005874634,0.3533119857311249,-0.027669554576277733,0.3704582452774048,0.3203396499156952,-0.03385993093252182,0.35666728019714355,0.3548051118850708,-0.041981011629104614,0.3559115529060364,0.3640940189361572,-0.03781842812895775,0.35981541872024536,0.358650803565979,-0.03301374614238739,1
0.3249436318874359,0.46919870376586914,5.101348961034091e-07,0.29490402340888977,0.45523834228515625,-0.023718729615211487,0.27752745151519775,0.42502835392951965,-0.0398450642824173,0.2968093156814575,0.3988895118236542,-0.05483625456690788,0.319164514541626,0.37916821241378784,-0.0687464103102684,0.27771300077438354,0.3411386013031006,-0.033830124884843826,0.256791353225708,0.2827604115009308,-0.054421890527009964,0.24403919279575348,0.24405816197395325,-0.06642992049455643,0.23450049757957458,0.20849069952964783,-0.07463684678077698,0.31093618273735046,0.3334985077381134,-0.03579476475715637,0.3165377676486969,0.26712074875831604,-0.05567924678325653,0.32448992133140564,0.2245582938194275,-0.06525545567274094,0.3307652473449707,0.1858838051557541,-0.07012360543012619,0.3383871614933014,0.34850993752479553,-0.03971804678440094,0.3497444987297058,0.32224056124687195,-0.06654884666204453,0.3434625267982483,0.3668871223926544,-0.06715811789035797,0.33710822463035583,0.401199072599411,-0.060762807726860046,0.361158162355423,0.3762030303478241,-0.04545920342206955,0.3681741952896118,0.3719414174556732,-0.068877674639225,0.35777565836906433,0.4032161235809326,-0.06860145926475525,0.3471177816390991,0.4286416172981262,-0.06317617744207382,2
0.11922420561313629,0.5249745845794678,-1.736035848409756e-08,0.11381210386753082,0.4603709876537323,0.006582075264304876,0.1317598819732666,0.40221258997917175,0.0023137577809393406,0.15990999341011047,0.36932075023651123,-0.004209704231470823,0.1850321888923645,0.35612714290618896,-0.010709810070693493,0.13355690240859985,0.3724415600299835,-0.0147577915340662,0.15740083158016205,0.3106648325920105,-0.02398613840341568,0.17106421291828156,0.2733197808265686,-0.027388764545321465,0.18137571215629578,0.24334242939949036,-0.02979719452559948,0.15331509709358215,0.38696056604385376,-0.02492404542863369,0.2055252343416214,0.3712850511074066,-0.03577534109354019,0.2029319703578949,0.398664653301239,-0.032892316579818726,0.1879614144563675,0.41431814432144165,-0.029030682519078255,0.17385880649089813,0.4144856929779053,-0.03335133194923401,0.21876756846904755,0.4073888957500458,-0.04049515724182129,0.2136538326740265,0.4298528730869293,-0.03002021461725235,0.20004460215568542,0.4427487254142761,-0.02204909175634384,0.1927265077829361,0.4443686306476593,-0.04152977094054222,0.2313411682844162,0.4360162317752838,-0.04121585935354233,0.2268821895122528,0.4557764530181885,-0.029990412294864655,0.21550050377845764,0.4680795669555664,-0.021242372691631317,1
0.10838425904512405,0.5076135396957397,3.109284136826318e-07,0.09976114332675934,0.4411807060241699,0.0026802567299455404,0.11694854497909546,0.3892369270324707,-0.001672369078733027,0.1485738754272461,0.37015220522880554,-0.007566829677671194,0.17535999417304993,0.374534010887146,-0.013017818331718445,0.11774811148643494,0.35746264457702637,-0.012033906765282154,0.1293206810951233,0.2927784025669098,-0.02017728053033352,0.13563331961631775,0.25340181589126587,-0.02386380359530449,0.14151044189929962,0.22223813831806183,-0.025755835697054863,0.1443595290184021,0.3724690079689026,-0.020045462995767593,0.17596837878227234,0.3123239576816559,-0.025882752612233162,0.19513411819934845,0.28181368112564087,-0.02830071933567524,0.20998317003250122,0.25849995017051697,-0.029455823823809624,0.16774126887321472,0.39910656213760376,-0.026662664487957954,0.20053020119667053,0.3767361640930176,-0.03243709355592728,0.18920016288757324,0.3924460709095001,-0.02855609357357025,0.1743510663509369,0.4059833884239197,-0.023525623604655266,0.18603646755218506,0.4303115904331207,-0.03314780071377754,0.20477727055549622,0.41345471143722534,-0.032080866396427155,0.19384071230888367,0.42540431022644043,-0.02265816368162632,0.18240515887737274,0.43668752908706665,-0.014476632699370384,2
0.10868266224861145,0.5126969814300537,-1.1152761381083565e-08,0.10405537486076355,0.4469659924507141,0.005212058778852224,0.12330319732427597,0.3931730389595032,0.0007062770891934633,0.153166726231575,0.37067145109176636,-0.0061176493763923645,0.18121735751628876,0.37143635749816895,-0.013106541708111763,0.12541967630386353,0.36223453283309937,-0.011267220601439476,0.14134058356285095,0.30122441053390503,-0.02027199976146221,0.15261457860469818,0.26499757170677185,-0.024870267137885094,0.16034461557865143,0.23530200123786926,-0.028414038941264153,0.14607270061969757,0.37896597385406494,-0.021749045699834824,0.19100670516490936,0.3537006378173828,-0.033744342625141144,0.1878633052110672,0.37942415475845337,-0.03330245986580849,0.17189624905586243,0.39548152685165405,-0.030142588540911674,0.16619659960269928,0.40831321477890015,-0.030782660469412804,0.20069752633571625,0.3964459300041199,-0.037173423916101456,0.19301991164684296,0.4164562523365021,-0.027890095487236977,0.1782984584569931,0.42665937542915344,-0.020287934690713882,0.18308064341545105,0.4412207305431366,-0.03985578194260597,0.2087712287902832,0.4293759763240814,-0.03734492138028145,0.20026114583015442,0.44501301646232605,-0.025126837193965912,0.18737289309501648,0.45415693521499634,-0.015896977856755257,1
0.10429384559392929,0.48791420459747314,2.316906346777614e-07,0.08699432015419006,0.4237358272075653,0.003429468721151352,0.10342104732990265,0.3704986572265625,0.003071065992116928,0.13612672686576843,0.3576609194278717,0.003422472393140197,0.16195954382419586,0.35992613434791565,0.003123356495052576,0.09973478317260742,0.3539539873600006,-0.015280804596841335,0.11415254324674606,0.29020956158638,-0.016174133867025375,0.12110671401023865,0.2545526921749115,-0.013172971084713936,0.12713740766048431,0.22547033429145813,-0.01155374851077795,0.12960252165794373,0.36217623949050903,-0.01991572417318821,0.14399203658103943,0.2881273031234741,-0.025652112439274788,0.15331614017486572,0.24485719203948975,-0.029149021953344345,0.16293375194072723,0.2132282704114914,-0.031094279140233994,0.1569644957780838,0.3820522725582123,-0.02178158424794674,0.18467333912849426,0.3307749032974243,-0.02869078516960144,0.1977657973766327,0.3036463260650635,-0.03425019234418869,0.20871296525001526,0.2867308259010315,-0.03730212524533272,0.17736169695854187,0.40632298588752747,-0.02187858335673809,0.17650194466114044,0.37960290908813477,-0.02236032858490944,0.16283470392227173,0.384210467338562,-0.017895454540848732,0.15682165324687958,0.3964409828186035,-0.01485638041049242,3
0.10701340436935425,0.5023477673530579,-7.347677666302843e-08,0.09438345581293106,0.43846744298934937,0.006445848383009434,0.10826340317726135,0.38785848021507263,0.004810767248272896,0.13340534269809723,0.36758315563201904,0.0009586945525370538,0.15835142135620117,0.37237194180488586,-0.00342827127315104,0.11676783859729767,0.3526412844657898,-0.0063647017814219,0.13097234070301056,0.2950376868247986,-0.010002901777625084,0.14048144221305847,0.26129066944122314,-0.012029782868921757,0.14767007529735565,0.23546600341796875,-0.01415230892598629,0.1442577987909317,0.36554446816444397,-0.013700945302844048,0.17047783732414246,0.35101553797721863,-0.016968950629234314,0.16597366333007812,0.3713814914226532,-0.015269615687429905,0.15494826436042786,0.3860726058483124,-0.013555089011788368,0.1679692268371582,0.39158135652542114,-0.019289372488856316,0.1839548945426941,0.38282299041748047,-0.018093228340148926,0.17778648436069489,0.3985685110092163,-0.010813920758664608,0.16709460318088531,0.41095519065856934,-0.006826621014624834,0.18609754741191864,0.4194146692752838,-0.024897167459130287,0.1937866359949112,0.4137427806854248,-0.01789560541510582,0.18724296987056732,0.4259178936481476,-0.007497819606214762,0.17859023809432983,0.43656328320503235,-0.0003739438543561846,1
0.434037446975708,0.5181519985198975,-1.844166064302044e-07,0.4177001416683197,0.4668271243572235,2.9515413189074025e-06,0.42788130044937134,0.4224952161312103,0.00048652818077243865,0.4490107297897339,0.40556031465530396,0.0014900739770382643,0.4637121558189392,0.4060603380203247,0.0018271667649969459,0.46530836820602417,0.40210556983947754,-0.009482326917350292,0.47848713397979736,0.35430043935775757,-0.01081662904471159,0.48631006479263306,0.3242785930633545,-0.012192840687930584,0.4934519827365875,0.30272382497787476,-0.014189032837748528,0.48771077394485474,0.42337608337402344,-0.009662376716732979,0.48040345311164856,0.3990097641944885,-0.007428882177919149,0.46562930941581726,0.40647462010383606,-0.0030384878627955914,0.45958906412124634,0.4201086759567261,-0.001326035475358367,0.4988061189651489,0.44987717270851135,-0.009142152033746243,0.48932358622550964,0.4266430735588074,-0.00796429067850113,0.47750556468963623,0.43177470564842224,-0.003521763952448964,0.47152507305145264,0.4452976584434509,-0.0017545544542372227,0.5042127966880798,0.47429949045181274,-0.008615647442638874,0.4971480667591095,0.453066349029541,-0.0065939901396632195,0.48733770847320557,0.45656242966651917,-0.001413483638316393,0.4812992215156555,0.4682562053203583,0.0022876360453665257,1
0.38815659284591675,0.39865368604660034,-7.858091777279697e-08,0.42173489928245544,0.3736015558242798,0.009215539321303368,0.45138275623321533,0.3791022300720215,0.011173360981047153,0.4645848274230957,0.39838090538978577,0.01016421802341938,0.4642551839351654,0.419904887676239,0.008227502927184105,0.47482332587242126,0.38472989201545715,0.006710387766361237,0.4975219964981079,0.38993144035339355,0.007770588621497154,0.5131906867027283,0.39316481351852417,0.006983336992561817,0.5251777172088623,0.39754411578178406,0.005176323466002941,0.4755632281303406,0.4145273268222809,-0.00017869731527753174,0.46952536702156067,0.43531477451324463,0.00021540647139772773,0.45555081963539124,0.4354669749736786,-0.0010915810707956553,0.44475990533828735,0.4302339255809784,-0.0020234999246895313,0.4667392075061798,0.44261634349823,-0.005821524187922478,0.4565432667732239,0.45859766006469727,-0.00681146327406168,0.44433721899986267,0.4569987952709198,-0.006986766122281551,0.4338347315788269,0.4515279531478882,-0.007031961344182491,0.45524221658706665,0.46597743034362793,-0.010928434319794178,0.44628527760505676,0.482984334230423,-0.011406025849282742,0.433500736951828,0.48351916670799255,-0.009556196630001068,0.42173483967781067,0.47957131266593933,-0.007227535359561443,1
0.3778635859489441,0.3659411668777466,4.115767069379217e-07,0.3826456665992737,0.4200807213783264,0.0021526070777326822,0.3835969865322113,0.4695132374763489,-0.0035489483270794153,0.3720521926879883,0.5060859322547913,-0.012232857756316662,0.3660273551940918,0.53447026014328,-0.01996873877942562,0.42751187086105347,0.49122676253318787,-0.005744691472500563,0.43304696679115295,0.5421969890594482,-0.016517305746674538,0.43881452083587646,0.5743615031242371,-0.02348380908370018,0.4461318552494049,0.6006908416748047,-0.028155505657196045,0.4258464574813843,0.48483365774154663,-0.014833242632448673,0.40196627378463745,0.5392230749130249,-0.026940131559967995,0.3885113596916199,0.5771151781082153,-0.032742779701948166,0.3793504238128662,0.6071213483810425,-0.03581426665186882,0.4163663387298584,0.47136232256889343,-0.023726463317871094,0.37097933888435364,0.503602921962738,-0.03538556396961212,0.3608042299747467,0.48216065764427185,-0.03306824341416359,0.3599398136138916,0.46341872215270996,-0.028797727078199387,0.40048182010650635,0.4543105959892273,-0.033117491751909256,0.3595517575740814,0.4743557274341583,-0.03904510289430618,0.3480646014213562,0.4612250328063965,-0.03448369354009628,0.34405383467674255,0.44990313053131104,-0.029143305495381355,2
0.32527363300323486,0.49625328183174133,4.063440712798183e-07,0.3265153765678406,0.5361323952674866,-0.013469472527503967,0.3435126841068268,0.572038471698761,-0.018331235274672508,0.36546605825424194,0.5627841949462891,-0.021576974540948868,0.38563305139541626,0.5431638360023499,-0.025297511368989944,0.3949205279350281,0.5898708701133728,-0.011598187498748302,0.41662585735321045,0.62840336561203,-0.020075632259249687,0.4296659529209137,0.6555020213127136,-0.027070673182606697,0.4436782896518707,0.677106499671936,-0.03193492814898491,0.40972772240638733,0.561661958694458,-0.014225401915609837,0.44909197092056274,0.5908423662185669,-0.02026085928082466,0.47157952189445496,0.6103885769844055,-0.027971751987934113,0.49257150292396545,0.625821053981781,-0.03321440890431404,0.41030174493789673,0.5311117172241211,-0.018276555463671684,0.4355064332485199,0.5403434634208679,-0.031816739588975906,0.4547328054904938,0.5565245151519775,-0.044422224164009094,0.47312480211257935,0.5687239170074463,-0.05253161862492561,0.40092408657073975,0.5006283521652222,-0.023009302094578743,0.40031665563583374,0.5231859683990479,-0.038308944553136826,0.37975001335144043,0.5323583483695984,-0.042109306901693344,0.36239612102508545,0.5340710282325745,-0.04337954893708229,3
0.32203933596611023,0.49475955963134766,3.9456131162296515e-07,0.32282909750938416,0.5361375212669373,-0.013211541809141636,0.33792823553085327,0.5680727362632751,-0.021077960729599,0.357101172208786,0.5666345953941345,-0.029657453298568726,0.3767707645893097,0.552649974822998,-0.037415869534015656,0.3919934630393982,0.5833904147148132,-0.011286212131381035,0.4135437607765198,0.6228960156440735,-0.025726990774273872,0.4264604449272156,0.6479769349098206,-0.03525962308049202,0.43916910886764526,0.6690442562103271,-0.04108240455389023,0.40384694933891296,0.5549373626708984,-0.015836311504244804,0.4438229501247406,0.5808645486831665,-0.031152352690696716,0.4640609920024872,0.6024304628372192,-0.04059137776494026,0.4812763035297394,0.6192538142204285,-0.0452331006526947,0.40229469537734985,0.5230096578598022,-0.022141186520457268,0.41926583647727966,0.539130687713623,-0.04682278260588646,0.3915427327156067,0.546101450920105,-0.05304069444537163,0.3693276643753052,0.5456430912017822,-0.050633206963539124,0.389938622713089,0.49319714307785034,-0.029166018590331078,0.3828367590904236,0.5122928023338318,-0.05178207904100418,0.3585962951183319,0.5254766941070557,-0.05572354048490524,0.34017643332481384,0.5309560298919678,-0.053372275084257126,2
0.22357359528541565,0.3221902847290039,3.794602037032746e-07,0.24788285791873932,0.37166982889175415,0.008492518216371536,0.24773387610912323,0.42823925614356995,0.0066232141107320786,0.22426743805408478,0.46247705817222595,0.0011694742133840919,0.19843268394470215,0.47863417863845825,-0.003101709531620145,0.2681509554386139,0.450516939163208,-0.0008905422873795033,0.26628363132476807,0.5099862217903137,-0.006734393537044525,0.26685982942581177,0.5455478429794312,-0.009228463284671307,0.26826488971710205,0.574084460735321,-0.011623958125710487,0.2530052661895752,0.4567127823829651,-0.012519224546849728,0.2440054714679718,0.5227183699607849,-0.019243106245994568,0.2371019721031189,0.5615549087524414,-0.025032952427864075,0.232274129986763,0.5921817421913147,-0.02945026569068432,0.2325548380613327,0.45065557956695557,-0.022733600810170174,0.1932409554719925,0.48591187596321106,-0.025655660778284073,0.185468852519989,0.46601495146751404,-0.022822825238108635,0.18987306952476501,0.4506186544895172,-0.020388297736644745,0.20995914936065674,0.43647706508636475,-0.03311764821410179,0.17775556445121765,0.4459991157054901,-0.03110538236796856,0.17653946578502655,0.43029075860977173,-0.026338601484894753,0.18601277470588684,0.4189128875732422,-0.022803224623203278,2
0.08125021308660507,0.3529149889945984,1.4335402909182449e-07,0.12884382903575897,0.3727415204048157,-0.013405201025307178,0.16420294344425201,0.38325390219688416,-0.030906707048416138,0.1837066262960434,0.3951440155506134,-0.04948481172323227,0.19035762548446655,0.4046878516674042,-0.06814365833997726,0.19192321598529816,0.2858940660953522,-0.03867372125387192,0.21537712216377258,0.248826265335083,-0.06326933950185776,0.23177188634872437,0.21715769171714783,-0.08027047663927078,0.24591903388500214,0.18809223175048828,-0.09252963960170746,0.1639765202999115,0.25919076800346375,-0.04669540748000145,0.17248842120170593,0.3230404853820801,-0.07692255079746246,0.1675722897052765,0.3664299249649048,-0.08550644665956497,0.1594008505344391,0.39192482829093933,-0.08783874660730362,0.12814511358737946,0.2592874765396118,-0.05502749979496002,0.13439491391181946,0.34129640460014343,-0.08006768673658371,0.12940776348114014,0.3680163621902466,-0.07674575597047806,0.12275397777557373,0.37805840373039246,-0.07058966159820557,0.09322861582040787,0.2735666036605835,-0.06554561108350754,0.1020403653383255,0.3371579647064209,-0.08317601680755615,0.11250127851963043,0.3732348680496216,-0.08032571524381638,0.12050232291221619,0.39828330278396606,-0.07425697147846222,1
0.3666849732398987,0.44607609510421753,1.2823581130305683e-07,0.3902275860309601,0.48450878262519836,0.003216005163267255,0.41139572858810425,0.5043832063674927,-0.0006993628921918571,0.42676830291748047,0.5218917727470398,-0.008064395748078823,0.4427073895931244,0.5260784029960632,-0.014928868971765041,0.4507632255554199,0.44515153765678406,0.003742469707503915,0.4746387004852295,0.4375075101852417,-0.002400025725364685,0.4948543310165405,0.4368380010128021,-0.007826645858585835,0.5084291100502014,0.4358842074871063,-0.011890575289726257,0.44895294308662415,0.43509113788604736,-0.004720242228358984,0.4677561819553375,0.47629693150520325,-0.016240954399108887,0.4551817774772644,0.503271758556366,-0.02011260949075222,0.4388556182384491,0.5133405327796936,-0.019532805308699608,0.44175583124160767,0.4337496757507324,-0.013352843001484871,0.4555134177207947,0.47873029112815857,-0.023088796064257622,0.4430549442768097,0.5002856850624084,-0.020849650725722313,0.4287022650241852,0.507013738155365,-0.016602933406829834,0.4306252896785736,0.4399529695510864,-0.022284308448433876,0.4365367293357849,0.48213717341423035,-0.027756882831454277,0.42971566319465637,0.5033949613571167,-0.024614835157990456,0.42026764154434204,0.5136372447013855,-0.020245037972927094,1
0.34737521409988403,0.25095775723457336,3.8881375985511113e-07,0.3535054624080658,0.30805492401123047,-0.0029518967494368553,0.3652205467224121,0.34707000851631165,-0.01053798571228981,0.3715206980705261,0.3763880729675293,-0.02026677504181862,0.38001853227615356,0.40221577882766724,-0.028802894055843353,0.42222118377685547,0.3392094373703003,-0.009319829754531384,0.44185227155685425,0.3787436783313751,-0.02011745050549507,0.45672279596328735,0.40322354435920715,-0.02732619270682335,0.47017091512680054,0.4232325553894043,-0.03249134123325348,0.42080020904541016,0.330456018447876,-0.01589016243815422,0.4107821583747864,0.38907545804977417,-0.029444105923175812,0.4012051820755005,0.4279114007949829,-0.03581269830465317,0.3923780918121338,0.45771369338035583,-0.0391475073993206,0.4085823893547058,0.32188791036605835,-0.02270936220884323,0.3777523338794708,0.371514230966568,-0.036318276077508926,0.3592871129512787,0.3625417947769165,-0.0352092944085598,0.34741124510765076,0.35102570056915283,-0.03160092607140541,0.38970378041267395,0.3161708116531372,-0.030455779284238815,0.36348116397857666,0.35310012102127075,-0.03927081078290939,0.34612056612968445,0.35981884598731995,-0.03716695308685303,0.33154618740081787,0.36311355233192444,-0.03327286243438721,2
0.21454408764839172,0.4278102517127991,1.5376160433788755e-07,0.2640158534049988,0.4172266721725464,-0.003709020558744669,0.29389795660972595,0.400302529335022,-0.016163110733032227,0.3187715411186218,0.38988763093948364,-0.03165397047996521,0.3374357223510742,0.38238731026649475,-0.04690441116690636,0.2792586088180542,0.3053102493286133,-0.019024137407541275,0.3054499924182892,0.2674854099750519,-0.03580157831311226,0.32407328486442566,0.23681333661079407,-0.04677107557654381,0.3365035653114319,0.2129347324371338,-0.05483384057879448,0.262090265750885,0.3036865293979645,-0.02912880852818489,0.3173258304595947,0.3335627615451813,-0.05264667049050331,0.3215849697589874,0.37603339552879333,-0.057084836065769196,0.3141898810863495,0.4012005031108856,-0.056244492530822754,0.24994045495986938,0.3223033547401428,-0.03931032493710518,0.301983505487442,0.3620361089706421,-0.0592522956430912,0.29957085847854614,0.39542320370674133,-0.05313240736722946,0.2893926799297333,0.4131946563720703,-0.045356445014476776,0.24213802814483643,0.35054612159729004,-0.05055946111679077,0.2836037874221802,0.385810911655426,-0.062346674501895905,0.2965117394924164,0.4121226966381073,-0.057011645287275314,0.3019120693206787,0.42917364835739136,-0.05026225373148918,1
0.13748666644096375,0.3040893077850342,4.73855351401653e-07,0.17108254134655,0.3242931365966797,-0.011913393624126911,0.210039421916008,0.3206821382045746,-0.016932029277086258,0.21986782550811768,0.2880159616470337,-0.02131413295865059,0.21885505318641663,0.25028982758522034,-0.026651136577129364,0.2558118402957916,0.26428884267807007,-0.012649246491491795,0.3007945120334625,0.2536548972129822,-0.021857975050807,0.3294818103313446,0.24916201829910278,-0.028702065348625183,0.35444918274879456,0.24339692294597626,-0.03339480608701706,0.24238339066505432,0.228070929646492,-0.017336450517177582,0.2847467362880707,0.191707581281662,-0.02286713197827339,0.31142646074295044,0.16965273022651672,-0.03096848726272583,0.33415958285331726,0.1524541974067688,-0.036907367408275604,0.2184687852859497,0.20886066555976868,-0.023353450000286102,0.24052655696868896,0.17373840510845184,-0.03708919137716293,0.2639588415622711,0.15231643617153168,-0.052597835659980774,0.28341540694236755,0.1349571943283081,-0.06369879096746445,0.1881628930568695,0.2019878625869751,-0.0298728309571743,0.20179396867752075,0.21803979575634003,-0.046391867101192474,0.20013488829135895,0.25280874967575073,-0.052649520337581635,0.19464261829853058,0.28090882301330566,-0.05607016384601593,3
0.029485389590263367,0.25105416774749756,5.30084378169704e-07,0.03464995324611664,0.28648677468299866,-0.015652384608983994,0.049526430666446686,0.29847800731658936,-0.02697073668241501,0.041345737874507904,0.24552449584007263,-0.03678346425294876,0.03994602710008621,0.19771045446395874,-0.048842184245586395,0.11600170284509659,0.28884777426719666,-0.026957476511597633,0.1517075002193451,0.31120872497558594,-0.043886445462703705,0.16462281346321106,0.3237883448600769,-0.05416916310787201,0.1723533719778061,0.3332369923591614,-0.05950967222452164,0.12395695596933365,0.24237284064292908,-0.031823281198740005,0.1707381010055542,0.2295205295085907,-0.04458000138401985,0.19756126403808594,0.2171977162361145,-0.05669686570763588,0.22121009230613708,0.20748017728328705,-0.06352068483829498,0.11155954748392105,0.20554400980472565,-0.037497542798519135,0.13245044648647308,0.17120790481567383,-0.061840567737817764,0.14501726627349854,0.1449255645275116,-0.07982328534126282,0.16193196177482605,0.12419623136520386,-0.08909066766500473,0.08682473003864288,0.17850849032402039,-0.042452771216630936,0.06800451874732971,0.17007654905319214,-0.06713198125362396,0.04310733079910278,0.18564645946025848,-0.0730530172586441,0.025330379605293274,0.20111602544784546,-0.07374876737594604,3
0.1125534400343895,0.297914981842041,5.815693384647602e-07,0.12467676401138306,0.34440162777900696,-0.01889100670814514,0.14545802772045135,0.37008136510849,-0.030128948390483856,0.14531515538692474,0.3279319107532501,-0.03980270400643349,0.14411725103855133,0.2823905944824219,-0.05153624713420868,0.2121485322713852,0.35666537284851074,-0.023409968242049217,0.2450435608625412,0.3832757771015167,-0.037662073969841,0.2612060606479645,0.4017033576965332,-0.04749852791428566,0.2764962613582611,0.4187130331993103,-0.05409564822912216,0.22098802030086517,0.3116101622581482,-0.026784220710396767,0.2679291069507599,0.31497833132743835,-0.03790228068828583,0.29695427417755127,0.3168729543685913,-0.05021614953875542,0.32180315256118774,0.3188905417919159,-0.05822061002254486,0.21152427792549133,0.2736929655075073,-0.03163139149546623,0.23682616651058197,0.2558281421661377,-0.052087701857089996,0.2530936300754547,0.24377389252185822,-0.0709228515625,0.2704167366027832,0.23621773719787598,-0.08255830407142639,0.18940415978431702,0.24461865425109863,-0.03688066825270653,0.17617106437683105,0.2477690875530243,-0.059944018721580505,0.15377043187618256,0.26401281356811523,-0.06900646537542343,0.13710254430770874,0.2785545587539673,-0.07315266132354736,3
0.1460123062133789,0.29569804668426514,-8.093483927495981e-08,0.1726340800523758,0.27346643805503845,-0.01576707512140274,0.2097834199666977,0.2826693058013916,-0.02342243492603302,0.23246757686138153,0.3078892230987549,-0.029993033036589622,0.25176817178726196,0.3257746994495392,-0.03646544739603996,0.2139756977558136,0.3459516167640686,-0.01969953626394272,0.23318444192409515,0.3858979046344757,-0.033868879079818726,0.24635815620422363,0.4116400480270386,-0.04226631298661232,0.25780433416366577,0.43335384130477905,-0.04819272831082344,0.19433192908763885,0.37172481417655945,-0.019638337194919586,0.20536570250988007,0.36967411637306213,-0.04092494770884514,0.19228939712047577,0.3403286039829254,-0.04463996738195419,0.1774410605430603,0.3235458433628082,-0.04226471856236458,0.1732274442911148,0.38560211658477783,-0.021284878253936768,0.18017946183681488,0.3731846809387207,-0.04188181832432747,0.16719019412994385,0.3406693935394287,-0.036237917840480804,0.15431265532970428,0.32291120290756226,-0.02723466046154499,0.14990314841270447,0.39239823818206787,-0.024233855307102203,0.15753892064094543,0.37799903750419617,-0.03854164481163025,0.15064780414104462,0.35042306780815125,-0.034059952944517136,0.14124368131160736,0.3347926735877991,-0.026738714426755905,2
0.1359674036502838,0.5845509171485901,1.2313724484513955e-09,0.12315412610769272,0.5134874582290649,8.708579116500914e-06,0.14249175786972046,0.45540812611579895,-0.005828223191201687,0.17617052793502808,0.42858898639678955,-0.01141574326902628,0.20404359698295593,0.42874112725257874,-0.01730840653181076,0.1533823162317276,0.4380764067173004,-0.02321268431842327,0.17937003076076508,0.3658665716648102,-0.03225310891866684,0.19638696312904358,0.3259175419807434,-0.03542254492640495,0.20991072058677673,0.29697251319885254,-0.03771812841296196,0.18335403501987457,0.4639352858066559,-0.02867615595459938,0.22245503962039948,0.41236940026283264,-0.04007457569241524,0.21055030822753906,0.43041756749153137,-0.036289505660533905,0.19370731711387634,0.45232146978378296,-0.03047959692776203,0.20762380957603455,0.4965241551399231,-0.03233839571475983,0.23822976648807526,0.44987374544143677,-0.03791162371635437,0.224613219499588,0.4628755450248718,-0.025851847603917122,0.21010497212409973,0.48103010654449463,-0.016109999269247055,0.22461175918579102,0.5280801057815552,-0.03598456829786301,0.2439638078212738,0.48866400122642517,-0.03480963781476021,0.23101569712162018,0.4960313141345978,-0.02219385653734207,0.21975870430469513,0.5102261900901794,-0.012175695970654488,1
0.1280469447374344,0.5644669532775879,3.0439991860475857e-07,0.11297499388456345,0.494404673576355,-0.004698629025369883,0.13252346217632294,0.4379039704799652,-0.011710667982697487,0.17165498435497284,0.41743922233581543,-0.01836913451552391,0.19975949823856354,0.41618263721466064,-0.024146083742380142,0.14611950516700745,0.4273490905761719,-0.02550436556339264,0.16425330936908722,0.35191765427589417,-0.03856072202324867,0.17493858933448792,0.3047034740447998,-0.0466800257563591,0.1850559264421463,0.2690770924091339,-0.052239835262298584,0.1786508858203888,0.45011019706726074,-0.029067516326904297,0.21351253986358643,0.38362476229667664,-0.03919554501771927,0.2323949784040451,0.34427642822265625,-0.043571412563323975,0.2508140206336975,0.3165106475353241,-0.0472804419696331,0.2033364176750183,0.4777519106864929,-0.031406551599502563,0.2373863309621811,0.4197447896003723,-0.041941072791814804,0.21720989048480988,0.4250151515007019,-0.03693440929055214,0.19843168556690216,0.444295197725296,-0.030756907537579536,0.22123119235038757,0.5039291381835938,-0.03409566357731819,0.24423003196716309,0.46130967140197754,-0.041945844888687134,0.22918179631233215,0.45864638686180115,-0.036366287618875504,0.2156345248222351,0.4707861542701721,-0.0295918770134449,2
0.09434939920902252,0.5597605109214783,2.3514922986578313e-07,0.07829627394676208,0.48356205224990845,-0.0022408266086131334,0.1032160073518753,0.42976903915405273,-0.007209758274257183,0.14489342272281647,0.41502225399017334,-0.009705738164484501,0.17530617117881775,0.41425052285194397,-0.012598106637597084,0.10051991045475006,0.41759446263313293,-0.03317434340715408,0.1258379966020584,0.3403455317020416,-0.04326527938246727,0.14221133291721344,0.2951672077178955,-0.0471058115363121,0.15617039799690247,0.2580041289329529,-0.05003707483410835,0.13283340632915497,0.44304731488227844,-0.036657944321632385,0.15856076776981354,0.3704759180545807,-0.04932398721575737,0.1769256591796875,0.32638025283813477,-0.05752559006214142,0.19109666347503662,0.2902967929840088,-0.0639881044626236,0.16120091080665588,0.4682261347770691,-0.03767438232898712,0.19246283173561096,0.4094441831111908,-0.052036188542842865,0.21132297813892365,0.3700036406517029,-0.06292139738798141,0.22526487708091736,0.3419605791568756,-0.0698605626821518,0.1833418905735016,0.48746904730796814,-0.036869656294584274,0.18585088849067688,0.4348296821117401,-0.046112217009067535,0.16715139150619507,0.41665220260620117,-0.04843531921505928,0.15448349714279175,0.40964412689208984,-0.05019190534949303,3
0.10435886681079865,0.563398003578186,3.4944179105877993e-07,0.09133020043373108,0.4914303719997406,-0.005424068309366703,0.11435677856206894,0.435269296169281,-0.012602672912180424,0.15337234735488892,0.4137503206729889,-0.01852249912917614,0.17964354157447815,0.4084693193435669,-0.023486575111746788,0.12311269342899323,0.41886672377586365,-0.029285967350006104,0.14984355866909027,0.34664684534072876,-0.040933866053819656,0.1640191227197647,0.30188560485839844,-0.04667485132813454,0.1746874898672104,0.2668088674545288,-0.05040575563907623,0.15213894844055176,0.4462828040122986,-0.03250790759921074,0.19175903499126434,0.3816016614437103,-0.04307089000940323,0.2143174558877945,0.3399415612220764,-0.048261892050504684,0.23193848133087158,0.30893760919570923,-0.05253497138619423,0.17514118552207947,0.4771181344985962,-0.033917009830474854,0.2157524824142456,0.4283107817173004,-0.04485386610031128,0.20212778449058533,0.435019850730896,-0.04168429970741272,0.18519236147403717,0.45079565048217773,-0.03715993091464043,0.19193314015865326,0.5050579905509949,-0.035381536930799484,0.2055603712797165,0.4704972505569458,-0.04283945634961128,0.1893662065267563,0.4726003110408783,-0.03814585879445076,0.17584575712680817,0.48384881019592285,-0.03254227340221405,2
0.23948702216148376,0.16785664856433868,3.8396345303226553e-07,0.2664620280265808,0.19451133906841278,-0.013405104167759418,0.3036119341850281,0.19776690006256104,-0.015896175056695938,0.320946604013443,0.16572120785713196,-0.016730813309550285,0.32429128885269165,0.12813839316368103,-0.01786087080836296,0.34041205048561096,0.19711898267269135,-0.008412168361246586,0.38197702169418335,0.20696964859962463,-0.01456416118890047,0.40594619512557983,0.21231788396835327,-0.019127778708934784,0.42827752232551575,0.21422532200813293,-0.022884318605065346,0.33914363384246826,0.1633710116147995,-0.010648134164512157,0.38439834117889404,0.15920312702655792,-0.014615757390856743,0.4105640649795532,0.15749062597751617,-0.020919982343912125,0.4333357512950897,0.15656036138534546,-0.02526102215051651,0.3268384337425232,0.13561110198497772,-0.014659315347671509,0.35459887981414795,0.1184728741645813,-0.027193576097488403,0.37768661975860596,0.11043167114257812,-0.04067147895693779,0.39977169036865234,0.1037454754114151,-0.049469172954559326,0.30735334753990173,0.11482776701450348,-0.019343635067343712,0.3148803114891052,0.11871246993541718,-0.035481132566928864,0.30162152647972107,0.13733750581741333,-0.04079122096300125,0.2881660759449005,0.1508876532316208,-0.04301686957478523,3
0.44225335121154785,0.1575225293636322,2.7697404902937706e-07,0.4654056131839752,0.1854511946439743,-0.014851471409201622,0.4968678951263428,0.19118227064609528,-0.013773276470601559,0.5174809098243713,0.16738392412662506,-0.009981846436858177,0.5272428393363953,0.14264200627803802,-0.00460608396679163,0.5098258852958679,0.21313035488128662,0.0019640426617115736,0.5410951972007751,0.22826288640499115,0.0022111719008535147,0.5586572885513306,0.2351491004228592,0.0013249187031760812,0.5742844343185425,0.24070334434509277,0.00031619108631275594,0.5129498243331909,0.18892404437065125,0.006174881476908922,0.5428413152694702,0.20044103264808655,0.00835590623319149,0.560020923614502,0.204464852809906,0.006792011670768261,0.5736320614814758,0.2085500806570053,0.005487327929586172,0.5100864768028259,0.16406388580799103,0.007484435103833675,0.5348575115203857,0.1555948108434677,0.0018189882393926382,0.5411564111709595,0.15373292565345764,-0.005556428339332342,0.5476545095443726,0.15594354271888733,-0.008845123462378979,0.503079891204834,0.1442292183637619,0.0076379720121622086,0.5188718438148499,0.14058354496955872,0.0006542837945744395,0.5105692148208618,0.1442960798740387,-0.0015662324149161577,0.5005602836608887,0.14776960015296936,-0.0018404307775199413,3
0.5399233102798462,0.19947272539138794,2.245510870579892e-07,0.5508453845977783,0.23007212579250336,-0.008929749950766563,0.5744420886039734,0.2488618791103363,-0.008360996842384338,0.5973318219184875,0.23908667266368866,-0.0056806160137057304,0.6092779636383057,0.22005876898765564,-0.0024090358056128025,0.5835174322128296,0.24881571531295776,-0.004261124413460493,0.6054843068122864,0.27249518036842346,-0.005292764864861965,0.6188259720802307,0.2864844799041748,-0.006145797204226255,0.630588710308075,0.29776519536972046,-0.0071427286602556705,0.5912756323814392,0.22870714962482452,-0.0036268974654376507,0.6160426735877991,0.24101868271827698,-0.0021938621066510677,0.6307620406150818,0.24957871437072754,-0.0032373343128710985,0.6403231620788574,0.2564316987991333,-0.00469738245010376,0.5934770703315735,0.20823127031326294,-0.004326463211327791,0.6211543679237366,0.2129947543144226,-0.010540531948208809,0.6396022439002991,0.22187907993793488,-0.019352419301867485,0.6540282964706421,0.22788995504379272,-0.02544449083507061,0.5903815627098083,0.1895371824502945,-0.00517233507707715,0.6044841408729553,0.2041458785533905,-0.013915669173002243,0.596763551235199,0.21736863255500793,-0.01757878251373768,0.5852356553077698,0.22142226994037628,-0.019680393859744072,3
0.5375052690505981,0.2005506455898285,2.1104318648212939e-07,0.555472195148468,0.22790007293224335,-0.00713742570951581,0.580876350402832,0.2344648838043213,-0.00855144951492548,0.6019498705863953,0.22123172879219055,-0.010410225950181484,0.6125841736793518,0.2021670639514923,-0.011919647455215454,0.5893847346305847,0.24176263809204102,-0.001588031416758895,0.6121615767478943,0.2605208158493042,-0.008161013945937157,0.6276156902313232,0.2717801332473755,-0.012586003169417381,0.6405814290046692,0.2795925438404083,-0.015276453457772732,0.5932290554046631,0.22014972567558289,-0.0032776661682873964,0.6217785477638245,0.2233186662197113,-0.011001618579030037,0.6399153470993042,0.22499385476112366,-0.016191480681300163,0.6555628180503845,0.22527050971984863,-0.018513735383749008,0.5899876356124878,0.19905392825603485,-0.006110768765211105,0.606285035610199,0.19724386930465698,-0.020838653668761253,0.5909815430641174,0.20528922975063324,-0.02421874925494194,0.5782589316368103,0.20926375687122345,-0.021662110462784767,0.5817121863365173,0.17908038198947906,-0.009129393845796585,0.5931500196456909,0.18262967467308044,-0.0216451995074749,0.5834038257598877,0.192556232213974,-0.0225616954267025,0.5734632611274719,0.19961552321910858,-0.0200209878385067,2
0.5194679498672485,0.25715723633766174,2.240481506987635e-07,0.5328349471092224,0.2922305762767792,-0.007196989841759205,0.5554665327072144,0.3093545734882355,-0.009189591743052006,0.5799301266670227,0.3042294383049011,-0.01161808893084526,0.5947678685188293,0.28845658898353577,-0.013727843761444092,0.5637590885162354,0.3116353154182434,-0.002850807271897793,0.5852892398834229,0.33869096636772156,-0.009838142432272434,0.6005255579948425,0.3545355498790741,-0.01434972882270813,0.6133464574813843,0.3665907680988312,-0.017054161056876183,0.5716848373413086,0.2926443815231323,-0.004051183816045523,0.6012494564056396,0.3064459562301636,-0.012039239518344402,0.6199851632118225,0.3156629204750061,-0.01691773161292076,0.6356208324432373,0.322584867477417,-0.019197717308998108,0.5729999542236328,0.2721053957939148,-0.0062619103118777275,0.5929840803146362,0.2796638607978821,-0.020280372351408005,0.576766312122345,0.28495174646377563,-0.02266000397503376,0.5624455809593201,0.28558844327926636,-0.019733063876628876,0.5693899393081665,0.25104525685310364,-0.008701900020241737,0.5804402828216553,0.2623230218887329,-0.020309623330831528,0.5700233578681946,0.27097058296203613,-0.020761409774422646,0.5592824816703796,0.27474117279052734,-0.018073005601763725,2
0.5085821747779846,0.29043808579444885,2.775837799617875e-07,0.5164954662322998,0.3279688358306885,-0.008016516454517841,0.533982515335083,0.3519943356513977,-0.011946067214012146,0.5559648275375366,0.3545724153518677,-0.016273466870188713,0.5713613629341125,0.3440033197402954,-0.020022481679916382,0.5563212037086487,0.3507409989833832,-0.0061551849357783794,0.575876772403717,0.38410550355911255,-0.014505631290376186,0.5891726016998291,0.4026212990283966,-0.019575167447328568,0.6006640195846558,0.41673752665519714,-0.022079449146986008,0.5643686056137085,0.33234596252441406,-0.007649444509297609,0.5949758291244507,0.3535660207271576,-0.017304884269833565,0.6139060258865356,0.36813443899154663,-0.022655833512544632,0.6285300254821777,0.3786049783229828,-0.02465018443763256,0.5657251477241516,0.3121418356895447,-0.010072574950754642,0.5805615186691284,0.3301398754119873,-0.024942444637417793,0.5637270212173462,0.33713051676750183,-0.02756519429385662,0.5479413270950317,0.3372279107570648,-0.024240536615252495,0.5617868900299072,0.292479008436203,-0.012779421173036098,0.5681799650192261,0.3130834996700287,-0.024102376773953438,0.5563051700592041,0.3245059549808502,-0.0240254495292902,0.5437586903572083,0.3281573951244354,-0.02052471786737442,2
0.4942912757396698,0.30929362773895264,2.7038043981519877e-07,0.4973948895931244,0.3453645408153534,-0.00534897530451417,0.5097678303718567,0.3736763596534729,-0.008985811844468117,0.525494396686554,0.3887852430343628,-0.014127247966825962,0.5408348441123962,0.38802334666252136,-0.018504932522773743,0.5389562249183655,0.3750859498977661,-0.0022393285762518644,0.5520186424255371,0.4097769558429718,-0.0117416987195611,0.5597894191741943,0.43134984374046326,-0.017967727035284042,0.5666762590408325,0.4487723112106323,-0.020940709859132767,0.5479105710983276,0.3611116409301758,-0.006099161226302385,0.5726111531257629,0.389129638671875,-0.01743062026798725,0.5859619975090027,0.41098684072494507,-0.023932863026857376,0.596393883228302,0.4280158281326294,-0.026129426434636116,0.5504996180534363,0.3440757095813751,-0.011077187024056911,0.554107129573822,0.3724038898944855,-0.027711158618330956,0.535108745098114,0.37536177039146423,-0.03065747395157814,0.520540714263916,0.3714204728603363,-0.026858840137720108,0.5464885234832764,0.32730138301849365,-0.016286861151456833,0.5445429682731628,0.35535928606987,-0.028310248628258705,0.5297183394432068,0.3649425506591797,-0.028113074600696564,0.5164147615432739,0.36553817987442017,-0.02407868392765522,2
0.4869160056114197,0.32821208238601685,2.890633084007277e-07,0.4901610016822815,0.36020147800445557,-0.004019705578684807,0.49887242913246155,0.3909534811973572,-0.005583737511187792,0.5022569298744202,0.40676626563072205,-0.007571516092866659,0.5083596110343933,0.4008781909942627,-0.009710446931421757,0.5244190692901611,0.40380486845970154,-0.001810083631426096,0.5287964344024658,0.43995609879493713,-0.005697840359061956,0.5319210886955261,0.4643508195877075,-0.009665394201874733,0.5353633165359497,0.48304232954978943,-0.012381752952933311,0.5314198732376099,0.392551064491272,-0.005851273890584707,0.5524818301200867,0.4233711063861847,-0.009735148400068283,0.564954400062561,0.44570380449295044,-0.01499182265251875,0.5748791694641113,0.46117106080055237,-0.01829572208225727,0.5316609740257263,0.3778904676437378,-0.010662911459803581,0.5471328496932983,0.40243226289749146,-0.01948685571551323,0.5558910369873047,0.42658907175064087,-0.029142696410417557,0.5632396936416626,0.4438319504261017,-0.03503826633095741,0.5247913599014282,0.3634723126888275,-0.01544522400945425,0.5221622586250305,0.39285022020339966,-0.024173296988010406,0.5085276961326599,0.3987049162387848,-0.026807362213730812,0.4951478838920593,0.3956972658634186,-0.027908504009246826,2
0.4819416403770447,0.3472558259963989,2.4518743657608866e-07,0.4849895238876343,0.38092929124832153,-0.007297739386558533,0.4995763897895813,0.4085526168346405,-0.008325066417455673,0.5217689275741577,0.4094334840774536,-0.008676942437887192,0.5385666489601135,0.3970792889595032,-0.009341052733361721,0.5188140869140625,0.4259014129638672,-0.0013315987307578325,0.5332498550415039,0.45770037174224854,-0.0034782099537551403,0.5425549149513245,0.47658833861351013,-0.006314652971923351,0.5514982342720032,0.4916837513446808,-0.008835806511342525,0.5310728549957275,0.4095979332923889,-0.0025490012485533953,0.5545266270637512,0.43636852502822876,-0.0031283472198992968,0.5687749981880188,0.45237040519714355,-0.006903075613081455,0.5802205204963684,0.4657228887081146,-0.00982810091227293,0.5359432697296143,0.3895515501499176,-0.004762818571180105,0.5604965090751648,0.4053519666194916,-0.010802718810737133,0.5754925012588501,0.42095473408699036,-0.018827661871910095,0.5875076055526733,0.43375399708747864,-0.024410108104348183,0.5355132818222046,0.36812183260917664,-0.007245668675750494,0.5430149435997009,0.38283637166023254,-0.01613057777285576,0.5315770506858826,0.3853837251663208,-0.018419023603200912,0.5192986726760864,0.38283827900886536,-0.019031334668397903,3
0.47804826498031616,0.3556545674800873,7.429211734688579e-08,0.47631150484085083,0.3890085220336914,-0.007920490577816963,0.4845065176486969,0.4210817813873291,-0.012060284614562988,0.49985864758491516,0.4412127137184143,-0.01676868461072445,0.5175173282623291,0.4425813853740692,-0.021811796352267265,0.5105335712432861,0.43374133110046387,-0.00520901707932353,0.5230190753936768,0.46728014945983887,-0.014270085841417313,0.5311641693115234,0.4894374907016754,-0.020221881568431854,0.5391618013381958,0.506492555141449,-0.024046236649155617,0.5199483036994934,0.41758328676223755,-0.006988336332142353,0.5331619381904602,0.43929335474967957,-0.021806560456752777,0.5169687867164612,0.4285264313220978,-0.026113655418157578,0.5047197937965393,0.41559597849845886,-0.025097569450736046,0.5257888436317444,0.39700815081596375,-0.009706389158964157,0.5345133543014526,0.4148053228855133,-0.024948734790086746,0.5162872672080994,0.40548279881477356,-0.02231545001268387,0.5048855543136597,0.39485201239585876,-0.01602700538933277,0.5291252732276917,0.3725705146789551,-0.012970387935638428,0.5353471040725708,0.38977938890457153,-0.02328435331583023,0.5208687782287598,0.3880026340484619,-0.019730333238840103,0.5107513070106506,0.38115936517715454,-0.014068879187107086,1
0.5102123618125916,0.2621156871318817,7.28137337091539e-08,0.5206162333488464,0.29372626543045044,-0.010206520557403564,0.539390504360199,0.3153320848941803,-0.015173655934631824,0.5620087385177612,0.31439876556396484,-0.020232511684298515,0.5791332721710205,0.30384325981140137,-0.025591641664505005,0.5676569938659668,0.3146120607852936,-0.00725798774510622,0.5913223624229431,0.33768704533576965,-0.01737360656261444,0.6080368757247925,0.3518303632736206,-0.023653212934732437,0.6222160458564758,0.3618537187576294,-0.02766408957540989,0.5703170895576477,0.29074475169181824,-0.008295174688100815,0.5900892615318298,0.2963486909866333,-0.02475876733660698,0.5705093741416931,0.29547902941703796,-0.02928209863603115,0.5531278252601624,0.29378029704093933,-0.028066052123904228,0.5672411918640137,0.2660942077636719,-0.010505976155400276,0.5811213850975037,0.271304190158844,-0.027990441769361496,0.5606737732887268,0.27495434880256653,-0.025739071890711784,0.5451303720474243,0.2750929296016693,-0.019113557413220406,0.5600616335868835,0.24023976922035217,-0.01332065649330616,0.5725494027137756,0.24674023687839508,-0.0254223570227623,0.5594140291213989,0.2554030418395996,-0.0223715677857399,0.5480841994285583,0.25894761085510254,-0.016660211607813835,1
0.4984967112541199,0.16368834674358368,2.4795015818313004e-08,0.519058108329773,0.18627674877643585,-0.008498826995491982,0.5434819459915161,0.19431927800178528,-0.013231450691819191,0.5653272867202759,0.18264229595661163,-0.01839376613497734,0.5786613821983337,0.16239868104457855,-0.023951038718223572,0.5690761804580688,0.18667887151241302,-0.0058414526283741,0.5978562235832214,0.19642335176467896,-0.015656601637601852,0.6168496012687683,0.20239272713661194,-0.02191472239792347,0.6325892210006714,0.2055312544107437,-0.02605104260146618,0.5663775205612183,0.16280190646648407,-0.007425452116876841,0.5850445628166199,0.15678076446056366,-0.023194454610347748,0.5638357996940613,0.16188590228557587,-0.02722005732357502,0.547654390335083,0.16625851392745972,-0.025936588644981384,0.5582705140113831,0.14031890034675598,-0.010044306516647339,0.5735476613044739,0.13450737297534943,-0.026718899607658386,0.5529754161834717,0.1459793597459793,-0.02355288527905941,0.5382994413375854,0.15276966989040375,-0.01670951396226883,0.5456603765487671,0.11880078911781311,-0.013162457384169102,0.5593611598014832,0.11293107271194458,-0.02475760132074356,0.5474787950515747,0.12656116485595703,-0.02098691463470459,0.537121593952179,0.13639235496520996,-0.014923477545380592,1
0.48061802983283997,0.23967710137367249,3.092235942858679e-07,0.4868432879447937,0.2727469503879547,-0.011537635698914528,0.504082441329956,0.29616427421569824,-0.01691862754523754,0.5237728953361511,0.292409747838974,-0.02208227477967739,0.5389961004257202,0.280637264251709,-0.02649482898414135,0.5383158922195435,0.2960243821144104,-0.010545642115175724,0.5592215061187744,0.32407039403915405,-0.020894819870591164,0.5724459290504456,0.3408171832561493,-0.02660824917256832,0.5832672715187073,0.3544134497642517,-0.0289940033107996,0.5437328815460205,0.27141427993774414,-0.010905944742262363,0.5682016015052795,0.2833893299102783,-0.023068951442837715,0.5837433338165283,0.2950803339481354,-0.02935338206589222,0.5955948233604431,0.3052775263786316,-0.031240778043866158,0.5419568419456482,0.24634653329849243,-0.012502544559538364,0.5416236519813538,0.259369820356369,-0.029536355286836624,0.5232153534889221,0.2664218842983246,-0.03280467912554741,0.5090581774711609,0.2687731087207794,-0.029348099604249,0.5348196625709534,0.22305600345134735,-0.01472343597561121,0.5303002595901489,0.2391432672739029,-0.027384312823414803,0.51572585105896,0.24941734969615936,-0.02777797356247902,0.504341185092926,0.2542009949684143,-0.024043148383498192,2
0.011129766702651978,0.34168219566345215,5.006218088965397e-07,0.04719357192516327,0.36024826765060425,-0.013771811500191689,0.09052625298500061,0.35937216877937317,-0.01922816038131714,0.08881320804357529,0.3189871609210968,-0.02390657551586628,0.06998491287231445,0.27903425693511963,-0.030324993655085564,0.13814285397529602,0.2962613105773926,-0.009712706319987774,0.18384787440299988,0.2836327850818634,-0.017804816365242004,0.21137641370296478,0.2783830165863037,-0.02557290717959404,0.23677410185337067,0.2716084122657776,-0.03184850513935089,0.12064434587955475,0.25627875328063965,-0.014888583682477474,0.16481196880340576,0.22188028693199158,-0.01969749666750431,0.19288752973079681,0.2005293369293213,-0.03021235577762127,0.21773122251033783,0.17949578166007996,-0.03839431703090668,0.09209839254617691,0.2352886199951172,-0.021646780893206596,0.11598613113164902,0.2001883089542389,-0.03694804385304451,0.13849285244941711,0.18227052688598633,-0.054445791989564896,0.15783390402793884,0.16254323720932007,-0.06656306236982346,0.057063862681388855,0.22830511629581451,-0.028868114575743675,0.07393322885036469,0.23920953273773193,-0.04756041243672371,0.06588171422481537,0.27239811420440674,-0.05300961062312126,0.05399565398693085,0.2954461872577667,-0.05552585422992706,3
0.030875347554683685,0.355485200881958,4.718618384913498e-08,0.033211540430784225,0.3264167606830597,-0.02299508824944496,0.053869038820266724,0.290871798992157,-0.038035765290260315,0.07645053416490555,0.26865047216415405,-0.05010846629738808,0.09954521059989929,0.2526625096797943,-0.06188146397471428,0.08618959784507751,0.31865930557250977,-0.0426037572324276,0.12090171873569489,0.30832961201667786,-0.06814668327569962,0.14331379532814026,0.29724961519241333,-0.08331437408924103,0.16440558433532715,0.28574293851852417,-0.09370431303977966,0.0871078372001648,0.35572385787963867,-0.04302653670310974,0.09698531776666641,0.3424682915210724,-0.06967489421367645,0.07501900941133499,0.32970279455184937,-0.07240946590900421,0.06454117596149445,0.326393723487854,-0.07021122425794601,0.07539975643157959,0.386060893535614,-0.045303866267204285,0.05991530790925026,0.3705962896347046,-0.0709269568324089,0.033486124128103256,0.3592912554740906,-0.060671381652355194,0.023877210915088654,0.36037346720695496,-0.04882641136646271,0.05906283110380173,0.4115978479385376,-0.04954943060874939,0.04510661959648132,0.3978666067123413,-0.06746018677949905,0.025087930262088776,0.3850523829460144,-0.05908101424574852,0.018349729478359222,0.3829959034919739,-0.04911272972822189,2
0.01870357245206833,0.37326279282569885,1.6690114534867462e-07,0.02030934765934944,0.33494850993156433,-0.01924128644168377,0.035200465470552444,0.30174294114112854,-0.0331205353140831,0.05057539418339729,0.2882896065711975,-0.04617135971784592,0.06982479989528656,0.28415822982788086,-0.05914691835641861,0.07937667518854141,0.3201553523540497,-0.03612294793128967,0.12105539441108704,0.3143702745437622,-0.05641722306609154,0.14571526646614075,0.3060190975666046,-0.06668578833341599,0.16714392602443695,0.2976354956626892,-0.07252947241067886,0.07973133027553558,0.3520941734313965,-0.039210833609104156,0.10659690201282501,0.3226923942565918,-0.06025479733943939,0.10735872387886047,0.2931307852268219,-0.06539781391620636,0.10654886811971664,0.2721807360649109,-0.06527196615934372,0.06925426423549652,0.384365051984787,-0.04351257532835007,0.06215542554855347,0.36055564880371094,-0.06683477014303207,0.03842999413609505,0.3511553108692169,-0.06240273639559746,0.023355897516012192,0.35089728236198425,-0.05349155142903328,0.051857300102710724,0.41407400369644165,-0.04933316260576248,0.04568861797451973,0.3943347930908203,-0.06575102359056473,0.027634281665086746,0.3807291090488434,-0.059337157756090164,0.015068337321281433,0.37567824125289917,-0.0503106527030468,2
0.20168377459049225,0.2919303774833679,4.3016379436267016e-07,0.23532238602638245,0.320151686668396,-0.011976759880781174,0.2731145918369293,0.32177308201789856,-0.01828632317483425,0.2924897372722626,0.29792505502700806,-0.025944959372282028,0.3028172254562378,0.26828256249427795,-0.03268339857459068,0.31614047288894653,0.27967092394828796,-0.010590498335659504,0.36097845435142517,0.2841953635215759,-0.024894922971725464,0.38957589864730835,0.2835603952407837,-0.033913783729076385,0.41347235441207886,0.28091540932655334,-0.03897132724523544,0.30649468302726746,0.24425294995307922,-0.01519197691231966,0.35242778062820435,0.22161750495433807,-0.031924061477184296,0.38171255588531494,0.21247418224811554,-0.04132416844367981,0.40533366799354553,0.20405280590057373,-0.045246023684740067,0.2862364947795868,0.21913886070251465,-0.021248435601592064,0.3124895393848419,0.21964144706726074,-0.04681277275085449,0.29405972361564636,0.25537002086639404,-0.05111507698893547,0.2757534086704254,0.2796885371208191,-0.04617546498775482,0.2595788538455963,0.20596031844615936,-0.02792217954993248,0.2765575647354126,0.22653672099113464,-0.049378108233213425,0.27093273401260376,0.2617977559566498,-0.05109569802880287,0.26223820447921753,0.2878156006336212,-0.04653391242027283,2
0.20660105347633362,0.39423996210098267,-1.3078889082862588e-07,0.19823744893074036,0.3525656461715698,-0.007981115952134132,0.21338361501693726,0.31096941232681274,-0.012163653038442135,0.2375166118144989,0.29007744789123535,-0.013992762193083763,0.2560659945011139,0.29521819949150085,-0.015300851315259933,0.22248762845993042,0.33838945627212524,-0.02070743218064308,0.23494715988636017,0.2974870204925537,-0.027741191908717155,0.24202406406402588,0.27023032307624817,-0.029102196916937828,0.25079262256622314,0.24998337030410767,-0.03025204874575138,0.24135686457157135,0.354810506105423,-0.020082417875528336,0.25998666882514954,0.3041270673274994,-0.03073529154062271,0.24749672412872314,0.3052610456943512,-0.029437731951475143,0.2382308691740036,0.3200428783893585,-0.02548697218298912,0.25617560744285583,0.36792030930519104,-0.018911752849817276,0.26889726519584656,0.3221905529499054,-0.027802692726254463,0.2576076090335846,0.32119986414909363,-0.023257404565811157,0.2516500949859619,0.3331059515476227,-0.017419330775737762,0.26656168699264526,0.376081645488739,-0.018071018159389496,0.2778858542442322,0.3372473418712616,-0.022950103506445885,0.26817500591278076,0.334618479013443,-0.01927029713988304,0.26107358932495117,0.3465946912765503,-0.015388449653983116,1
0.23294538259506226,0.35416242480278015,1.5116619067612191e-07,0.22447942197322845,0.3083778917789459,-0.008607226423919201,0.23731696605682373,0.27275481820106506,-0.013925549574196339,0.26008233428001404,0.2620261311531067,-0.01685805805027485,0.27687180042266846,0.26624608039855957,-0.019087668508291245,0.25025081634521484,0.2940802574157715,-0.024981442838907242,0.2654598355293274,0.2501342296600342,-0.03224138170480728,0.27454134821891785,0.22384166717529297,-0.034608256071805954,0.28336429595947266,0.20454013347625732,-0.03569220378994942,0.2702108323574066,0.3124277591705322,-0.022776205092668533,0.2930772006511688,0.2732790410518646,-0.029286948963999748,0.30763736367225647,0.24887165427207947,-0.030430080369114876,0.3200894594192505,0.23192399740219116,-0.030630895867943764,0.284168541431427,0.3258177638053894,-0.01959262229502201,0.291349858045578,0.2822352349758148,-0.02682632766664028,0.2803436815738678,0.27649304270744324,-0.025379816070199013,0.2700221836566925,0.28353115916252136,-0.021846061572432518,0.2926982641220093,0.33308014273643494,-0.016634628176689148,0.29571521282196045,0.2949562668800354,-0.022279419004917145,0.28692999482154846,0.28787967562675476,-0.020171625539660454,0.2790766954421997,0.2942139804363251,-0.01662704162299633,2
0.3988455533981323,0.33147722482681274,1.1373765040900707e-08,0.40723365545272827,0.2906697392463684,-0.004316962789744139,0.4248414635658264,0.26747649908065796,-0.006533082574605942,0.44197073578834534,0.2666967213153839,-0.007531980983912945,0.45087188482284546,0.27256205677986145,-0.008197377435863018,0.44521617889404297,0.2908264696598053,-0.012138607911765575,0.46810975670814514,0.26179239153862,-0.015971988439559937,0.48008957505226135,0.24560263752937317,-0.017683828249573708,0.4889965355396271,0.23354384303092957,-0.018393728882074356,0.452635258436203,0.3137650787830353,-0.011126608587801456,0.47861039638519287,0.2894706726074219,-0.014435390941798687,0.4893409013748169,0.2720029950141907,-0.014929850585758686,0.49585428833961487,0.2594372034072876,-0.014400681480765343,0.4540272653102875,0.3305811882019043,-0.009595774114131927,0.464556485414505,0.30543625354766846,-0.012643454596400261,0.46092405915260315,0.29636237025260925,-0.011967997066676617,0.4550471603870392,0.29473429918289185,-0.010106869041919708,0.45227715373039246,0.3408048152923584,-0.00822762493044138,0.45720961689949036,0.316804975271225,-0.009834930300712585,0.45260265469551086,0.3083321452140808,-0.007542816456407309,0.4464075565338135,0.3068915009498596,-0.004738718271255493,2
0.3592544496059418,0.37371331453323364,1.6033483518640423e-07,0.3756699860095978,0.3944050669670105,0.0021242175716906786,0.38695409893989563,0.42108169198036194,-2.9351076591410674e-05,0.3869108557701111,0.4447246193885803,-0.0039444672875106335,0.3850763738155365,0.46384501457214355,-0.008135037496685982,0.40837132930755615,0.41452717781066895,-0.0036027957685291767,0.42495042085647583,0.44197148084640503,-0.010271040722727776,0.4348951280117035,0.46101582050323486,-0.015027486719191074,0.44266238808631897,0.47619083523750305,-0.01841946691274643,0.40318822860717773,0.4151158332824707,-0.010437547229230404,0.4211474359035492,0.44255921244621277,-0.017724208533763885,0.43165814876556396,0.4618434011936188,-0.023899847641587257,0.44009923934936523,0.4779369533061981,-0.02799844555556774,0.39198753237724304,0.41630345582962036,-0.016959967091679573,0.3992359936237335,0.44707003235816956,-0.025578733533620834,0.40061020851135254,0.46718427538871765,-0.03085043653845787,0.4023033082485199,0.48212677240371704,-0.03363090381026268,0.3767104148864746,0.4178297817707062,-0.023053456097841263,0.3778783679008484,0.4411303699016571,-0.029394308105111122,0.3768359422683716,0.453435480594635,-0.030740102753043175,0.3764040470123291,0.4628716707229614,-0.03120405599474907,3
0.3298034071922302,0.34435492753982544,1.920146672773626e-07,0.3616943359375,0.3580680191516876,0.0011649971129372716,0.3775838315486908,0.39155879616737366,-0.00016737909754738212,0.3742086887359619,0.4189165234565735,-0.0024578527081757784,0.3663851320743561,0.43473881483078003,-0.004654249642044306,0.3874413073062897,0.4098723530769348,-0.005135735962539911,0.40562403202056885,0.443381667137146,-0.009171901270747185,0.4178331196308136,0.46334466338157654,-0.011924576945602894,0.4264484941959381,0.4793924391269684,-0.013934149406850338,0.3704240322113037,0.42213937640190125,-0.009809623472392559,0.38368868827819824,0.46199432015419006,-0.012545352801680565,0.3924304246902466,0.4858456254005432,-0.015081037767231464,0.3972680866718292,0.5055645704269409,-0.017405234277248383,0.3517957925796509,0.42649441957473755,-0.01383599266409874,0.3565157949924469,0.4584999978542328,-0.017207438126206398,0.35855716466903687,0.4443449378013611,-0.016090014949440956,0.358228474855423,0.42831316590309143,-0.014573642052710056,0.33512115478515625,0.42444294691085815,-0.01788351684808731,0.3416593372821808,0.43771597743034363,-0.019227778539061546,0.3436904549598694,0.42669135332107544,-0.015612829476594925,0.34281083941459656,0.4152071475982666,-0.012295580469071865,2
0.2944028079509735,0.2916943430900574,2.170225599229525e-07,0.337741494178772,0.31452590227127075,-0.0008063748828135431,0.3541593551635742,0.36340734362602234,-0.0023800882045179605,0.35000795125961304,0.4023396670818329,-0.0035140321124345064,0.34253740310668945,0.42669856548309326,-0.004280596971511841,0.3564990162849426,0.3768436908721924,-0.014261377975344658,0.3754855990409851,0.42845267057418823,-0.019965602084994316,0.3883139193058014,0.4593074917793274,-0.023431764915585518,0.39731061458587646,0.48433512449264526,-0.026223909109830856,0.33070099353790283,0.3879176378250122,-0.017199713736772537,0.34212151169776917,0.44531598687171936,-0.020814338698983192,0.35103732347488403,0.4808783531188965,-0.023563357070088387,0.35476192831993103,0.5058128237724304,-0.027274295687675476,0.3073083162307739,0.3915223479270935,-0.019051918759942055,0.3161555230617523,0.44944077730178833,-0.02410244010388851,0.32603421807289124,0.44273841381073,-0.02398958057165146,0.32927632331848145,0.4248310327529907,-0.023668557405471802,0.29001322388648987,0.3906185030937195,-0.020672263577580452,0.30480894446372986,0.4164280593395233,-0.025245964527130127,0.3151669204235077,0.405563622713089,-0.023945609107613564,0.3177264928817749,0.3893522620201111,-0.02230474352836609,2
0.29804497957229614,0.24237161874771118,1.380621341695587e-07,0.3374817967414856,0.270250141620636,-0.004487473517656326,0.3497401177883148,0.32461726665496826,-0.008029116317629814,0.3387283980846405,0.3644218146800995,-0.009481853805482388,0.3273862600326538,0.38677769899368286,-0.011534026823937893,0.3578154146671295,0.3232317268848419,-0.022206878289580345,0.37818270921707153,0.37411901354789734,-0.026837943121790886,0.39031028747558594,0.40537524223327637,-0.028668051585555077,0.40215814113616943,0.4331166744232178,-0.03149302303791046,0.3310513496398926,0.3305630683898926,-0.02527172490954399,0.3434683382511139,0.3767920136451721,-0.03187500685453415,0.3513602912425995,0.40809693932533264,-0.03847624734044075,0.3590533137321472,0.4340225160121918,-0.04529116302728653,0.3056873381137848,0.33409711718559265,-0.027129655703902245,0.308862566947937,0.3846413493156433,-0.037873849272727966,0.3137122094631195,0.4218575954437256,-0.048823948949575424,0.31833478808403015,0.44923853874206543,-0.057466886937618256,0.2857179641723633,0.33700600266456604,-0.02792050503194332,0.30081650614738464,0.36590418219566345,-0.03711975738406181,0.31129932403564453,0.3558906018733978,-0.040603529661893845,0.31704646348953247,0.34280577301979065,-0.0442521795630455,3
0.27382734417915344,0.25003501772880554,-2.163496404250509e-08,0.3121858537197113,0.2817038297653198,-0.006292504258453846,0.3265615701675415,0.3411092758178711,-0.012742750346660614,0.3192428946495056,0.39216285943984985,-0.017270997166633606,0.30317848920822144,0.4191472828388214,-0.021149909123778343,0.3186127245426178,0.3337751626968384,-0.024745194241404533,0.33519548177719116,0.3867000341415405,-0.035736728459596634,0.3450574278831482,0.419507771730423,-0.039895955473184586,0.3506854772567749,0.4464796781539917,-0.042725369334220886,0.28933095932006836,0.3360253870487213,-0.027773937210440636,0.2942529320716858,0.4084346294403076,-0.044186465442180634,0.2995646297931671,0.3885624408721924,-0.04289158433675766,0.30078113079071045,0.3611431121826172,-0.037166934460401535,0.2634393274784088,0.3346969187259674,-0.029989046975970268,0.2702992260456085,0.3997475504875183,-0.04103134199976921,0.27657923102378845,0.3808887004852295,-0.03070417419075966,0.2761940658092499,0.357532799243927,-0.019984586164355278,0.24226677417755127,0.33094727993011475,-0.03269774466753006,0.24944841861724854,0.38274288177490234,-0.03602447360754013,0.25600501894950867,0.3680334687232971,-0.026721885427832603,0.2547653913497925,0.3483603596687317,-0.01856083795428276,1
0.42667460441589355,0.27669015526771545,1.6675055292125762e-07,0.45663273334503174,0.30419179797172546,0.002700632903724909,0.475518137216568,0.34464308619499207,-0.006052220240235329,0.47948116064071655,0.3823630213737488,-0.016285715624690056,0.47644904255867004,0.40659859776496887,-0.02639693021774292,0.49364030361175537,0.3218441903591156,-0.024252034723758698,0.5210437178611755,0.3392502963542938,-0.03937302529811859,0.542940616607666,0.3480951189994812,-0.04838483780622482,0.5604668259620667,0.3533802926540375,-0.05428377538919449,0.4808027446269989,0.3173762857913971,-0.03446751460433006,0.4844056963920593,0.38660356402397156,-0.04972103238105774,0.4737050235271454,0.3979068994522095,-0.04954896494746208,0.4671037495136261,0.39382028579711914,-0.048100266605615616,0.46048620343208313,0.31753453612327576,-0.04339025542140007,0.45848360657691956,0.3837209641933441,-0.05407319962978363,0.45053666830062866,0.3741808235645294,-0.044546302407979965,0.44940173625946045,0.35480639338493347,-0.036924418061971664,0.4378068745136261,0.3224421441555023,-0.05236518010497093,0.43905383348464966,0.3771567940711975,-0.05421378090977669,0.4349052906036377,0.37029361724853516,-0.04310569167137146,0.43428415060043335,0.3526596426963806,-0.03513980284333229,1
0.46374526619911194,0.22788776457309723,2.0898114883038943e-07,0.5001541972160339,0.2541145980358124,0.0009131054393947124,0.5265725255012512,0.2771872580051422,-0.010414005257189274,0.5388492941856384,0.3045156002044678,-0.024141915142536163,0.5387459993362427,0.32896721363067627,-0.03818627819418907,0.5478935837745667,0.22904007136821747,-0.02225278504192829,0.5784497857093811,0.22968581318855286,-0.03754705935716629,0.6018810868263245,0.2277923822402954,-0.048052649945020676,0.6191808581352234,0.22618988156318665,-0.05594807118177414,0.5343865752220154,0.22052080929279327,-0.032858964055776596,0.5412701964378357,0.28631117939949036,-0.049829430878162384,0.5321500301361084,0.3111552298069,-0.05179307237267494,0.5261924266815186,0.31791967153549194,-0.052209820598363876,0.5127784609794617,0.22412541508674622,-0.04255332425236702,0.5165882706642151,0.2908206582069397,-0.0551440604031086,0.5075794458389282,0.2946329712867737,-0.04774927347898483,0.5018775463104248,0.2839055061340332,-0.041992004960775375,0.490457683801651,0.2362043857574463,-0.05279972031712532,0.4961685538291931,0.2922905385494232,-0.05870307236909866,0.4935186505317688,0.3063012659549713,-0.05071207880973816,0.4923098087310791,0.30751657485961914,-0.04446544498205185,1
0.5739208459854126,0.2276732176542282,8.311886290357506e-08,0.6005130410194397,0.26282867789268494,-0.0008342981454916298,0.6199761629104614,0.27480348944664,-0.00948763731867075,0.6356639862060547,0.28881779313087463,-0.020593082532286644,0.6461275815963745,0.29828256368637085,-0.03144138306379318,0.6552208662033081,0.21739371120929718,-0.012594049796462059,0.6841797232627869,0.21356002986431122,-0.023923160508275032,0.7063124179840088,0.21081411838531494,-0.03187971189618111,0.7226369380950928,0.2070889174938202,-0.037832118570804596,0.648277223110199,0.20707041025161743,-0.020719777792692184,0.6619628667831421,0.2605663239955902,-0.036660123616456985,0.6453276872634888,0.2837238907814026,-0.03988780826330185,0.6310397982597351,0.2877503037452698,-0.03929493576288223,0.6352170705795288,0.20970609784126282,-0.02853402867913246,0.643103301525116,0.2635170817375183,-0.04207050800323486,0.6274232864379883,0.27969619631767273,-0.037150878459215164,0.614119291305542,0.28016772866249084,-0.031082887202501297,0.6205844879150391,0.21995030343532562,-0.03693607077002525,0.6267859935760498,0.2621559500694275,-0.04451950266957283,0.6189835071563721,0.28114232420921326,-0.039228010922670364,0.6105789542198181,0.28944361209869385,-0.03327464312314987,1
0.48305460810661316,0.30565181374549866,1.2429021367665882e-08,0.5014585852622986,0.3365635573863983,0.004315896425396204,0.5051862001419067,0.3758537769317627,0.003091083839535713,0.4984772503376007,0.40086856484413147,-0.0004164592537563294,0.48594313859939575,0.41391634941101074,-0.003884055884554982,0.5154489874839783,0.40593355894088745,0.0016515945317223668,0.5144523978233337,0.44120365381240845,-0.00207631872035563,0.5159062147140503,0.4660828709602356,-0.005430663004517555,0.517245888710022,0.4846782684326172,-0.008523243479430676,0.5029318928718567,0.40932101011276245,-0.00510803610086441,0.480007141828537,0.43240150809288025,-0.010296819731593132,0.47328945994377136,0.42186909914016724,-0.012470770627260208,0.4744964838027954,0.410124808549881,-0.013051830232143402,0.4875692129135132,0.4044986367225647,-0.011347436346113682,0.46691858768463135,0.41868045926094055,-0.014777797274291515,0.4625217318534851,0.4058604836463928,-0.012734201736748219,0.46477311849594116,0.3941447138786316,-0.011085805483162403,0.47201216220855713,0.3945031762123108,-0.017759663984179497,0.454456090927124,0.4016133248806,-0.017896389588713646,0.4510246217250824,0.38923776149749756,-0.01432469580322504,0.45336008071899414,0.3774392604827881,-0.011407117359340191,1
0.21700924634933472,0.31906065344810486,7.096848264609434e-08,0.24460983276367188,0.2951882481575012,-0.014027215540409088,0.2636904716491699,0.2577657699584961,-0.022600656375288963,0.26680389046669006,0.22942893207073212,-0.03145630657672882,0.25063925981521606,0.22025708854198456,-0.03979552537202835,0.2343633472919464,0.19008731842041016,-0.01415315829217434,0.23477010428905487,0.1385025978088379,-0.028382986783981323,0.23498642444610596,0.10601312667131424,-0.03728453814983368,0.2322266697883606,0.07816244661808014,-0.043485742062330246,0.2098209112882614,0.19562457501888275,-0.016368241980671883,0.21987594664096832,0.18065199255943298,-0.039631593972444534,0.23480865359306335,0.21057133376598358,-0.04685889557003975,0.24096739292144775,0.2337360680103302,-0.0464484766125679,0.1903792768716812,0.21233493089675903,-0.020055321976542473,0.20736484229564667,0.21568240225315094,-0.04014771431684494,0.2210739254951477,0.24158918857574463,-0.03902486711740494,0.22508829832077026,0.2558943033218384,-0.03322966396808624,0.17606276273727417,0.23546548187732697,-0.025416992604732513,0.19468972086906433,0.24410578608512878,-0.037135906517505646,0.21024000644683838,0.25968217849731445,-0.03551330044865608,0.21728241443634033,0.2666640281677246,-0.031076032668352127,1
0.2067049890756607,0.3157379925251007,3.141277034046652e-07,0.2295282781124115,0.28602609038352966,-0.012225648388266563,0.2376769632101059,0.24912193417549133,-0.018202083185315132,0.2236735224723816,0.23081019520759583,-0.0246934462338686,0.20610934495925903,0.22029957175254822,-0.030468400567770004,0.21078486740589142,0.1918889284133911,-0.008501769043505192,0.21673369407653809,0.1437385082244873,-0.019406618550419807,0.21820446848869324,0.11354031413793564,-0.026697304099798203,0.217234268784523,0.08724217116832733,-0.031366292387247086,0.1899128258228302,0.19949845969676971,-0.01130074355751276,0.17843641340732574,0.15136831998825073,-0.024160513654351234,0.17337720096111298,0.1219368726015091,-0.0327305868268013,0.16806280612945557,0.09703370183706284,-0.036900099366903305,0.17510256171226501,0.21911406517028809,-0.01544604729861021,0.1713348627090454,0.1909756064414978,-0.0360543355345726,0.18911157548427582,0.21311262249946594,-0.04034293070435524,0.20080122351646423,0.23349221050739288,-0.03719063103199005,0.16723419725894928,0.24681496620178223,-0.020255325362086296,0.17395471036434174,0.23534494638442993,-0.038998086005449295,0.1913297027349472,0.24998030066490173,-0.04092569276690483,0.20321372151374817,0.26549655199050903,-0.037328727543354034,2
0.12825483083724976,0.2877330183982849,3.5342856108400156e-07,0.1379413604736328,0.2605349123477936,-0.015082843601703644,0.1303078830242157,0.2316751331090927,-0.023119444027543068,0.10694132000207901,0.22353141009807587,-0.03134102746844292,0.08336067944765091,0.21783722937107086,-0.03869152441620827,0.11543326079845428,0.18009282648563385,-0.009938047267496586,0.11218954622745514,0.1353759765625,-0.023761549964547157,0.10925920307636261,0.10656432807445526,-0.033478718250989914,0.10532742738723755,0.08184119313955307,-0.03956054523587227,0.09453786164522171,0.18815678358078003,-0.012340795248746872,0.07429701089859009,0.14218853414058685,-0.028126105666160583,0.06036181002855301,0.11304508149623871,-0.0383918397128582,0.04646601527929306,0.08657924830913544,-0.043002646416425705,0.08098320662975311,0.2083251178264618,-0.016621701419353485,0.061087269335985184,0.19009146094322205,-0.040543943643569946,0.07779622822999954,0.2137816846370697,-0.0449129194021225,0.09048816561698914,0.2296670824289322,-0.040772415697574615,0.0750391036272049,0.2348020374774933,-0.0217601265758276,0.06704166531562805,0.22913281619548798,-0.04257975146174431,0.08285936713218689,0.2449837476015091,-0.043722931295633316,0.09633734822273254,0.25578293204307556,-0.03917047381401062,2
0.44917136430740356,0.22857868671417236,2.2042965497348632e-07,0.4677482843399048,0.25192534923553467,-0.008362958207726479,0.4936719238758087,0.2593406140804291,-0.010901927947998047,0.5155599117279053,0.25547370314598083,-0.013935820199549198,0.5294978022575378,0.24261033535003662,-0.015798602253198624,0.5122863054275513,0.2298448383808136,-0.0002597581478767097,0.5384575724601746,0.2316550463438034,-0.005884948652237654,0.5559674501419067,0.23201262950897217,-0.010039287619292736,0.5700892210006714,0.23205651342868805,-0.012606223113834858,0.5122948288917542,0.21125873923301697,-0.001972450641915202,0.5447094440460205,0.18911805748939514,-0.009628921747207642,0.5653659701347351,0.18266861140727997,-0.014985980466008186,0.5799437761306763,0.1792108118534088,-0.01739688031375408,0.5064345598220825,0.1979798674583435,-0.005228644702583551,0.5346660017967224,0.1953635960817337,-0.020298786461353302,0.5331669449806213,0.21645739674568176,-0.02599356696009636,0.5259177684783936,0.23120823502540588,-0.025743737816810608,0.49773526191711426,0.19089551270008087,-0.008792058564722538,0.516283392906189,0.2089022845029831,-0.022525601089000702,0.5131209492683411,0.22999928891658783,-0.02586815319955349,0.5045083165168762,0.24385862052440643,-0.0252591073513031,2
0.45200368762016296,0.16967374086380005,2.1195408805851912e-07,0.46743643283843994,0.19222159683704376,-0.004346939269453287,0.4915594458580017,0.20029403269290924,-0.004405494779348373,0.5117011666297913,0.19765953719615936,-0.0047686477191746235,0.5214500427246094,0.1814252883195877,-0.0055083585903048515,0.5087096691131592,0.171502947807312,0.001016298308968544,0.5322304964065552,0.17685779929161072,-0.00029705342603847384,0.5488637089729309,0.18058395385742188,-0.0023974922951310873,0.562305212020874,0.18309491872787476,-0.0041485559195280075,0.509225606918335,0.15439802408218384,-0.0017342864302918315,0.5359364748001099,0.13911426067352295,-0.0029503004625439644,0.5554291009902954,0.1313570886850357,-0.006746458820998669,0.5700446963310242,0.12658897042274475,-0.009663633070886135,0.50450599193573,0.1417561173439026,-0.005445375572890043,0.5340516567230225,0.12811926007270813,-0.014099076390266418,0.5549630522727966,0.12716853618621826,-0.024023214355111122,0.5692398548126221,0.12652188539505005,-0.03046230599284172,0.4965289831161499,0.13388247787952423,-0.00886986032128334,0.5171100497245789,0.14578959345817566,-0.0198248028755188,0.5153000950813293,0.16586491465568542,-0.02416435070335865,0.5062958002090454,0.18173636496067047,-0.026336295530200005,2
0.3871638774871826,0.18727904558181763,1.1067462679648088e-07,0.41893622279167175,0.20427410304546356,0.005031520035117865,0.43130311369895935,0.24429376423358917,0.007365811616182327,0.4264152944087982,0.2710720896720886,0.008596999570727348,0.41777947545051575,0.2867436408996582,0.00903082825243473,0.44448569416999817,0.2629583775997162,0.0018172783311456442,0.45708176493644714,0.3019450008869171,0.0009105526260100305,0.4644121527671814,0.32499268651008606,0.00043229389120824635,0.46983712911605835,0.3427978754043579,-0.00028212447068654,0.4286637008190155,0.2791896462440491,-0.003911206498742104,0.4434226453304291,0.3237248361110687,-0.002896237885579467,0.4525153636932373,0.35270756483078003,-0.005026353523135185,0.4585384130477905,0.37493693828582764,-0.007316626142710447,0.4101886451244354,0.2866530418395996,-0.009192039258778095,0.41367530822753906,0.3273216485977173,-0.010518014430999756,0.415923535823822,0.3534891903400421,-0.0172017440199852,0.4167094826698303,0.3720434308052063,-0.023026304319500923,0.3918873071670532,0.28660595417022705,-0.013723846524953842,0.39600640535354614,0.2921609878540039,-0.015204427763819695,0.39999985694885254,0.281663715839386,-0.01632535271346569,0.40103045105934143,0.2702580988407135,-0.0177578404545784,3
0.226126030087471,0.2476307451725006,1.4190558772497752e-07,0.26573824882507324,0.2709364891052246,0.004802770912647247,0.279591828584671,0.3189741373062134,0.009288723580539227,0.27473440766334534,0.34753355383872986,0.01376687828451395,0.26801252365112305,0.36308547854423523,0.017059773206710815,0.2799440920352936,0.3534943759441376,-0.0016533754533156753,0.29937851428985596,0.4038824141025543,-0.0023138169199228287,0.3102385997772217,0.4325609803199768,-0.0012303970288485289,0.3181292712688446,0.4536908268928528,-0.00024175898579414934,0.25493282079696655,0.3660963177680969,-0.005646558944135904,0.26492899656295776,0.42220553755760193,-0.004401386249810457,0.2721732258796692,0.45470988750457764,-0.004659097641706467,0.27706030011177063,0.47875872254371643,-0.004789482336491346,0.232357919216156,0.36444976925849915,-0.009058556519448757,0.23690208792686462,0.4110283851623535,-0.012138590216636658,0.24091821908950806,0.4406396746635437,-0.02006116323173046,0.24284246563911438,0.4613434970378876,-0.025702351704239845,0.21497127413749695,0.3525998592376709,-0.01115766167640686,0.22410522401332855,0.3587431013584137,-0.015804413706064224,0.23293471336364746,0.3466351628303528,-0.018262147903442383,0.23761190474033356,0.3327104449272156,-0.019496997818350792,3
0.21456009149551392,0.09688577055931091,1.3298256362759275e-07,0.252360075712204,0.12407428026199341,0.005563018377870321,0.2641523480415344,0.17089053988456726,0.009359234943985939,0.25508368015289307,0.1976446807384491,0.012642636895179749,0.24378234148025513,0.21416403353214264,0.014713979326188564,0.26995956897735596,0.1962694674730301,-0.0015553849516436458,0.2897077202796936,0.24439844489097595,-0.0025079899933189154,0.3017555773258209,0.2735733985900879,-0.0016677102539688349,0.31018751859664917,0.2954528331756592,-0.0011541553540155292,0.24650688469409943,0.2086639404296875,-0.007247876841574907,0.25880834460258484,0.26224878430366516,-0.007416052743792534,0.2678001821041107,0.2945708930492401,-0.009130476973950863,0.27334824204444885,0.318291574716568,-0.010540338233113289,0.22465577721595764,0.2090919315814972,-0.012171031907200813,0.22742785513401031,0.25553691387176514,-0.01578977145254612,0.2327542006969452,0.2851130962371826,-0.023898713290691376,0.23618322610855103,0.3051374554634094,-0.029965128749608994,0.2070857584476471,0.19974689185619354,-0.015837978571653366,0.21638084948062897,0.20551863312721252,-0.01979164220392704,0.22405381500720978,0.19434113800525665,-0.021678376942873,0.2278078943490982,0.18097887933254242,-0.022942880168557167,3
0.1000136137008667,0.09799212217330933,1.47580664133784e-07,0.13876965641975403,0.13797706365585327,0.005427897442132235,0.14874175190925598,0.19045597314834595,0.009225389920175076,0.1386168748140335,0.21598538756370544,0.013437872752547264,0.12776900827884674,0.2264205515384674,0.016128722578287125,0.1418694704771042,0.22555188834667206,-0.007841663435101509,0.15772897005081177,0.27985841035842896,-0.010716735385358334,0.1677844524383545,0.3122985363006592,-0.011479922570288181,0.17585201561450958,0.33862030506134033,-0.012358197942376137,0.11304713040590286,0.2295842468738556,-0.012375501915812492,0.11384924501180649,0.29144835472106934,-0.014998774975538254,0.11689436435699463,0.3284934163093567,-0.017879828810691833,0.11903920769691467,0.3576534390449524,-0.02005792409181595,0.09066417813301086,0.2213161587715149,-0.01547105424106121,0.08877800405025482,0.2720196843147278,-0.02112865075469017,0.09224378317594528,0.30780908465385437,-0.0307395551353693,0.09387775510549545,0.33363088965415955,-0.03761991485953331,0.07660971581935883,0.205910325050354,-0.016848653554916382,0.09163735061883926,0.2153497189283371,-0.021635670214891434,0.10826058685779572,0.20589326322078705,-0.023934517055749893,0.11750517040491104,0.19390541315078735,-0.025543248280882835,3
0.3837363123893738,0.5498613715171814,5.706046977138612e-07,0.4212437570095062,0.5429570078849792,-0.018727226182818413,0.45832571387290955,0.5187674164772034,-0.03217006102204323,0.45905280113220215,0.49672964215278625,-0.04470547288656235,0.43482786417007446,0.48059892654418945,-0.05866512283682823,0.44297993183135986,0.39869359135627747,-0.029243186116218567,0.4703827202320099,0.337146520614624,-0.046997908502817154,0.487954705953598,0.2984916567802429,-0.06075343117117882,0.5016856789588928,0.26259544491767883,-0.07041420787572861,0.4100300669670105,0.3954133093357086,-0.03623621538281441,0.4146060049533844,0.32058438658714294,-0.05049516260623932,0.42268556356430054,0.27090775966644287,-0.06730429828166962,0.4292776584625244,0.2301132082939148,-0.08014050126075745,0.38149338960647583,0.419002503156662,-0.0441458597779274,0.3795154392719269,0.37357306480407715,-0.06644383072853088,0.3945525884628296,0.34094271063804626,-0.08761167526245117,0.4051440358161926,0.3151197135448456,-0.10206274688243866,0.35892313718795776,0.45902058482170105,-0.05269777402281761,0.3837391436100006,0.45212581753730774,-0.0754380151629448,0.40283265709877014,0.4748818278312683,-0.08452468365430832,0.412994921207428,0.4987732768058777,-0.08984068036079407,3
0.3160659670829773,0.4241012632846832,6.047350211701996e-07,0.35394716262817383,0.4630938470363617,-0.018390318378806114,0.39979687333106995,0.48579639196395874,-0.028904542326927185,0.41445493698120117,0.4614906907081604,-0.037287380546331406,0.405118465423584,0.41981041431427,-0.04706917703151703,0.46062523126602173,0.4101177453994751,-0.026117688044905663,0.5161867141723633,0.4224470555782318,-0.04005081579089165,0.5514191389083862,0.4282238185405731,-0.05081210285425186,0.5830071568489075,0.4292503297328949,-0.05864404886960983,0.44706231355667114,0.36480095982551575,-0.032082125544548035,0.5050584077835083,0.33402156829833984,-0.045230939984321594,0.5432384610176086,0.31473878026008606,-0.05970732122659683,0.5772032737731934,0.2963096797466278,-0.07008820027112961,0.41857510805130005,0.3380109369754791,-0.03881591185927391,0.4538034200668335,0.3108445703983307,-0.06149425730109215,0.48679059743881226,0.3012380599975586,-0.08132883161306381,0.5164288878440857,0.28970736265182495,-0.0939428061246872,0.3810685873031616,0.3270206153392792,-0.04598327726125717,0.408017098903656,0.3448042869567871,-0.06705634295940399,0.3983801603317261,0.38125354051589966,-0.07129037380218506,0.38202956318855286,0.4093743562698364,-0.07276090979576111,3
0.3241654932498932,0.2332879900932312,6.333028750304948e-07,0.34512200951576233,0.2870219945907593,-0.01979411020874977,0.3849095106124878,0.3298913836479187,-0.030027566477656364,0.4020506739616394,0.29715248942375183,-0.038392502814531326,0.40777894854545593,0.24375955760478973,-0.049067918211221695,0.4629753530025482,0.29468172788619995,-0.022638214752078056,0.5111969113349915,0.3314613103866577,-0.03711523115634918,0.5409652590751648,0.35787907242774963,-0.04969296231865883,0.5696942806243896,0.3785633444786072,-0.059055864810943604,0.467149555683136,0.23994483053684235,-0.028589855879545212,0.5329967141151428,0.24434252083301544,-0.03966940939426422,0.5747740864753723,0.24705171585083008,-0.05504198372364044,0.6147058010101318,0.2482433021068573,-0.06654606759548187,0.4501047432422638,0.19595694541931152,-0.03584790602326393,0.49593767523765564,0.1878170222043991,-0.05844161659479141,0.5316548347473145,0.1909950077533722,-0.08002931624650955,0.5671742558479309,0.19109788537025452,-0.09481332451105118,0.4192041754722595,0.1598511040210724,-0.0435924157500267,0.43621155619621277,0.18819427490234375,-0.06799665838479996,0.4115504324436188,0.21480396389961243,-0.07302724570035934,0.3878723382949829,0.2310962677001953,-0.07500383257865906,3
0.31853291392326355,0.24229276180267334,7.524690772697795e-07,0.3458613157272339,0.29717355966567993,-0.021784402430057526,0.37870022654533386,0.3340655267238617,-0.03890557587146759,0.3940192461013794,0.31038975715637207,-0.056628793478012085,0.39781656861305237,0.2647477090358734,-0.07325305044651031,0.45869210362434387,0.2805538773536682,-0.030634136870503426,0.5105118751525879,0.3099849820137024,-0.05782100930809975,0.5433913469314575,0.32797208428382874,-0.07323265820741653,0.573003888130188,0.34088584780693054,-0.08136805146932602,0.4536651074886322,0.2221427857875824,-0.03836393728852272,0.5060978531837463,0.21629974246025085,-0.07021459937095642,0.5445231199264526,0.21855470538139343,-0.0883866623044014,0.5794658064842224,0.21796216070652008,-0.09550921618938446,0.42877504229545593,0.17718809843063354,-0.04787883535027504,0.41765862703323364,0.2188926637172699,-0.08994104713201523,0.3866570293903351,0.25816333293914795,-0.10070671141147614,0.3691297769546509,0.2780219316482544,-0.095516636967659,0.39256611466407776,0.14747431874275208,-0.05850936099886894,0.3755064308643341,0.19807639718055725,-0.08817064017057419,0.35756316781044006,0.24575841426849365,-0.09107781946659088,0.34864699840545654,0.2781599462032318,-0.08516525477170944,2
0.2860991358757019,0.3956212103366852,9.070900830465689e-08,0.3304409980773926,0.43649378418922424,-0.017992261797189713,0.36737164855003357,0.46187320351600647,-0.04013323783874512,0.3926316201686859,0.47528618574142456,-0.062253545969724655,0.38989678025245667,0.478314608335495,-0.08458508551120758,0.41503506898880005,0.36456355452537537,-0.05840533971786499,0.4535538852214813,0.33127984404563904,-0.093704953789711,0.47889244556427,0.30123719573020935,-0.11556558310985565,0.5018861889839172,0.272881418466568,-0.129853293299675,0.38916027545928955,0.3217148780822754,-0.06693518906831741,0.38419899344444275,0.4035600423812866,-0.10654931515455246,0.3650026321411133,0.45496898889541626,-0.11210538446903229,0.35058969259262085,0.4832983911037445,-0.11060018837451935,0.3480791449546814,0.30588340759277344,-0.07607897371053696,0.3370256721973419,0.402622252702713,-0.1105547547340393,0.3271545469760895,0.4412362575531006,-0.10394828766584396,0.32180505990982056,0.459343820810318,-0.09310412406921387,0.3075256645679474,0.3083917796611786,-0.08745040744543076,0.30023878812789917,0.3776502311229706,-0.1089002937078476,0.30146700143814087,0.4239071011543274,-0.10269211232662201,0.3034118711948395,0.45565006136894226,-0.09306056797504425,1
0.26151371002197266,0.38440829515457153,6.556918492606201e-07,0.3066219687461853,0.39577484130859375,-0.022496741265058517,0.3523692488670349,0.38738614320755005,-0.0376368872821331,0.3529806435108185,0.3564855456352234,-0.05154182016849518,0.3299270570278168,0.3222474157810211,-0.06664623320102692,0.3731459975242615,0.2589828073978424,-0.03253648430109024,0.42006251215934753,0.21284839510917664,-0.05301084369421005,0.448752760887146,0.18414247035980225,-0.06787384301424026,0.47232508659362793,0.15144264698028564,-0.07857834547758102,0.33789753913879395,0.23100697994232178,-0.039678193628787994,0.36487308144569397,0.15449677407741547,-0.057828210294246674,0.3842180073261261,0.10717999935150146,-0.07690542191267014,0.400004506111145,0.06249551475048065,-0.0906781479716301,0.2994629442691803,0.2367417812347412,-0.04800183326005936,0.3068321943283081,0.19692695140838623,-0.07571019232273102,0.3224976658821106,0.1706703156232834,-0.09909185022115707,0.3345763683319092,0.14342224597930908,-0.11397155374288559,0.26297518610954285,0.26496273279190063,-0.05719262734055519,0.28819504380226135,0.28359994292259216,-0.08394299447536469,0.30328911542892456,0.31991058588027954,-0.09480391442775726,0.31130608916282654,0.34743815660476685,-0.10082092881202698,3
0.38468244671821594,0.39943358302116394,1.7881075109471567e-07,0.431257426738739,0.4462391138076782,0.018691835924983025,0.4344727694988251,0.5085415244102478,0.026917235925793648,0.414661169052124,0.5383949875831604,0.0334874764084816,0.40048685669898987,0.5541725754737854,0.039115775376558304,0.45350465178489685,0.5481292009353638,0.00362854590639472,0.46599140763282776,0.6153445839881897,0.009041947312653065,0.475414514541626,0.6490232944488525,0.01700914278626442,0.4811013638973236,0.6771766543388367,0.022047556936740875,0.42110759019851685,0.5642410516738892,-0.0053904918022453785,0.4326854348182678,0.6419119238853455,-0.005728279706090689,0.44087061285972595,0.6885794997215271,-0.006425912957638502,0.44253602623939514,0.7253208160400391,-0.006877734791487455,0.38732659816741943,0.5629664659500122,-0.010995181277394295,0.37920936942100525,0.622420608997345,-0.012705179862678051,0.37674596905708313,0.66347736120224,-0.02121206931769848,0.3706061542034149,0.6934104561805725,-0.027558989822864532,0.35879555344581604,0.5506978034973145,-0.013498889282345772,0.3697955906391144,0.5530679821968079,-0.008398226462304592,0.3825435936450958,0.5343229174613953,-0.006427912972867489,0.38482585549354553,0.5165078043937683,-0.0065260352566838264,3
0.31262028217315674,0.38460832834243774,1.3233915296950727e-07,0.3582175076007843,0.4185192584991455,0.014972763136029243,0.366799533367157,0.4744546413421631,0.025041060522198677,0.3541330397129059,0.5027760863304138,0.033011481165885925,0.3409962058067322,0.5177808403968811,0.040328528732061386,0.37826913595199585,0.5129134654998779,0.014188569970428944,0.3925968408584595,0.5614612102508545,0.01999516785144806,0.4025706350803375,0.5886922478675842,0.02557099238038063,0.40862542390823364,0.6097003221511841,0.029013868421316147,0.34984254837036133,0.5295429825782776,0.00641751941293478,0.35806965827941895,0.590094268321991,0.011684429831802845,0.36620980501174927,0.6283079385757446,0.011821399442851543,0.3686980903148651,0.6576721668243408,0.011437173932790756,0.32099711894989014,0.5292410254478455,-9.225795656675473e-05,0.31734320521354675,0.5759609341621399,0.0006824825541116297,0.31646519899368286,0.6077097058296204,-0.008305901661515236,0.31253886222839355,0.6296625137329102,-0.015180747956037521,0.2960450351238251,0.5173695087432861,-0.004511535167694092,0.3077682852745056,0.5115764737129211,-0.0039111352525651455,0.3174903094768524,0.4952104687690735,-0.00638400437310338,0.3202093541622162,0.47776225209236145,-0.008570659905672073,3
0.24666589498519897,0.30378177762031555,1.8685422276121244e-07,0.29654955863952637,0.33268189430236816,0.009774740785360336,0.3110091984272003,0.3917444348335266,0.016533080488443375,0.30059751868247986,0.428195059299469,0.022941643372178078,0.2884337604045868,0.44512447714805603,0.02875892072916031,0.31948813796043396,0.4301052987575531,0.0015295986086130142,0.3406572937965393,0.4873391091823578,0.0056280456483364105,0.35351261496543884,0.5192697048187256,0.011053922586143017,0.3627488613128662,0.5435668230056763,0.014753324910998344,0.2888469994068146,0.44768136739730835,-0.0037339760456234217,0.30172768235206604,0.5168208479881287,-0.0014091113116592169,0.31304073333740234,0.5578373074531555,-0.0007827540393918753,0.3186873197555542,0.5880089998245239,-0.00017219768778886646,0.25923100113868713,0.4487687945365906,-0.007230493705719709,0.2606668472290039,0.503405749797821,-0.008059307932853699,0.26694029569625854,0.5396866798400879,-0.015421339310705662,0.2682650089263916,0.5638556480407715,-0.020648237317800522,0.23539918661117554,0.4378608167171478,-0.008846730925142765,0.24938476085662842,0.4420703053474426,-0.006374075077474117,0.26145875453948975,0.42688435316085815,-0.005213774275034666,0.26519179344177246,0.40907391905784607,-0.004784140270203352,3
0.12173078954219818,0.42747581005096436,6.261670932872221e-07,0.15418800711631775,0.4310588836669922,-0.022562596946954727,0.17586147785186768,0.4228554368019104,-0.03821086883544922,0.14941900968551636,0.4144408702850342,-0.05214858055114746,0.12106312811374664,0.40108007192611694,-0.0679701715707779,0.1670331358909607,0.31395894289016724,-0.038790296763181686,0.1906278133392334,0.26430922746658325,-0.05737864226102829,0.20470255613327026,0.23340797424316406,-0.069448322057724,0.21535992622375488,0.2032119333744049,-0.0776703879237175,0.13000383973121643,0.29907703399658203,-0.04280005395412445,0.12969933450222015,0.22876784205436707,-0.05778002366423607,0.12794633209705353,0.18290099501609802,-0.0722590759396553,0.1255500167608261,0.14368771016597748,-0.08268346637487411,0.09783858060836792,0.3159845769405365,-0.047175608575344086,0.08070138096809387,0.28267523646354675,-0.07141507416963577,0.07706695795059204,0.2783380448818207,-0.08739703893661499,0.07263140380382538,0.27606841921806335,-0.09599490463733673,0.07197241485118866,0.3522823750972748,-0.051994115114212036,0.0734434574842453,0.36295753717422485,-0.07613220065832138,0.0895247757434845,0.3885360360145569,-0.08276405185461044,0.1015021950006485,0.4120604991912842,-0.08467250317335129,3
0.10334974527359009,0.4248405694961548,1.2381345015910483e-07,0.14053018391132355,0.42228004336357117,-0.028273744508624077,0.18099063634872437,0.40727680921554565,-0.05001310631632805,0.1858339011669159,0.3865768313407898,-0.0699409618973732,0.1663568913936615,0.3681137263774872,-0.08909694105386734,0.1687808632850647,0.2780577838420868,-0.03904284909367561,0.17427226901054382,0.22174397110939026,-0.06617863476276398,0.1768999695777893,0.18062543869018555,-0.08397046476602554,0.17679746448993683,0.143527090549469,-0.09670380502939224,0.12514334917068481,0.2615686058998108,-0.04002944007515907,0.13305529952049255,0.2877708077430725,-0.0752854272723198,0.14462071657180786,0.3514353036880493,-0.08452244848012924,0.1514376401901245,0.3824726343154907,-0.0845508947968483,0.08682163059711456,0.27291902899742126,-0.043529801070690155,0.10053049772977829,0.32158297300338745,-0.07387305796146393,0.11724287271499634,0.37084072828292847,-0.06912276893854141,0.12638050317764282,0.388754278421402,-0.060147855430841446,0.05437290668487549,0.29963597655296326,-0.050261639058589935,0.0692729651927948,0.34685492515563965,-0.07166367024183273,0.0914698988199234,0.3838215470314026,-0.06897357851266861,0.10685621201992035,0.39381569623947144,-0.061745282262563705,1
0.5170367360115051,0.39761942625045776,7.969005366703641e-08,0.5681206583976746,0.40706831216812134,-0.0026491419412195683,0.5974369645118713,0.39445632696151733,-0.013687947764992714,0.6185189485549927,0.3841378390789032,-0.028045933693647385,0.6296608448028564,0.379820317029953,-0.04208742827177048,0.5937141180038452,0.2979879379272461,-0.015100821852684021,0.6290603280067444,0.2685381770133972,-0.031333036720752716,0.6549178957939148,0.24954864382743835,-0.04230783134698868,0.6728820204734802,0.2335633486509323,-0.05044993385672569,0.5774723887443542,0.29515740275382996,-0.025430545210838318,0.6236738562583923,0.32923421263694763,-0.04859006777405739,0.6163977384567261,0.3630073070526123,-0.054055072367191315,0.6012367010116577,0.37135207653045654,-0.054256826639175415,0.5652960538864136,0.31115299463272095,-0.03586949035525322,0.6076866984367371,0.3568439483642578,-0.055532198399305344,0.5969805121421814,0.38407379388809204,-0.05047134310007095,0.5825579166412354,0.3873545825481415,-0.043865349143743515,0.5571908950805664,0.33714431524276733,-0.04721677675843239,0.5897387862205505,0.3798382878303528,-0.05831626057624817,0.584269106388092,0.40195775032043457,-0.0532531663775444,0.5747796297073364,0.40628373622894287,-0.0475366935133934,1
0.4691276252269745,0.42534828186035156,4.5998973519090214e-07,0.521718442440033,0.4316839575767517,-0.002476099878549576,0.5544106960296631,0.4202909469604492,-0.014613792300224304,0.5772193670272827,0.41414016485214233,-0.030947407707571983,0.5776510238647461,0.4159659743309021,-0.04481207951903343,0.5523266792297363,0.3346288502216339,-0.01684735342860222,0.5876498818397522,0.29720211029052734,-0.03445860743522644,0.6106029152870178,0.27292895317077637,-0.04618431255221367,0.6279352307319641,0.2521172761917114,-0.055205777287483215,0.5372093915939331,0.33447209000587463,-0.03005862794816494,0.5718749761581421,0.3110264241695404,-0.05702538043260574,0.6029219627380371,0.2963595688343048,-0.07255929708480835,0.62713223695755,0.28569334745407104,-0.0814829021692276,0.52227783203125,0.35132747888565063,-0.04247036576271057,0.5640595555305481,0.38531121611595154,-0.06236743927001953,0.5625007748603821,0.41650259494781494,-0.05804675817489624,0.5539781451225281,0.43105748295783997,-0.05119818076491356,0.5133289098739624,0.38188567757606506,-0.056470923125743866,0.548538863658905,0.42100322246551514,-0.06601642072200775,0.5506723523139954,0.4429318308830261,-0.06072754040360451,0.5453962087631226,0.45250222086906433,-0.05481548607349396,2
0.4640854299068451,0.41936901211738586,4.5092423306414275e-07,0.5139157772064209,0.43085533380508423,-0.0017080149846151471,0.5472255945205688,0.4301631450653076,-0.013745710253715515,0.5689128041267395,0.43834149837493896,-0.028704572468996048,0.5721114873886108,0.44385361671447754,-0.042584799230098724,0.5538755059242249,0.35543742775917053,-0.023120170459151268,0.5982111692428589,0.3368850350379944,-0.041706811636686325,0.6266403198242188,0.3233695328235626,-0.05385236069560051,0.6501651406288147,0.3111753761768341,-0.06303148716688156,0.5392903685569763,0.3552834689617157,-0.034933917224407196,0.5801768898963928,0.37185415625572205,-0.05850297585129738,0.6092255115509033,0.39099419116973877,-0.06895974278450012,0.6305139064788818,0.4074966311454773,-0.07569535076618195,0.5226051211357117,0.37114450335502625,-0.045738376677036285,0.5569432973861694,0.4287821650505066,-0.06324243545532227,0.5491157174110413,0.4504854679107666,-0.057314809411764145,0.5379085540771484,0.45771700143814087,-0.05123056471347809,0.5078153610229492,0.3976929783821106,-0.05785699933767319,0.5348852276802063,0.44931912422180176,-0.06765354424715042,0.5338004231452942,0.4684469401836395,-0.061704158782958984,0.529083788394928,0.47506654262542725,-0.05602399259805679,2
0.48644477128982544,0.19328157603740692,4.888966032012831e-07,0.49938008189201355,0.2384372353553772,-0.012927448377013206,0.5263357758522034,0.2760469913482666,-0.020393550395965576,0.5478670001029968,0.26895201206207275,-0.02699877694249153,0.5615321397781372,0.23450109362602234,-0.03460957109928131,0.5888009667396545,0.2670501470565796,-0.01715567149221897,0.6249241232872009,0.3054729998111725,-0.02730366960167885,0.6481916308403015,0.3267071545124054,-0.034664347767829895,0.6710087060928345,0.341971755027771,-0.0399717278778553,0.5959702134132385,0.22824816405773163,-0.022293005138635635,0.6453680992126465,0.24303358793258667,-0.03114054724574089,0.677904486656189,0.25384968519210815,-0.04149763658642769,0.7061898708343506,0.2603480815887451,-0.04874182119965553,0.5870646238327026,0.19390101730823517,-0.028174204751849174,0.6168568730354309,0.19789594411849976,-0.045409366488456726,0.6434571146965027,0.21260575950145721,-0.06218390166759491,0.6668392419815063,0.221473827958107,-0.0732746347784996,0.568150520324707,0.16598492860794067,-0.034343015402555466,0.5683162808418274,0.20509114861488342,-0.052367836236953735,0.5487557053565979,0.22921061515808105,-0.058715689927339554,0.5300331711769104,0.24083606898784637,-0.06200244650244713,3
0.45138534903526306,0.21833215653896332,1.317880133910876e-07,0.47889307141304016,0.26005467772483826,-0.01638573594391346,0.5068417191505432,0.2854006290435791,-0.0360652394592762,0.5260145664215088,0.3001323938369751,-0.05683925747871399,0.5224583148956299,0.29079103469848633,-0.07745494693517685,0.5703571438789368,0.2104755938053131,-0.031266193836927414,0.6036039590835571,0.19045227766036987,-0.05590406805276871,0.6287387609481812,0.18655456602573395,-0.0711536705493927,0.6473751664161682,0.18760304152965546,-0.08090617507696152,0.5591675043106079,0.16826796531677246,-0.037689097225666046,0.554469883441925,0.22229374945163727,-0.06848464906215668,0.5222975015640259,0.25422942638397217,-0.07456760853528976,0.505536675453186,0.2622734308242798,-0.0729723870754242,0.5340845584869385,0.14156518876552582,-0.04574821516871452,0.5185140371322632,0.20272599160671234,-0.07196171581745148,0.4978260099887848,0.22396224737167358,-0.06854736804962158,0.48987191915512085,0.22310470044612885,-0.061354860663414,0.5042445659637451,0.1260795295238495,-0.055890291929244995,0.49185994267463684,0.178571417927742,-0.07123467326164246,0.4801030158996582,0.2089163064956665,-0.0667329654097557,0.4764752984046936,0.21821123361587524,-0.05990106984972954,1
0.137474924325943,0.31887274980545044,5.413835424405988e-08,0.16173307597637177,0.31648388504981995,-0.01966438628733158,0.18335263431072235,0.3093741536140442,-0.03601099178195,0.1712053269147873,0.3188714385032654,-0.05102967470884323,0.14924849569797516,0.32808470726013184,-0.0663204938173294,0.1642567664384842,0.224845290184021,-0.03688572719693184,0.16018392145633698,0.20145383477210999,-0.06121658533811569,0.15273255109786987,0.19230139255523682,-0.07784462720155716,0.1454245150089264,0.18652623891830444,-0.08843416720628738,0.12691311538219452,0.21048305928707123,-0.03811705857515335,0.12140083312988281,0.2709587514400482,-0.06393730640411377,0.13460515439510345,0.3091353178024292,-0.07174014300107956,0.14735668897628784,0.32234513759613037,-0.0733022540807724,0.09658724069595337,0.22522465884685516,-0.04098854959011078,0.09856559336185455,0.2968488037586212,-0.062281012535095215,0.11745241284370422,0.3232969045639038,-0.059062909334897995,0.132485032081604,0.3280049264431,-0.05348597466945648,0.0743488222360611,0.25127607583999634,-0.0462227538228035,0.08074388653039932,0.3065953254699707,-0.0644102618098259,0.10253677517175674,0.33484846353530884,-0.062329765409231186,0.12124988436698914,0.345053493976593,-0.05614106357097626,1
0.3342137932777405,0.2381087839603424,2.523064495107974e-07,0.3155292868614197,0.3218766152858734,0.0020002331584692,0.2933062016963959,0.3853169083595276,-0.015230598859488964,0.2644563615322113,0.4100220799446106,-0.03516780957579613,0.25222617387771606,0.38864582777023315,-0.05712868645787239,0.3523105978965759,0.4060896337032318,-0.03907335549592972,0.3395453095436096,0.4637604355812073,-0.059405431151390076,0.3341176509857178,0.507068395614624,-0.07123994827270508,0.32917457818984985,0.5401731729507446,-0.08019177615642548,0.36072564125061035,0.3731980323791504,-0.05556003004312515,0.27941492199897766,0.3895017206668854,-0.07657414674758911,0.2727830410003662,0.35808345675468445,-0.07446970790624619,0.2886377274990082,0.3483090102672577,-0.07191801071166992,0.35577720403671265,0.32638028264045715,-0.07037247717380524,0.2724114656448364,0.33740416169166565,-0.08871561288833618,0.2743592858314514,0.3157055974006653,-0.07943074405193329,0.2932312786579132,0.3091272711753845,-0.0720105692744255,0.34362536668777466,0.2784130573272705,-0.08557693660259247,0.28663304448127747,0.2930431365966797,-0.09777307510375977,0.2605432868003845,0.303104043006897,-0.09030009806156158,0.24566355347633362,0.3103453814983368,-0.0835796594619751,1
0.3318626880645752,0.24916604161262512,3.064336056013417e-07,0.31324997544288635,0.33570772409439087,-0.001572881592437625,0.29294195771217346,0.3964487314224243,-0.022012703120708466,0.26449713110923767,0.41599977016448975,-0.04556731879711151,0.25124484300613403,0.38700607419013977,-0.07063888013362885,0.3537806272506714,0.41385990381240845,-0.04443497955799103,0.3484835624694824,0.47055140137672424,-0.07069608569145203,0.3293397128582001,0.5058914422988892,-0.08445992320775986,0.3069119155406952,0.522432804107666,-0.09207364171743393,0.36424583196640015,0.37609145045280457,-0.05944714695215225,0.2854260206222534,0.3919668197631836,-0.0829811617732048,0.2749764919281006,0.3634909987449646,-0.0799238309264183,0.289575457572937,0.35748034715652466,-0.07565238326787949,0.3594745695590973,0.3280388414859772,-0.0736255869269371,0.27530813217163086,0.33820512890815735,-0.09413707256317139,0.27629223465919495,0.3198460638523102,-0.08309200406074524,0.29660964012145996,0.3147795796394348,-0.07345700263977051,0.34684768319129944,0.28162604570388794,-0.08868066966533661,0.28734153509140015,0.29634159803390503,-0.10288280993700027,0.2614041864871979,0.30834242701530457,-0.09351156651973724,0.247413769364357,0.3174741864204407,-0.08386801928281784,1
0.34351328015327454,0.26318246126174927,5.359635224522208e-07,0.33273211121559143,0.34438496828079224,0.0015600372571498156,0.31110164523124695,0.3972128629684448,-0.013325891457498074,0.2783854007720947,0.4082455635070801,-0.03160776570439339,0.25142818689346313,0.3976290822029114,-0.05061569809913635,0.3501284122467041,0.4399585723876953,-0.032473981380462646,0.3131626546382904,0.5002059936523438,-0.05625135824084282,0.2794269025325775,0.516912579536438,-0.0731215849518776,0.24867507815361023,0.5249428153038025,-0.0848400890827179,0.35291585326194763,0.4017203152179718,-0.0477442741394043,0.29990869760513306,0.44311603903770447,-0.07080530375242233,0.26132139563560486,0.4502406716346741,-0.07973423600196838,0.23388472199440002,0.44889581203460693,-0.08671934902667999,0.34752917289733887,0.3550240397453308,-0.06172747537493706,0.2842194139957428,0.37372392416000366,-0.07713587582111359,0.27047115564346313,0.3646267056465149,-0.07378271222114563,0.27403250336647034,0.3537881076335907,-0.07133343815803528,0.3381737768650055,0.309465616941452,-0.07647542655467987,0.2859753966331482,0.32240673899650574,-0.08310621976852417,0.27134737372398376,0.3252807855606079,-0.07675373554229736,0.2726950943470001,0.3247089087963104,-0.07211630791425705,2
0.3612772226333618,0.28493523597717285,5.388766908254183e-07,0.3644963502883911,0.35937559604644775,0.006325224880129099,0.3423548936843872,0.4220603406429291,-0.0024202479980885983,0.30541324615478516,0.4487200975418091,-0.014685804024338722,0.278475284576416,0.4572397470474243,-0.02585854008793831,0.36531445384025574,0.4642893970012665,-0.01737125962972641,0.3351287245750427,0.5345291495323181,-0.0333966501057148,0.3140788674354553,0.5723035335540771,-0.04288921505212784,0.2954196333885193,0.5999991297721863,-0.048988137394189835,0.3544314503669739,0.442874550819397,-0.03115055523812771,0.30992138385772705,0.5061473846435547,-0.0462910421192646,0.27776750922203064,0.5365766882896423,-0.05200747773051262,0.25097519159317017,0.5584372878074646,-0.056358277797698975,0.34023159742355347,0.4119133949279785,-0.04334472119808197,0.28183889389038086,0.4334982931613922,-0.05342424660921097,0.28576648235321045,0.41280049085617065,-0.0465681254863739,0.29978668689727783,0.3980669379234314,-0.040732063353061676,0.32528233528137207,0.37510332465171814,-0.055996984243392944,0.27732113003730774,0.3895205855369568,-0.057795505970716476,0.2796555161476135,0.379371702671051,-0.048806339502334595,0.2931388020515442,0.37147724628448486,-0.04168367385864258,2
0.31285348534584045,0.29886844754219055,1.4490420596757758e-07,0.35600990056991577,0.3582966923713684,0.017766280099749565,0.3555252254009247,0.4326660633087158,0.026686666533350945,0.3366255462169647,0.47244954109191895,0.034581832587718964,0.31739047169685364,0.49624890089035034,0.04143136739730835,0.36094367504119873,0.4709221124649048,0.0016567629063501954,0.3589058518409729,0.5454092025756836,0.006965690292418003,0.3565976917743683,0.5840359926223755,0.014263964258134365,0.3534626364707947,0.6151682734489441,0.018601413816213608,0.3259754776954651,0.4746427834033966,-0.007944982498884201,0.32068759202957153,0.5573287606239319,-0.0044445013627409935,0.3164532482624054,0.6047214865684509,-0.0025581689551472664,0.310528427362442,0.6398661732673645,-0.0023553031496703625,0.29204121232032776,0.46628934144973755,-0.014573239721357822,0.2735763192176819,0.5321581959724426,-0.01393983606249094,0.2676871418952942,0.5718603730201721,-0.01876888796687126,0.2618018388748169,0.599158525466919,-0.02371462620794773,0.26342064142227173,0.44981780648231506,-0.01848772168159485,0.26953235268592834,0.4743194282054901,-0.01196823175996542,0.2849583625793457,0.4599933922290802,-0.006376130040735006,0.29381319880485535,0.4418892562389374,-0.004275738727301359,3
0.3179956078529358,0.304240345954895,9.471840201058512e-08,0.36102157831192017,0.3628014922142029,0.020999515429139137,0.36449936032295227,0.4316125810146332,0.027004845440387726,0.3507366478443146,0.47225436568260193,0.030588358640670776,0.33164742588996887,0.4981279969215393,0.03397224098443985,0.36826327443122864,0.47159725427627563,-0.006299728527665138,0.36078161001205444,0.5566385984420776,-0.005550147499889135,0.34573304653167725,0.5865386128425598,0.0032032649032771587,0.3333929777145386,0.5904455780982971,0.011993535794317722,0.3319534659385681,0.4741668999195099,-0.016344064846634865,0.3197438418865204,0.5591607093811035,-0.01286197267472744,0.3103572726249695,0.5826451182365417,-0.0020873588509857655,0.3039049804210663,0.5784227252006531,0.0072190952487289906,0.29695090651512146,0.46278277039527893,-0.022971808910369873,0.28116291761398315,0.5357853174209595,-0.01470993459224701,0.27655187249183655,0.5567402839660645,-0.002450805390253663,0.2757713794708252,0.555389404296875,0.00523346196860075,0.2678321599960327,0.4437394440174103,-0.0275519210845232,0.27090248465538025,0.4742816090583801,-0.014731292612850666,0.2790316939353943,0.470952570438385,-0.0007050304557196796,0.2863381505012512,0.45661798119544983,0.009799482300877571,3
0.3243338167667389,0.30631929636001587,1.6691988946604397e-07,0.3660682141780853,0.3643752634525299,0.01693108305335045,0.36622709035873413,0.4363885521888733,0.023002877831459045,0.3456946015357971,0.4743514955043793,0.028233936056494713,0.3225523829460144,0.4993221163749695,0.032411716878414154,0.37383896112442017,0.4662807583808899,-0.004419400822371244,0.3709554374217987,0.5458616614341736,-0.0009869539644569159,0.36179453134536743,0.583330512046814,0.00619103666394949,0.35225340723991394,0.6070034503936768,0.011182381771504879,0.3380089998245239,0.4709146320819855,-0.014205483719706535,0.32922324538230896,0.5551801919937134,-0.011355163529515266,0.321023553609848,0.5948783755302429,-0.006994346156716347,0.31271645426750183,0.6184058785438538,-0.004296888131648302,0.3035449981689453,0.46472007036209106,-0.021114053204655647,0.2871532738208771,0.5351929664611816,-0.019179798662662506,0.2798498570919037,0.5756536722183228,-0.020889416337013245,0.27278557419776917,0.6011093854904175,-0.023877710103988647,0.27417975664138794,0.4504958391189575,-0.025455746799707413,0.28096339106559753,0.4794371724128723,-0.017179755493998528,0.29394346475601196,0.46692731976509094,-0.009218457154929638,0.300381600856781,0.44831758737564087,-0.00543828634545207,3
0.48200270533561707,0.2820184528827667,2.0326223193478654e-07,0.5143248438835144,0.32907649874687195,0.01153265405446291,0.5251321792602539,0.3877038061618805,0.01431514322757721,0.5204842686653137,0.4255090057849884,0.014542706310749054,0.5091618895530701,0.45279741287231445,0.014117790386080742,0.539044201374054,0.4102242588996887,0.00140125653706491,0.5448727011680603,0.476436972618103,-0.0021833397913724184,0.5437067747116089,0.5148558020591736,-0.003201571060344577,0.541534960269928,0.5438480377197266,-0.003731369273737073,0.5188537836074829,0.41537848114967346,-0.009709298610687256,0.5276616215705872,0.4858587384223938,-0.01398300938308239,0.528700590133667,0.528325080871582,-0.017504021525382996,0.5293723940849304,0.5602076053619385,-0.0196759682148695,0.49477294087409973,0.41307348012924194,-0.01946191117167473,0.4880537986755371,0.47696220874786377,-0.024621864780783653,0.48313575983047485,0.5161359906196594,-0.02960890904068947,0.48126810789108276,0.5450479984283447,-0.0331142283976078,0.46880990266799927,0.4029255211353302,-0.0277349054813385,0.4667316973209381,0.4425419569015503,-0.02928072214126587,0.46804556250572205,0.4470893442630768,-0.026568714529275894,0.4694664180278778,0.44558432698249817,-0.02467440813779831,3
0.4546816647052765,0.3120359480381012,9.710883119851133e-08,0.45475444197654724,0.374835729598999,0.004119633696973324,0.4491885304450989,0.433352530002594,-0.0052269878797233105,0.43131035566329956,0.47379744052886963,-0.018129512667655945,0.4140658676624298,0.4886350929737091,-0.030846603214740753,0.49678248167037964,0.4601832926273346,-0.011860925704240799,0.49112024903297424,0.5208452343940735,-0.0252142995595932,0.4872344136238098,0.5599138736724854,-0.033892299979925156,0.48502853512763977,0.5909356474876404,-0.040386006236076355,0.48987123370170593,0.4444153308868408,-0.024667808786034584,0.4440234899520874,0.49792370200157166,-0.04138820245862007,0.4339229166507721,0.4757426083087921,-0.04326705262064934,0.44161802530288696,0.45526909828186035,-0.04268943890929222,0.47376468777656555,0.42215436697006226,-0.03674754500389099,0.427244633436203,0.4665642976760864,-0.048672910779714584,0.4237024784088135,0.44494062662124634,-0.04129898175597191,0.434090793132782,0.42918363213539124,-0.03516022861003876,0.4531829357147217,0.39794284105300903,-0.04905195161700249,0.41609251499176025,0.43500930070877075,-0.05114622041583061,0.4140312373638153,0.41870975494384766,-0.04186904802918434,0.4236661493778229,0.40426933765411377,-0.03531084954738617,1
0.44770723581314087,0.31593531370162964,4.3398517846071627e-07,0.45699965953826904,0.3785994052886963,0.008366702124476433,0.45059365034103394,0.44082510471343994,0.003148771822452545,0.42874395847320557,0.477909654378891,-0.006077792961150408,0.4148064851760864,0.49754640460014343,-0.014641317538917065,0.4840324819087982,0.47206664085388184,-0.005263258703052998,0.47376325726509094,0.5309318900108337,-0.016014158725738525,0.4682115912437439,0.5675694346427917,-0.023277925327420235,0.46290186047554016,0.5985801815986633,-0.02896519936621189,0.4749530553817749,0.4584851562976837,-0.018815534189343452,0.44475963711738586,0.5203958749771118,-0.030626878142356873,0.4248009920120239,0.5557279586791992,-0.03599587082862854,0.40880993008613586,0.5856006145477295,-0.04062821716070175,0.4605577886104584,0.4371672570705414,-0.03135746344923973,0.4095872938632965,0.48015469312667847,-0.04004523903131485,0.410867303609848,0.4568960964679718,-0.034523867070674896,0.4226956367492676,0.43933945894241333,-0.030434172600507736,0.44299793243408203,0.4109966456890106,-0.04407556727528572,0.40197616815567017,0.4409448802471161,-0.04704594239592552,0.4036731421947479,0.42470598220825195,-0.04022500663995743,0.4155462682247162,0.4119112491607666,-0.03522133082151413,2
0.45171022415161133,0.3201332092285156,2.686403206553223e-07,0.46660882234573364,0.3853030204772949,0.015730632469058037,0.4676430821418762,0.4479864835739136,0.013079116120934486,0.4556249678134918,0.4864811897277832,0.005212842486798763,0.44170597195625305,0.5151888728141785,-0.0026556910015642643,0.4915347397327423,0.4794987440109253,-0.006857732776552439,0.48755595088005066,0.5394566059112549,-0.017836496233940125,0.47051969170570374,0.5711527466773987,-0.021654970943927765,0.45327329635620117,0.5884564518928528,-0.02304117940366268,0.48415711522102356,0.4637232720851898,-0.022762710228562355,0.4531934857368469,0.5320932865142822,-0.0328923761844635,0.4245908558368683,0.540452778339386,-0.03146665543317795,0.40800702571868896,0.5402572154998779,-0.02966110035777092,0.4692997336387634,0.440879225730896,-0.03687775507569313,0.4198073744773865,0.48815298080444336,-0.04285668581724167,0.40908607840538025,0.4685802757740021,-0.03390941396355629,0.415225088596344,0.45155513286590576,-0.027488112449645996,0.4515054225921631,0.413267582654953,-0.05022098124027252,0.4106801450252533,0.44955137372016907,-0.04779573902487755,0.40699994564056396,0.4357667565345764,-0.03679219260811806,0.4181220233440399,0.4207969903945923,-0.02908121794462204,2
0.4171963036060333,0.3471970856189728,3.7523062701438903e-07,0.3710043132305145,0.3734324872493744,-0.012746214866638184,0.34473785758018494,0.4245196282863617,-0.019086990505456924,0.355367511510849,0.4749177098274231,-0.02094617299735546,0.3772173225879669,0.4931449294090271,-0.0218060165643692,0.3712707757949829,0.42831888794898987,-0.03456476330757141,0.34604692459106445,0.4829999804496765,-0.04319657012820244,0.33284300565719604,0.5161476731300354,-0.04717963933944702,0.32053956389427185,0.5455923080444336,-0.049779172986745834,0.4024496376514435,0.44732901453971863,-0.029690004885196686,0.3920058608055115,0.514143168926239,-0.036767762154340744,0.38463306427001953,0.5561108589172363,-0.038624756038188934,0.38227564096450806,0.5887606143951416,-0.04095989465713501,0.4254712760448456,0.45706823468208313,-0.022971443831920624,0.4007851779460907,0.5133997201919556,-0.02788473665714264,0.38616782426834106,0.501271665096283,-0.02403816021978855,0.38454630970954895,0.480282723903656,-0.020435428246855736,0.4398602843284607,0.4611993432044983,-0.016927069053053856,0.41626837849617004,0.5014450550079346,-0.018433013930916786,0.40359580516815186,0.4940264821052551,-0.013709033839404583,0.4023588299751282,0.4775572121143341,-0.00952115934342146,2
0.40645748376846313,0.37652838230133057,2.8840722166023625e-07,0.37055209279060364,0.3375415802001953,-0.02182517759501934,0.3231167793273926,0.32761579751968384,-0.03255073353648186,0.29101890325546265,0.3503044843673706,-0.036966025829315186,0.29280534386634827,0.37782037258148193,-0.039911944419145584,0.3313986659049988,0.4065316915512085,-0.04171637073159218,0.27581727504730225,0.4108101725578308,-0.051326900720596313,0.2451745867729187,0.40463611483573914,-0.05374662205576897,0.21945637464523315,0.4029373824596405,-0.05503810942173004,0.33723023533821106,0.4421099126338959,-0.03242265433073044,0.2799507975578308,0.42777982354164124,-0.045019567012786865,0.28750213980674744,0.3955960273742676,-0.04345276206731796,0.30348414182662964,0.38228118419647217,-0.03938727453351021,0.3392223119735718,0.46038657426834106,-0.02209891937673092,0.2905069589614868,0.43704473972320557,-0.02914532832801342,0.2983126938343048,0.4102635979652405,-0.0215222779661417,0.31192976236343384,0.40164420008659363,-0.014843541197478771,0.33997678756713867,0.467663049697876,-0.013476558029651642,0.30310729146003723,0.4416477382183075,-0.016799595206975937,0.3077341318130493,0.42029300332069397,-0.012539470568299294,0.31910938024520874,0.414858877658844,-0.00829636212438345,1
0.40016770362854004,0.3748584985733032,3.890250184213073e-07,0.3527880311012268,0.34399306774139404,-0.02252381481230259,0.3055688738822937,0.3479967415332794,-0.025722561404109,0.2790359854698181,0.37582236528396606,-0.019967425614595413,0.2698112428188324,0.4042617976665497,-0.011688349768519402,0.3048396110534668,0.41596946120262146,-0.0383436419069767,0.24401310086250305,0.41820329427719116,-0.04217130318284035,0.21451330184936523,0.40902864933013916,-0.03992967680096626,0.1905135214328766,0.4007195830345154,-0.03593277931213379,0.3130842447280884,0.44979214668273926,-0.02399519830942154,0.2459392547607422,0.4596709907054901,-0.023975184187293053,0.2260342240333557,0.437155544757843,-0.018387852236628532,0.22165486216545105,0.4120549261569977,-0.012495148926973343,0.3199111819267273,0.46484291553497314,-0.008903770707547665,0.2737225592136383,0.44466665387153625,-0.007498234044760466,0.2767285406589508,0.41760551929473877,-0.004606233909726143,0.28704044222831726,0.4015226662158966,-0.001094386330805719,0.32564833760261536,0.46627047657966614,0.004647728055715561,0.2941625416278839,0.44278013706207275,0.010287659242749214,0.29801031947135925,0.4202951192855835,0.015104969032108784,0.3103716969490051,0.4080095589160919,0.01937733218073845,1
0.39955592155456543,0.37689948081970215,5.510404434971861e-07,0.35600951313972473,0.3498934507369995,-0.02302236109972,0.3068031370639801,0.3511032164096832,-0.032167866826057434,0.2829553484916687,0.38444089889526367,-0.03497767448425293,0.28170672059059143,0.41598057746887207,-0.03587457537651062,0.31342384219169617,0.40984347462654114,-0.035229623317718506,0.25277844071388245,0.4009056091308594,-0.04570024088025093,0.22043775022029877,0.39273691177368164,-0.0503249354660511,0.19470559060573578,0.3887217044830322,-0.051249049603939056,0.3198518455028534,0.444720596075058,-0.025708284229040146,0.2592020332813263,0.4569452702999115,-0.03418714925646782,0.22514608502388,0.46379587054252625,-0.03559489548206329,0.20275507867336273,0.46992623805999756,-0.03488078713417053,0.3260788917541504,0.4645828306674957,-0.016258373856544495,0.27947747707366943,0.4425591230392456,-0.024366771802306175,0.2865104079246521,0.42029568552970886,-0.02128295972943306,0.30081307888031006,0.4088190197944641,-0.015499896369874477,0.3314801752567291,0.4732210040092468,-0.008502770215272903,0.2960255444049835,0.45060649514198303,-0.012177379801869392,0.30161339044570923,0.4301806390285492,-0.007102987263351679,0.31392449140548706,0.42154794931411743,-0.0009051415254361928,2
0.3949732780456543,0.38510021567344666,2.3592168929553736e-07,0.3510412573814392,0.34875360131263733,-0.016796715557575226,0.3039134442806244,0.34842750430107117,-0.02221100591123104,0.2779392898082733,0.379999041557312,-0.022495729848742485,0.2647188901901245,0.403412789106369,-0.021650053560733795,0.30710357427597046,0.4175804853439331,-0.030934322625398636,0.2488001585006714,0.415770024061203,-0.03712538629770279,0.21539150178432465,0.41121506690979004,-0.038213830441236496,0.1886262595653534,0.41072773933410645,-0.03868408501148224,0.31451112031936646,0.4530836343765259,-0.022209495306015015,0.2628614008426666,0.4340510964393616,-0.02986855059862137,0.26869165897369385,0.4073866903781891,-0.027898775413632393,0.28574109077453613,0.39572760462760925,-0.02473766729235649,0.3192763924598694,0.46949097514152527,-0.012682014144957066,0.2764725387096405,0.44380009174346924,-0.016763929277658463,0.28263917565345764,0.42021703720092773,-0.011496095918118954,0.29741254448890686,0.411979615688324,-0.007234365679323673,0.323275089263916,0.47567933797836304,-0.004371543414890766,0.2895488739013672,0.4509298801422119,-0.00682323332875967,0.29422131180763245,0.4307684302330017,-0.004112839698791504,0.30620792508125305,0.4245913624763489,-0.0011581942671909928,1
0.3004991412162781,0.4622894823551178,-3.790804044001561e-07,0.2494135946035385,0.39891642332077026,-0.003983477130532265,0.23560109734535217,0.33396849036216736,-0.005817553028464317,0.25110721588134766,0.2946745753288269,-0.006222351919859648,0.27581721544265747,0.29104170203208923,-0.006060823332518339,0.3167344331741333,0.28027230501174927,-0.009174779988825321,0.28897178173065186,0.2514062523841858,-0.0022446184884756804,0.27629899978637695,0.27709701657295227,0.0009414966916665435,0.27855628728866577,0.30016812682151794,0.0010179856326431036,0.35214513540267944,0.3024100363254547,-0.007235089782625437,0.31917211413383484,0.2797747254371643,0.002408434171229601,0.3034403920173645,0.3020055592060089,0.005218838341534138,0.30563291907310486,0.3256831169128418,0.003686938202008605,0.3734089434146881,0.33641791343688965,-0.003512356895953417,0.3451818525791168,0.3129841983318329,0.0021915368270128965,0.3300970792770386,0.32792899012565613,0.003636749926954508,0.32940343022346497,0.3516751825809479,0.0017856257036328316,0.3853755593299866,0.3695901930332184,0.0002776333421934396,0.3650875985622406,0.34606021642684937,0.0030114268884062767,0.3520343601703644,0.3589704632759094,0.007135850377380848,0.35000377893447876,0.3803817629814148,0.010008422657847404,0
0.3847094476222992,0.5291422009468079,-2.776459382403118e-07,0.35361048579216003,0.4656180441379547,-0.0020911286119371653,0.35558727383613586,0.4116113483905792,-0.001115692313760519,0.3751479387283325,0.3990175426006317,0.0007335155387409031,0.3925088047981262,0.41399481892585754,0.0023063484113663435,0.43098968267440796,0.3848775327205658,-0.000614851713180542,0.41274482011795044,0.3658156394958496,0.007578332908451557,0.39745286107063293,0.385217547416687,0.008381274528801441,0.3945956826210022,0.4041639268398285,0.006779620889574289,0.45704495906829834,0.4181313216686249,0.001474921707995236,0.43636569380760193,0.3990097939968109,0.014732307754456997,0.4196920692920685,0.4112788736820221,0.015885332599282265,0.41596516966819763,0.43037912249565125,0.012750796042382717,0.46869418025016785,0.45781242847442627,0.004938206635415554,0.4528447985649109,0.4385795593261719,0.015235048718750477,0.4374467134475708,0.4436570703983307,0.01478235237300396,0.4323286712169647,0.4597129821777344,0.010969629511237144,0.4716789424419403,0.49309319257736206,0.008379332721233368,0.4614499509334564,0.4741731882095337,0.016047511249780655,0.44713133573532104,0.477811723947525,0.020616784691810608,0.4408641457557678,0.49156880378723145,0.022877298295497894,0
0.2884388267993927,0.4780229926109314,-4.5356466671364615e-07,0.2352174073457718,0.401647686958313,-8.345103560714051e-05,0.22502577304840088,0.32483482360839844,0.0003533601120579988,0.24970749020576477,0.27821043133735657,0.002048191614449024,0.2795362174510956,0.2785986363887787,0.004634960554540157,0.30592381954193115,0.27407675981521606,-0.00920366495847702,0.2954399585723877,0.2297898530960083,-0.0012960814638063312,0.27838337421417236,0.2534469962120056,0.0042760856449604034,0.2737239599227905,0.2821545898914337,0.006136992014944553,0.3471725583076477,0.3020389974117279,-0.008167801424860954,0.32438743114471436,0.2668612003326416,0.0052766138687729836,0.30527302622795105,0.28808337450027466,0.012015659362077713,0.3039289116859436,0.31453612446784973,0.012173946015536785,0.3737281560897827,0.33928564190864563,-0.005011384375393391,0.35164153575897217,0.3048480749130249,0.003849424421787262,0.3327309787273407,0.3191069960594177,0.008486890234053135,0.32757654786109924,0.34517839550971985,0.0076652998104691505,0.39046603441238403,0.37521591782569885,-0.0013509002747014165,0.37233981490135193,0.34062525629997253,0.004591675475239754,0.35602259635925293,0.35223913192749023,0.01164153777062893,0.35124829411506653,0.3745694160461426,0.01579393446445465,0
0.33000436425209045,0.4214872121810913,-1.571926446786165e-07,0.37751150131225586,0.44270896911621094,0.009584231302142143,0.4139903783798218,0.49077001214027405,0.0076599884778261185,0.4210450053215027,0.5410312414169312,0.0020545676816254854,0.41538864374160767,0.5700510740280151,-0.001590098487213254,0.45390281081199646,0.5062137246131897,0.004975821357220411,0.43564245104789734,0.5923742651939392,-0.0036839782260358334,0.41439878940582275,0.5791793465614319,-0.008508861996233463,0.41082775592803955,0.5557281374931335,-0.01209965255111456,0.4441825747489929,0.515489399433136,-0.006157691590487957,0.41506990790367126,0.606204092502594,-0.009374004788696766,0.3968997895717621,0.5844084620475769,-0.006653612479567528,0.3971336781978607,0.5590919256210327,-0.0062236785888671875,0.42486119270324707,0.5249444842338562,-0.017635028809309006,0.3914969265460968,0.6060629487037659,-0.016192840412259102,0.3774983882904053,0.5784701704978943,-0.009710204787552357,0.3813972473144531,0.5523591637611389,-0.00820340495556593,0.39924466609954834,0.5345223546028137,-0.029605386778712273,0.36870425939559937,0.5890743732452393,-0.022830963134765625,0.3586084842681885,0.5624483823776245,-0.016552139073610306,0.3644101619720459,0.5390947461128235,-0.014373832382261753,0
0.1385118067264557,0.43232208490371704,-1.7666778262537264e-07,0.18802765011787415,0.37809494137763977,0.017170198261737823,0.2349908947944641,0.36698904633522034,0.019224734976887703,0.2627427875995636,0.3923906683921814,0.016711769625544548,0.2697621285915375,0.4279118776321411,0.014855967834591866,0.26516401767730713,0.35927531123161316,0.00929543562233448,0.29637178778648376,0.4181729853153229,0.007316403090953827,0.27948427200317383,0.4308117628097534,0.0066304076462984085,0.2624038755893707,0.4184812605381012,0.005994822364300489,0.26557037234306335,0.40153437852859497,-0.004023695830255747,0.29317307472229004,0.45505911111831665,0.0009123663767240942,0.2747338116168976,0.4643073081970215,0.0046228813007473946,0.25813913345336914,0.45212870836257935,0.005061070900410414,0.2577521800994873,0.4475913941860199,-0.01593550108373165,0.2826341688632965,0.4955396354198456,-0.009692330844700336,0.2621002197265625,0.49900001287460327,-0.0015792957274243236,0.2451591193675995,0.4827728271484375,0.000935609161388129,0.24220356345176697,0.4913610816001892,-0.027010023593902588,0.25885307788848877,0.5284072160720825,-0.01869608461856842,0.23947405815124512,0.5260521173477173,-0.00797706376761198,0.2247878611087799,0.5093386769294739,-0.0016468432731926441,0
0.3592989444732666,0.43875646591186523,-1.33343064590008e-07,0.38049668073654175,0.4801676571369171,0.0003595182206481695,0.41002577543258667,0.4906993508338928,0.0006321354885585606,0.4267529547214508,0.47560572624206543,0.0009855024982243776,0.4301058351993561,0.4522383511066437,0.0011060022516176105,0.44469785690307617,0.46476680040359497,0.0016761192819103599,0.4346838891506195,0.4716668426990509,-0.002354414900764823,0.42115721106529236,0.46933621168136597,-0.009248779155313969,0.4125635325908661,0.4640912711620331,-0.014401252381503582,0.4470055103302002,0.4319397509098053,0.00013101345393806696,0.4361268877983093,0.4399354159832001,0.0017796780448406935,0.4226897954940796,0.44097697734832764,-0.00011612749949563295,0.41225892305374146,0.4403397738933563,-0.0031552964355796576,0.43961048126220703,0.40269768238067627,-0.0012245482066646218,0.43291494250297546,0.4108072817325592,-6.02915770286927e-06,0.42002248764038086,0.4161463975906372,0.0015912679955363274,0.4094046950340271,0.41835132241249084,0.0011546243913471699,0.42727184295654297,0.3794043958187103,-0.0027167215012013912,0.4210710823535919,0.3841783404350281,-0.0015802677953615785,0.41097232699394226,0.39122459292411804,0.002026941627264023,0.403367280960083,0.39408811926841736,0.004712932743132114,0
0.14834079146385193,0.42477935552597046,-4.832247668673517e-07,0.09590130299329758,0.3490678668022156,-0.007456769701093435,0.07662912458181381,0.26927846670150757,-0.013032639399170876,0.08925402164459229,0.20952558517456055,-0.01631210185587406,0.11505366861820221,0.18985216319561005,-0.017737459391355515,0.17308931052684784,0.2268092930316925,-0.016257965937256813,0.14509931206703186,0.1772751361131668,-0.010337905026972294,0.12500038743019104,0.2042759358882904,-0.004772435408085585,0.12248062342405319,0.2355024218559265,-0.002556644147261977,0.21267300844192505,0.2487640380859375,-0.012592746876180172,0.1766381561756134,0.2067110687494278,-0.004523209296166897,0.15523555874824524,0.22942502796649933,-0.0009153891005553305,0.1537388414144516,0.2594132125377655,-0.0023342985659837723,0.2367161214351654,0.2806134819984436,-0.006861367262899876,0.2035539746284485,0.24067805707454681,-0.0023729796521365643,0.1848069727420807,0.25718438625335693,0.0011919651878997684,0.18069463968276978,0.2861817181110382,0.00015229526616167277,0.24973991513252258,0.31237539649009705,-0.001065404387190938,0.22518211603164673,0.2764926552772522,0.00020527221204247326,0.20973093807697296,0.29089394211769104,0.005282831843942404,0.20639166235923767,0.31601575016975403,0.008845552802085876,0
0.29483112692832947,0.3450101912021637,-2.2198359772573895e-07,0.3631930351257324,0.33611345291137695,-0.011276901699602604,0.41357433795928955,0.3071399927139282,-0.018548743799328804,0.4339924454689026,0.255839467048645,-0.028557999059557915,0.41117680072784424,0.20643694698810577,-0.03528586030006409,0.38466140627861023,0.21502380073070526,0.001746125053614378,0.4178388714790344,0.1819266378879547,-0.020751798525452614,0.4074685275554657,0.23811906576156616,-0.02704392932355404,0.3892415165901184,0.25586649775505066,-0.026759358122944832,0.355089396238327,0.19385036826133728,-0.0038863415829837322,0.3905360698699951,0.16103827953338623,-0.029076868668198586,0.37520167231559753,0.23373128473758698,-0.032111041247844696,0.35231834650039673,0.24015723168849945,-0.027828030288219452,0.3210005760192871,0.17705291509628296,-0.013216967694461346,0.36002159118652344,0.13942794501781464,-0.04305256903171539,0.3486343324184418,0.21265409886837006,-0.03162242844700813,0.32269588112831116,0.22546395659446716,-0.016133930534124374,0.2769194543361664,0.16132807731628418,-0.022853504866361618,0.31674739718437195,0.1312117874622345,-0.04000312462449074,0.31808406114578247,0.18307572603225708,-0.026185888797044754,0.2990720868110657,0.20195335149765015,-0.01099441573023796,0
0.23075918853282928,0.5997846722602844,-3.3396665344298526e-07,0.30703091621398926,0.5896936058998108,-0.009584528394043446,0.3757355511188507,0.5598189830780029,-0.017713526263833046,0.41172561049461365,0.5218856930732727,-0.027741050347685814,0.38844114542007446,0.48744702339172363,-0.03240090608596802,0.3587966561317444,0.4297500550746918,0.0009572125854901969,0.40283286571502686,0.4328218996524811,-0.025464704260230064,0.3738654851913452,0.4936642050743103,-0.037479836493730545,0.3517134487628937,0.4897821545600891,-0.0440518781542778,0.3230298161506653,0.4028068482875824,-0.008552169427275658,0.36836710572242737,0.4157637655735016,-0.03663284704089165,0.3367731273174286,0.4879373610019684,-0.042035866528749466,0.31555289030075073,0.4726145267486572,-0.041335418820381165,0.28270190954208374,0.3914725184440613,-0.021498261019587517,0.32834386825561523,0.40436848998069763,-0.04901120066642761,0.30492687225341797,0.4733356535434723,-0.037542857229709625,0.28162601590156555,0.45888522267341614,-0.02548457495868206,0.2405252307653427,0.38881731033325195,-0.03546728193759918,0.28402990102767944,0.40570539236068726,-0.04967540130019188,0.2734907865524292,0.45853736996650696,-0.036118388175964355,0.25141388177871704,0.45313939452171326,-0.022991450503468513,0
0.2680664360523224,0.42249706387519836,-4.392867651858978e-07,0.21688099205493927,0.3878493905067444,-0.019050076603889465,0.17348751425743103,0.3380727767944336,-0.03130429610610008,0.15005570650100708,0.2910628616809845,-0.043637391179800034,0.1712530255317688,0.2575039565563202,-0.04912560433149338,0.20961087942123413,0.2529655992984772,-0.005142915528267622,0.18585780262947083,0.21996916830539703,-0.033907048404216766,0.19282251596450806,0.2816162705421448,-0.04731583222746849,0.20293954014778137,0.2884025573730469,-0.05407165735960007,0.24278219044208527,0.2540033757686615,-0.006218066439032555,0.2175380289554596,0.22728733718395233,-0.03541300818324089,0.22240665555000305,0.2954089045524597,-0.036286916583776474,0.23444682359695435,0.29246196150779724,-0.03054461069405079,0.276044636964798,0.26273787021636963,-0.012926353141665459,0.25224560499191284,0.23998627066612244,-0.03761409595608711,0.2516520321369171,0.30243292450904846,-0.021957209333777428,0.26597920060157776,0.3006456196308136,-0.005306433420628309,0.3075551390647888,0.2773361802101135,-0.02213994413614273,0.2813284993171692,0.2664574384689331,-0.030170049518346786,0.2752470076084137,0.30516940355300903,-0.01782257668673992,0.2876737713813782,0.305968701839447,-0.005929379258304834,0
0.20590463280677795,0.48725107312202454,-2.353487928985487e-07,0.1775205135345459,0.40927231311798096,0.015652569010853767,0.1341676265001297,0.3681637644767761,0.015248934738337994,0.09449753165245056,0.36830753087997437,0.011718575842678547,0.06890764832496643,0.39480212330818176,0.006935953162610531,0.09956517070531845,0.3459751307964325,-0.007833427749574184,0.038364216685295105,0.3488619327545166,-0.013710827566683292,0.053309135138988495,0.36769306659698486,-0.015403324738144875,0.07684101909399033,0.3724859952926636,-0.015228219330310822,0.08835264295339584,0.3979853093624115,-0.019638417288661003,0.031174160540103912,0.39639225602149963,-0.01886635646224022,0.049653854221105576,0.4121096432209015,-0.013296423479914665,0.07244449853897095,0.41554343700408936,-0.01083755400031805,0.08442915976047516,0.45168596506118774,-0.028703631833195686,0.03380914032459259,0.4461676776409149,-0.0255216583609581,0.05478143319487572,0.45621296763420105,-0.013390136882662773,0.07721312344074249,0.45831671357154846,-0.007528990972787142,0.08779002726078033,0.5033391714096069,-0.0361766442656517,0.047197625041007996,0.491239994764328,-0.03169252723455429,0.0659342035651207,0.49457696080207825,-0.01707848347723484,0.08523669093847275,0.49620521068573,-0.00672829058021307,0
0.3768426775932312,0.4786585569381714,-3.801437458150758e-07,0.3776312470436096,0.4133831560611725,-0.005536902695894241,0.39538371562957764,0.36564576625823975,-0.0077409520745277405,0.42391151189804077,0.34433531761169434,-0.01281673088669777,0.4492313265800476,0.3546470105648041,-0.015498957596719265,0.4424506723880768,0.3917281925678253,0.013177262619137764,0.46224623918533325,0.3673461079597473,-0.0036528308410197496,0.4348953664302826,0.37808600068092346,-0.014055772684514523,0.4216953217983246,0.3935626149177551,-0.018082400783896446,0.4512445628643036,0.4203113615512848,0.008999072946608067,0.47259700298309326,0.3966464102268219,-0.008063978515565395,0.43839624524116516,0.4108031094074249,-0.012136615812778473,0.4268956780433655,0.42984363436698914,-0.009050456807017326,0.4578462839126587,0.4527016878128052,0.001186483888886869,0.4817649722099304,0.42808157205581665,-0.015912169590592384,0.4470084011554718,0.4375403821468353,-0.009122555144131184,0.4326290488243103,0.45447051525115967,0.0018266397528350353,0.46039965748786926,0.4903014302253723,-0.007537413854151964,0.48267602920532227,0.4636364281177521,-0.015906604006886482,0.4567241072654724,0.4626149535179138,-0.007456341292709112,0.44181618094444275,0.4750211536884308,0.0027148579247295856,0
0.32090821862220764,0.4548404812812805,-2.747664495927893e-07,0.3486996293067932,0.38641202449798584,0.024197936058044434,0.34534552693367004,0.32175353169441223,0.03379526734352112,0.32264286279678345,0.28286564350128174,0.03897741436958313,0.2948419749736786,0.2775232791900635,0.043070290237665176,0.34073740243911743,0.26707541942596436,0.021569622680544853,0.2972952127456665,0.241152822971344,0.030379299074411392,0.29154491424560547,0.26919248700141907,0.03408817946910858,0.29916855692863464,0.2906879186630249,0.03552678972482681,0.30940407514572144,0.26991766691207886,0.010824077762663364,0.2699243724346161,0.2535246014595032,0.02598543092608452,0.2668525278568268,0.28149163722991943,0.03212263435125351,0.2782604992389679,0.30060938000679016,0.032788943499326706,0.27903512120246887,0.2869689166545868,0.0028214184567332268,0.24610523879528046,0.2725551724433899,0.01879865862429142,0.24664628505706787,0.300742506980896,0.02586655505001545,0.2588040828704834,0.3161570727825165,0.025241047143936157,0.2517144978046417,0.31314781308174133,-0.0035091766621917486,0.22831274569034576,0.30049121379852295,0.009287241846323013,0.23321017622947693,0.3259766101837158,0.01919272541999817,0.24471032619476318,0.34113621711730957,0.024568716064095497,0
0.3131621181964874,0.4761689305305481,5.278288028875977e-08,0.255858838558197,0.5212590098381042,-0.018214616924524307,0.22296074032783508,0.5792765021324158,-0.029039205983281136,0.2117241472005844,0.6450297832489014,-0.03526659309864044,0.22122152149677277,0.6835582852363586,-0.03733634948730469,0.29698872566223145,0.6375892162322998,-0.026853274554014206,0.2537332773208618,0.7021063566207886,-0.036192912608385086,0.23848101496696472,0.6649221181869507,-0.04003329575061798,0.2445647120475769,0.6285843253135681,-0.04066241905093193,0.3321089744567871,0.6382384300231934,-0.019587814807891846,0.284397691488266,0.7004837393760681,-0.023945767432451248,0.26687338948249817,0.6708923578262329,-0.023857995867729187,0.2728385329246521,0.6398234963417053,-0.024218237027525902,0.35516250133514404,0.6293337941169739,-0.0122841103002429,0.3096606731414795,0.6855261325836182,-0.013210691511631012,0.2930341362953186,0.6615884900093079,-0.005896433722227812,0.29706791043281555,0.6325441598892212,-0.0021089965011924505,0.370344877243042,0.6155875325202942,-0.0063552167266607285,0.33174729347229004,0.6627079844474792,-0.006604641675949097,0.3169996738433838,0.6454463601112366,0.0006408268236555159,0.31902021169662476,0.6216112971305847,0.006576635409146547,0
0.25817152857780457,0.42714956402778625,-5.128860038894345e-07,0.20108631253242493,0.3952198326587677,-0.024399373680353165,0.1453198790550232,0.32605770230293274,-0.034794487059116364,0.12983182072639465,0.2512190639972687,-0.04568473994731903,0.16889497637748718,0.21928474307060242,-0.04896451532840729,0.17754720151424408,0.23218825459480286,0.002602876164019108,0.16346332430839539,0.17987212538719177,-0.028136618435382843,0.17043516039848328,0.2506765127182007,-0.04052674397826195,0.17670683562755585,0.2625848352909088,-0.046050406992435455,0.21727719902992249,0.22756195068359375,0.0005050460458733141,0.2053220421075821,0.17796102166175842,-0.03276916593313217,0.20924760401248932,0.2642267346382141,-0.031481921672821045,0.21678707003593445,0.26942530274391174,-0.0207004826515913,0.2566700577735901,0.23666857182979584,-0.009503339417278767,0.24743470549583435,0.19429141283035278,-0.04031907394528389,0.24594911932945251,0.27123910188674927,-0.022324049845337868,0.2529193162918091,0.27724674344062805,-0.000745779718272388,0.2972852289676666,0.25295692682266235,-0.02281462773680687,0.2836531698703766,0.2221074402332306,-0.033907804638147354,0.2764438986778259,0.27141299843788147,-0.01872664876282215,0.2810742259025574,0.27871593832969666,-0.003138664411380887,0
0.20895394682884216,0.3899247348308563,1.3041913859979104e-07,0.23746894299983978,0.37461546063423157,-0.02265740931034088,0.2624390125274658,0.370490163564682,-0.042324334383010864,0.2684784233570099,0.4017532169818878,-0.05835132673382759,0.25920891761779785,0.43229132890701294,-0.07427244633436203,0.2105109542608261,0.34212401509284973,-0.0482940636575222,0.24730393290519714,0.3864310383796692,-0.07322242856025696,0.250823438167572,0.3812054991722107,-0.0905824676156044,0.24414967000484467,0.3645975589752197,-0.10235780477523804,0.18786513805389404,0.36677834391593933,-0.04595354571938515,0.2363140881061554,0.41487520933151245,-0.06307220458984375,0.23926585912704468,0.40352943539619446,-0.06798640638589859,0.22778891026973724,0.38523048162460327,-0.07345576584339142,0.17651720345020294,0.39557597041130066,-0.044594161212444305,0.22499065101146698,0.4380561411380768,-0.05644514039158821,0.22793029248714447,0.4257410168647766,-0.05022270604968071,0.21585093438625336,0.4084504544734955,-0.04685144126415253,0.17266029119491577,0.42249664664268494,-0.04626098647713661,0.21144868433475494,0.45173850655555725,-0.056131038814783096,0.21610338985919952,0.4413125216960907,-0.054366979748010635,0.20790325105190277,0.4260457754135132,-0.05256860703229904,0
0.31937506794929504,0.35343265533447266,-8.410228957700383e-08,0.3183668851852417,0.39708131551742554,-0.01323549635708332,0.3204772174358368,0.4298452138900757,-0.02615233138203621,0.32541409134864807,0.4524577856063843,-0.03875979781150818,0.331295371055603,0.444996178150177,-0.049412135034799576,0.39055106043815613,0.4345441460609436,-0.013797230087220669,0.3643619418144226,0.46584010124206543,-0.030111955478787422,0.3470449447631836,0.45102742314338684,-0.040972836315631866,0.3496771454811096,0.4368460476398468,-0.04816273972392082,0.3940165340900421,0.41095489263534546,-0.016485217958688736,0.36083775758743286,0.44430041313171387,-0.029323242604732513,0.3429950773715973,0.4280349612236023,-0.03279426693916321,0.34926268458366394,0.41561898589134216,-0.035164471715688705,0.38851800560951233,0.3865431249141693,-0.021289121359586716,0.3553064465522766,0.41697022318840027,-0.03212163969874382,0.3406943380832672,0.40455058217048645,-0.029739735648036003,0.3465511202812195,0.39316439628601074,-0.028009647503495216,0.3773095905780792,0.36274254322052,-0.027895700186491013,0.3516533076763153,0.38669970631599426,-0.03304177522659302,0.3411312401294708,0.380351185798645,-0.030549518764019012,0.34543660283088684,0.3708028793334961,-0.028582163155078888,0
0.129293292760849,0.38768160343170166,-7.233244758708679e-08,0.10005051642656326,0.38370630145072937,-0.023976219817996025,0.07256631553173065,0.38983064889907837,-0.03862275928258896,0.07590480148792267,0.4113169312477112,-0.05052966624498367,0.09117370843887329,0.4300505816936493,-0.059494078159332275,0.06155848503112793,0.4775763154029846,-0.021842919290065765,0.07005184888839722,0.4857708513736725,-0.046782419085502625,0.07887667417526245,0.45843544602394104,-0.06027593836188316,0.07855936884880066,0.44355538487434387,-0.06632109731435776,0.08905720710754395,0.4952113926410675,-0.018992919474840164,0.10024045407772064,0.49127623438835144,-0.041641104966402054,0.1081860214471817,0.45305678248405457,-0.04591674730181694,0.10481809824705124,0.4426722526550293,-0.044549308717250824,0.11685633659362793,0.49994176626205444,-0.020147446542978287,0.12920771539211273,0.4851195216178894,-0.04138030856847763,0.13074034452438354,0.45059916377067566,-0.038038838654756546,0.12396527081727982,0.44336819648742676,-0.031635310500860214,0.14234322309494019,0.49533504247665405,-0.02358276955783367,0.15169796347618103,0.47886401414871216,-0.03652426227927208,0.14943140745162964,0.4503919780254364,-0.03395334631204605,0.141586571931839,0.44356125593185425,-0.02867664210498333,0
0.3164732754230499,0.28915905952453613,-2.242537107122189e-07,0.34783869981765747,0.24737665057182312,-0.0007354196277447045,0.3810617923736572,0.23534180223941803,-0.002632605377584696,0.40477246046066284,0.2518748939037323,-0.0047248057089746,0.4133794903755188,0.27359461784362793,-0.005395084619522095,0.38920503854751587,0.2706954777240753,-0.007381035014986992,0.4241768717765808,0.27312374114990234,-0.011013989336788654,0.41090935468673706,0.26253241300582886,-0.011377140879631042,0.3954838812351227,0.2612757682800293,-0.010850172489881516,0.3852419853210449,0.30406492948532104,-0.009211525321006775,0.4190025329589844,0.3016563355922699,-0.01087652612477541,0.4081425964832306,0.2898276448249817,-0.00916256196796894,0.3929528594017029,0.2891404330730438,-0.0076021552085876465,0.37967637181282043,0.33017978072166443,-0.010621202178299427,0.40874406695365906,0.3249795138835907,-0.01119018904864788,0.4009048044681549,0.3143047094345093,-0.006981227546930313,0.38725048303604126,0.3129478394985199,-0.004222709685564041,0.3728761672973633,0.3501739203929901,-0.012007112614810467,0.3975631296634674,0.3450653851032257,-0.011748922988772392,0.3917662799358368,0.3359012007713318,-0.006722177844494581,0.3794623613357544,0.3346823453903198,-0.0026177612598985434,0
0.3803522288799286,0.41725534200668335,-2.3106653657123388e-07,0.40370309352874756,0.4153745174407959,-0.017613625153899193,0.42717257142066956,0.42331868410110474,-0.028584998100996017,0.43419915437698364,0.4368774890899658,-0.037302132695913315,0.42463207244873047,0.4518064856529236,-0.04271605238318443,0.42989519238471985,0.5021018385887146,-0.014825203455984592,0.4253063201904297,0.47641703486442566,-0.029319031164050102,0.41869279742240906,0.45290324091911316,-0.03703635185956955,0.4204258918762207,0.4533631503582001,-0.04191657900810242,0.40917688608169556,0.515070378780365,-0.013454149477183819,0.40315893292427063,0.481572687625885,-0.027333298698067665,0.3991941511631012,0.45508360862731934,-0.03015967831015587,0.40311339497566223,0.46109628677368164,-0.03046540543437004,0.3875400424003601,0.516360342502594,-0.014625512063503265,0.38181567192077637,0.4840157926082611,-0.027806155383586884,0.38090118765830994,0.4615687429904938,-0.024590201675891876,0.3855135440826416,0.46798646450042725,-0.020833328366279602,0.3669658303260803,0.5102142095565796,-0.01783156581223011,0.3623605966567993,0.4830893278121948,-0.02617865800857544,0.3634182810783386,0.46543362736701965,-0.024675043299794197,0.36758652329444885,0.46967828273773193,-0.02183956652879715,0
0.2754392921924591,0.4339204430580139,-3.3385806119667905e-08,0.24320022761821747,0.4026690125465393,-0.0040978905744850636,0.20665842294692993,0.3926134705543518,-0.007933306507766247,0.1781405806541443,0.4080796539783478,-0.010021071881055832,0.1702534407377243,0.4290921688079834,-0.010997465811669827,0.2083008885383606,0.4332176148891449,-0.017626551911234856,0.17262443900108337,0.4426057040691376,-0.023862525820732117,0.18395672738552094,0.4314475655555725,-0.02561708353459835,0.19848480820655823,0.4261587858200073,-0.025348488241434097,0.2175649106502533,0.46460625529289246,-0.01757257618010044,0.180843785405159,0.46980658173561096,-0.018786901608109474,0.18987654149532318,0.45780250430107117,-0.016387438401579857,0.2032431811094284,0.45448413491249084,-0.015342012979090214,0.22755123674869537,0.4890945851802826,-0.016706816852092743,0.1963174194097519,0.4899406433105469,-0.015374359674751759,0.20378738641738892,0.4784615933895111,-0.00916664581745863,0.21540042757987976,0.47498756647109985,-0.006495434325188398,0.2376871556043625,0.5077027082443237,-0.01603076048195362,0.21202875673770905,0.5054422616958618,-0.014136161655187607,0.2180674523115158,0.49469470977783203,-0.00770785054191947,0.2279076725244522,0.4916529357433319,-0.0034923339262604713,0
0.3496737480163574,0.3974649906158447,-2.051052376828011e-07,0.3652026653289795,0.3697371780872345,-0.011130709201097488,0.3921906054019928,0.34757429361343384,-0.0162371713668108,0.414449006319046,0.3527998626232147,-0.02125045284628868,0.4180336594581604,0.37999504804611206,-0.02330549620091915,0.42488470673561096,0.37914836406707764,0.000500122201628983,0.43933990597724915,0.38582295179367065,-0.013665551319718361,0.42217835783958435,0.3814358115196228,-0.019719470292329788,0.4165225327014923,0.3796861171722412,-0.022104518488049507,0.4210696816444397,0.40700700879096985,-0.0011252088006585836,0.4363817870616913,0.4146132171154022,-0.01669495366513729,0.4109804332256317,0.4046028256416321,-0.017284544184803963,0.40734705328941345,0.40276095271110535,-0.012781799770891666,0.41244447231292725,0.4319000840187073,-0.006254798732697964,0.4221765995025635,0.43991246819496155,-0.021461576223373413,0.401248037815094,0.4280528128147125,-0.01590963453054428,0.40086889266967773,0.4249337911605835,-0.007616936694830656,0.3996806740760803,0.4551383852958679,-0.012741036713123322,0.40855875611305237,0.46050992608070374,-0.02041611820459366,0.3949744701385498,0.449699342250824,-0.015571609139442444,0.3934488892555237,0.4450344145298004,-0.009550190530717373,0
0.31718119978904724,0.4590710997581482,-3.130232784087639e-08,0.2758605480194092,0.47634729743003845,-0.0021903824526816607,0.25243598222732544,0.5138046145439148,-0.0028309503104537725,0.24992229044437408,0.5516400933265686,-0.002804802032187581,0.2614070177078247,0.5640863180160522,-0.0021672819275408983,0.280477374792099,0.5599618554115295,-0.005632590036839247,0.2668885886669159,0.5857411026954651,-0.008672777563333511,0.2641308307647705,0.5672008991241455,-0.011859818361699581,0.2683475911617279,0.5506457090377808,-0.013731161132454872,0.30454757809638977,0.5631106495857239,-0.00593662029132247,0.2883375883102417,0.5871908664703369,-0.0041939979419112206,0.28329765796661377,0.5723535418510437,-0.003907274920493364,0.28725528717041016,0.5565975904464722,-0.005042487755417824,0.32431185245513916,0.5583974719047546,-0.00590799143537879,0.30869776010513306,0.5768543481826782,-0.003474750090390444,0.30359598994255066,0.5647304654121399,-0.0008438786608166993,0.30644533038139343,0.5500199198722839,-0.0007434189319610596,0.34041628241539,0.5493809580802917,-0.006106863263994455,0.32676932215690613,0.5624174475669861,-0.003981361631304026,0.3221762776374817,0.5517392754554749,0.00010389792441856116,0.3242858946323395,0.5391640663146973,0.0027478563133627176,0
0.28285908699035645,0.4550558924674988,-2.477197824646282e-07,0.24469949305057526,0.43719300627708435,-0.015198750421404839,0.21644851565361023,0.416639119386673,-0.02702522836625576,0.19827264547348022,0.39828047156333923,-0.03803127631545067,0.21259871125221252,0.3985142707824707,-0.04633485898375511,0.2542133927345276,0.3440936803817749,-0.013364650309085846,0.2235778421163559,0.35786008834838867,-0.029350701719522476,0.22366218268871307,0.38616740703582764,-0.03841087594628334,0.23236531019210815,0.3927747309207916,-0.043049901723861694,0.27554452419281006,0.3496042788028717,-0.013725648634135723,0.2421882301568985,0.3764652609825134,-0.027569888159632683,0.24278292059898376,0.4029253125190735,-0.02902860753238201,0.2531420588493347,0.40368783473968506,-0.02771698497235775,0.2938053607940674,0.3661743998527527,-0.016808096319437027,0.2624150216579437,0.3950800597667694,-0.029474355280399323,0.260610967874527,0.41557249426841736,-0.02533002384006977,0.2702378034591675,0.4144384264945984,-0.01959657296538353,0.30813539028167725,0.38841065764427185,-0.02184828743338585,0.28299766778945923,0.4098207950592041,-0.026850707828998566,0.2783428430557251,0.4237629175186157,-0.02282910980284214,0.2847849428653717,0.42657485604286194,-0.017835037782788277,0
0.1787034571170807,0.4406534433364868,-5.987797635498282e-08,0.21608757972717285,0.3844027817249298,0.00015125774370972067,0.23039497435092926,0.3198828101158142,-0.002148801228031516,0.207950621843338,0.2721238136291504,-0.002544859889894724,0.17865261435508728,0.27022919058799744,-0.0028772929217666388,0.18476130068302155,0.27412042021751404,-0.014930528588593006,0.16557428240776062,0.24255532026290894,-0.013998601585626602,0.17213167250156403,0.2645813226699829,-0.01275782659649849,0.18056105077266693,0.28541234135627747,-0.011879186145961285,0.145717591047287,0.28949305415153503,-0.015573009848594666,0.13553689420223236,0.25673532485961914,-0.007019630633294582,0.14259463548660278,0.275847464799881,-0.0013363928301259875,0.14922280609607697,0.298452764749527,-0.0005342274671420455,0.11390708386898041,0.3132563829421997,-0.014135684818029404,0.11108854413032532,0.2852245569229126,-0.00464028911665082,0.11935105919837952,0.3018583059310913,0.0026979143731296062,0.12691955268383026,0.3245185613632202,0.0036997480783611536,0.08941975980997086,0.34058451652526855,-0.012420756742358208,0.08951655775308609,0.3136211335659027,-0.003984698094427586,0.09827277064323425,0.32932499051094055,0.005727962125092745,0.10441076755523682,0.34728920459747314,0.011534685268998146,0
0.36090087890625,0.46322914958000183,-1.1142513045570013e-07,0.34132033586502075,0.4006046950817108,-0.0009332762565463781,0.3041248321533203,0.3532204031944275,-0.005514986347407103,0.26630842685699463,0.33981743454933167,-0.009010291658341885,0.24683460593223572,0.36017027497291565,-0.011916826479136944,0.28828075528144836,0.374894917011261,-0.024028442800045013,0.23899415135383606,0.3676227033138275,-0.033148862421512604,0.2562999129295349,0.37268170714378357,-0.035894811153411865,0.275192528963089,0.3757612407207489,-0.036060258746147156,0.2838435769081116,0.41983523964881897,-0.02764558605849743,0.2348121553659439,0.40662896633148193,-0.03223951905965805,0.2519872188568115,0.40824875235557556,-0.028605666011571884,0.271315336227417,0.4132626950740814,-0.026171373203396797,0.28185370564460754,0.46020036935806274,-0.029840316623449326,0.24197740852832794,0.44506436586380005,-0.030343711376190186,0.25695276260375977,0.4426073133945465,-0.021058907732367516,0.27367228269577026,0.44534069299697876,-0.01592887006700039,0.2827449142932892,0.49449020624160767,-0.03189823031425476,0.2501710057258606,0.4776459336280823,-0.029292836785316467,0.26215195655822754,0.47468334436416626,-0.019008005037903786,0.2754496932029724,0.4781237840652466,-0.012217797338962555,0
0.19695715606212616,0.4917008876800537,-4.7633431421445493e-08,0.22469094395637512,0.43526142835617065,-0.0032663983292877674,0.23185938596725464,0.36702367663383484,-0.006808285601437092,0.2092733234167099,0.3183225989341736,-0.0086233951151371,0.18056197464466095,0.31943854689598083,-0.010196240618824959,0.18588785827159882,0.336513876914978,-0.013574015349149704,0.1657801866531372,0.30215150117874146,-0.017957864329218864,0.17256790399551392,0.3237818777561188,-0.021348940208554268,0.18313166499137878,0.34308645129203796,-0.022994467988610268,0.15138889849185944,0.35916122794151306,-0.014040874317288399,0.13607151806354523,0.3197935223579407,-0.012399563565850258,0.14462929964065552,0.3392220735549927,-0.009918893687427044,0.15344937145709991,0.36202481389045715,-0.009382210671901703,0.12311112880706787,0.387245237827301,-0.013525519520044327,0.11404696106910706,0.3532942533493042,-0.010261453688144684,0.1245320588350296,0.3685978353023529,-0.003719672793522477,0.13395987451076508,0.3893583118915558,-0.0011832598829641938,0.10177077353000641,0.4166220724582672,-0.013045787811279297,0.09644154459238052,0.3839157819747925,-0.008615211583673954,0.10633288323879242,0.39712661504745483,0.0006747597362846136,0.11371402442455292,0.4129681885242462,0.0070917364209890366,0
0.14445148408412933,0.46823546290397644,-4.0755813301984745e-07,0.09643825143575668,0.39579203724861145,-0.002455290174111724,0.08404931426048279,0.32414737343788147,-0.005219322629272938,0.10642430186271667,0.2739027738571167,-0.007146991323679686,0.1332426220178604,0.2618471086025238,-0.007322189398109913,0.15514729917049408,0.2862628698348999,-0.010525346733629704,0.15310975909233093,0.24156394600868225,-0.008742758072912693,0.13864010572433472,0.2650538980960846,-0.00645757419988513,0.13321202993392944,0.2933054268360138,-0.0059998612850904465,0.19393430650234222,0.3060840368270874,-0.011157109402120113,0.18080036342144012,0.2701624035835266,-0.0034750804770737886,0.16473838686943054,0.29102015495300293,0.0012801534030586481,0.1620783805847168,0.3165665566921234,0.0008828134159557521,0.2219831943511963,0.33372169733047485,-0.010712489485740662,0.2080768346786499,0.30093562602996826,-0.006105208303779364,0.1920790672302246,0.3172678053379059,-0.0003249027649872005,0.1863161325454712,0.3422945439815521,0.00016371694800909609,0.2418576031923294,0.3645389974117279,-0.010271142236888409,0.23295435309410095,0.33340319991111755,-0.0079706571996212,0.21887144446372986,0.34564894437789917,-0.001099536195397377,0.2127358615398407,0.3666190207004547,0.003498875070363283,0
0.0031938552856445312,0.5090147852897644,-1.5301674238799023e-07,0.012654222548007965,0.4340418875217438,-0.0008913601050153375,0.049658019095659256,0.37203115224838257,-0.013570524752140045,0.09269610792398453,0.3417389392852783,-0.026633579283952713,0.11932574212551117,0.3269217014312744,-0.03677875176072121,0.05465992912650108,0.3410298824310303,-0.04157746583223343,0.14203228056430817,0.3459811210632324,-0.06161578372120857,0.1321028470993042,0.37548309564590454,-0.06577309966087341,0.10807028412818909,0.38251835107803345,-0.06640186160802841,0.0632687360048294,0.3867018222808838,-0.05225079506635666,0.15192966163158417,0.3920511305332184,-0.06425346434116364,0.13617588579654694,0.41711530089378357,-0.055349744856357574,0.11026610434055328,0.4214094877243042,-0.05093982070684433,0.07271181046962738,0.438484251499176,-0.06190819665789604,0.15270131826400757,0.4370504319667816,-0.06856103241443634,0.1343783736228943,0.4574897587299347,-0.05044678598642349,0.10942651331424713,0.46166276931762695,-0.04050973057746887,0.08155391365289688,0.49086564779281616,-0.07181467115879059,0.14844268560409546,0.4823877215385437,-0.07243955880403519,0.13338835537433624,0.49463945627212524,-0.057569120079278946,0.10983218252658844,0.4984052777290344,-0.048182226717472076,0
0.2862968444824219,0.43227049708366394,-2.249873460868912e-07,0.31239163875579834,0.5003900527954102,-0.011016786098480225,0.3392321765422821,0.5368735194206238,-0.025706768035888672,0.3589245080947876,0.5615051984786987,-0.04127021133899689,0.3684453070163727,0.5691494941711426,-0.05341067537665367,0.42539510130882263,0.4700738191604614,-0.015827681869268417,0.41746363043785095,0.5432976484298706,-0.037020061165094376,0.37923306226730347,0.5418019890785217,-0.04697854444384575,0.3728305697441101,0.5167518854141235,-0.05343775451183319,0.4214743971824646,0.4416143000125885,-0.023342231288552284,0.4056999981403351,0.527639627456665,-0.04246059060096741,0.3633468747138977,0.5260477066040039,-0.04427267611026764,0.36389368772506714,0.5003140568733215,-0.044588323682546616,0.4049159288406372,0.4199812412261963,-0.03279929608106613,0.3892362713813782,0.5013813376426697,-0.050634995102882385,0.35210904479026794,0.5004099607467651,-0.042554501444101334,0.35189494490623474,0.4745575189590454,-0.03605077415704727,0.38068997859954834,0.40419721603393555,-0.04359471797943115,0.3729322850704193,0.46571826934814453,-0.05285290256142616,0.3487614095211029,0.4695059359073639,-0.04511294513940811,0.3460327386856079,0.4500720500946045,-0.03858746588230133,0
0.07863044738769531,0.48851463198661804,9.524044912723184e-07,0.12271654605865479,0.5007403492927551,-0.031087800860404968,0.15495193004608154,0.5064234733581543,-0.057850323617458344,0.1335565149784088,0.5118107795715332,-0.0851348489522934,0.09918059408664703,0.5103858709335327,-0.11287523061037064,0.16957950592041016,0.37715569138526917,-0.055589355528354645,0.21507102251052856,0.31776800751686096,-0.09450181573629379,0.2452789843082428,0.2805730700492859,-0.11639046669006348,0.26486876606941223,0.24423807859420776,-0.1282578855752945,0.11592111736536026,0.3428715467453003,-0.06324426084756851,0.12396085262298584,0.295903742313385,-0.10566385090351105,0.12723258137702942,0.258716881275177,-0.12605756521224976,0.1260303109884262,0.22014965116977692,-0.1330985426902771,0.06526510417461395,0.34418773651123047,-0.07310976833105087,0.06345248222351074,0.4028368592262268,-0.12128804624080658,0.08134827017784119,0.46952900290489197,-0.1278938502073288,0.0958966314792633,0.5050951838493347,-0.11868048459291458,0.024775221943855286,0.37180835008621216,-0.08535666018724442,0.03252248466014862,0.4349302649497986,-0.1180977001786232,0.05711221322417259,0.4857017397880554,-0.11680282652378082,0.07924532145261765,0.5139318108558655,-0.10660357028245926,2
0.2658764123916626,0.44619545340538025,-2.3726647668809164e-07,0.3249821066856384,0.4474315941333771,-0.01220922265201807,0.3768044114112854,0.43372082710266113,-0.026448022574186325,0.40877240896224976,0.41318705677986145,-0.04166636988520622,0.39132919907569885,0.39280277490615845,-0.05317124351859093,0.36425963044166565,0.283313125371933,-0.012042209506034851,0.4129539728164673,0.3227064609527588,-0.03882401064038277,0.3929405212402344,0.37387803196907043,-0.05470932275056839,0.37391626834869385,0.37710458040237427,-0.06457322835922241,0.3367049992084503,0.2672785818576813,-0.021013159304857254,0.38712382316589355,0.32426008582115173,-0.04550560936331749,0.36432570219039917,0.37968572974205017,-0.05147584155201912,0.3474169969558716,0.3736068606376648,-0.05323459580540657,0.30770793557167053,0.2725439667701721,-0.032807786017656326,0.35451677441596985,0.3326191306114197,-0.05418884754180908,0.33427074551582336,0.3799345791339874,-0.04791918396949768,0.3170129358768463,0.3698258697986603,-0.04150455817580223,0.2806292772293091,0.29222285747528076,-0.046545520424842834,0.31840166449546814,0.3421693742275238,-0.05764206126332283,0.30746397376060486,0.37526214122772217,-0.05128978565335274,0.29279348254203796,0.3678853213787079,-0.04505970701575279,0
0.18560442328453064,0.3876562714576721,-1.778108185135352e-07,0.24332275986671448,0.44729897379875183,-0.01596318557858467,0.2900597155094147,0.4921645224094391,-0.035679593682289124,0.32431530952453613,0.519060492515564,-0.05635600537061691,0.3130333125591278,0.5051647424697876,-0.07380340248346329,0.3523314297199249,0.37516626715660095,-0.028337664902210236,0.35250604152679443,0.45155608654022217,-0.056019414216279984,0.3172960877418518,0.47146525979042053,-0.07053066045045853,0.3024471700191498,0.4566194415092468,-0.08033599704504013,0.32427677512168884,0.3349890410900116,-0.038322314620018005,0.31566959619522095,0.429703950881958,-0.06562478840351105,0.2794855237007141,0.45198777318000793,-0.07393559068441391,0.2741386294364929,0.4302409887313843,-0.07922791689634323,0.28620195388793945,0.31316709518432617,-0.05016537383198738,0.27214768528938293,0.41023167967796326,-0.07384586334228516,0.24383310973644257,0.4278114140033722,-0.07186614722013474,0.2406494915485382,0.400029718875885,-0.0694965198636055,0.24550841748714447,0.30342334508895874,-0.06405079364776611,0.23487985134124756,0.38129058480262756,-0.07748808711767197,0.22242125868797302,0.4015881419181824,-0.07468240708112717,0.22182902693748474,0.38425618410110474,-0.071711964905262,0
0.05391978099942207,0.5093151330947876,1.6866812302396283e-07,0.10438238084316254,0.5151476860046387,-0.032090265303850174,0.15913718938827515,0.5121874809265137,-0.06348737329244614,0.1692838966846466,0.491536021232605,-0.09310327470302582,0.13822969794273376,0.47494617104530334,-0.12158377468585968,0.14901314675807953,0.34303903579711914,-0.05959397554397583,0.16285184025764465,0.28069180250167847,-0.09496797621250153,0.16989800333976746,0.22920434176921844,-0.11832427233457565,0.17445291578769684,0.18243159353733063,-0.13682758808135986,0.09278009831905365,0.308406800031662,-0.06384722143411636,0.10514021664857864,0.3893492817878723,-0.10378075391054153,0.11482003331184387,0.45695871114730835,-0.11233659088611603,0.12084504216909409,0.4786408841609955,-0.11448414623737335,0.04238245263695717,0.32720550894737244,-0.07033993303775787,0.06507880985736847,0.43858397006988525,-0.09795226156711578,0.07645843923091888,0.47085797786712646,-0.08620680123567581,0.0798974260687828,0.46058985590934753,-0.07729820907115936,0.0008148699998855591,0.3703173100948334,-0.08158162236213684,0.02249186486005783,0.4641830623149872,-0.10165861248970032,0.041403044015169144,0.4889950454235077,-0.0958007425069809,0.04971803352236748,0.4751438498497009,-0.08829183131456375,1
0.2688370943069458,0.6046707630157471,5.188310865378298e-07,0.321995347738266,0.6119844913482666,-0.013997436501085758,0.3641906976699829,0.5971179008483887,-0.02785404771566391,0.39378952980041504,0.5830044150352478,-0.0438084602355957,0.39469191431999207,0.5615347623825073,-0.05721099674701691,0.3792417645454407,0.4892837107181549,-0.022450722754001617,0.4244048595428467,0.4490430951118469,-0.044511329382658005,0.45150917768478394,0.4221073389053345,-0.05839242413640022,0.47352758049964905,0.39693665504455566,-0.06706465035676956,0.35043320059776306,0.46953284740448,-0.03245273232460022,0.38628384470939636,0.41280803084373474,-0.05939963087439537,0.41632163524627686,0.38210707902908325,-0.07363180816173553,0.43907099962234497,0.35643911361694336,-0.08012518286705017,0.3209412395954132,0.4740981161594391,-0.04357992112636566,0.3668464720249176,0.4953019618988037,-0.07496784627437592,0.3723646402359009,0.5446182489395142,-0.07781956344842911,0.36702096462249756,0.5744236707687378,-0.07143088430166245,0.29745909571647644,0.5010930895805359,-0.056323591619729996,0.3394739627838135,0.5434908866882324,-0.07817864418029785,0.3465423285961151,0.5790183544158936,-0.07792462408542633,0.3424668610095978,0.5977073311805725,-0.07221589982509613,2
0.2104504406452179,0.5375604629516602,-2.725073500187136e-07,0.2658924460411072,0.5284914970397949,-0.011588105000555515,0.3141095042228699,0.4988569915294647,-0.02383916825056076,0.3396587669849396,0.470014363527298,-0.03720971941947937,0.32474905252456665,0.4446799159049988,-0.046985168009996414,0.2925229072570801,0.3539465367794037,-0.008484096266329288,0.33905312418937683,0.37772494554519653,-0.035823628306388855,0.3310568928718567,0.43042027950286865,-0.05372683331370354,0.31588172912597656,0.4480411112308502,-0.06417684257030487,0.2613700330257416,0.34105387330055237,-0.01650712452828884,0.30956757068634033,0.3847944140434265,-0.04126470535993576,0.2972455322742462,0.4439642131328583,-0.049455270171165466,0.2802056074142456,0.4511738121509552,-0.05216475948691368,0.2304714322090149,0.3524239957332611,-0.027648773044347763,0.27734455466270447,0.40101367235183716,-0.04905753582715988,0.26621076464653015,0.45265090465545654,-0.044504787772893906,0.24909380078315735,0.4529564678668976,-0.03875315189361572,0.20308876037597656,0.37959712743759155,-0.040713079273700714,0.24054686725139618,0.4265633523464203,-0.05268796905875206,0.2366761863231659,0.4605107009410858,-0.048168107867240906,0.2236851304769516,0.45614826679229736,-0.04273645952343941,0
0.3273254632949829,0.5253280997276306,-2.0385246557452774e-07,0.3800794184207916,0.5206282734870911,-0.0048158615827560425,0.418639212846756,0.5048661828041077,-0.014285437762737274,0.44445616006851196,0.4887336492538452,-0.026002394035458565,0.43814170360565186,0.4695611596107483,-0.03496772050857544,0.4027037024497986,0.38177332282066345,-0.00283274007961154,0.4472403824329376,0.4106731116771698,-0.022759974002838135,0.4336969256401062,0.4531952142715454,-0.03481157496571541,0.4171611964702606,0.45746487379074097,-0.04199979826807976,0.38412392139434814,0.37419721484184265,-0.011967838741838932,0.4339146614074707,0.41654494404792786,-0.029423845931887627,0.4165259599685669,0.46215757727622986,-0.032954610884189606,0.39964574575424194,0.4594030976295471,-0.0334322564303875,0.365050733089447,0.38304269313812256,-0.023259466513991356,0.4117545783519745,0.426811158657074,-0.039070975035429,0.39670994877815247,0.46778321266174316,-0.03289210423827171,0.38077059388160706,0.46412789821624756,-0.026794549077749252,0.3469403386116028,0.4045061767101288,-0.03570163622498512,0.3851512670516968,0.4388536214828491,-0.04320535808801651,0.37665241956710815,0.46810033917427063,-0.036223720759153366,0.3625706434249878,0.46721455454826355,-0.029820522293448448,0
0.17397277057170868,0.5540149211883545,-8.117526562045896e-08,0.23235425353050232,0.5662899613380432,-0.0006809151382185519,0.2793492078781128,0.6199886798858643,-0.017429133877158165,0.29615771770477295,0.6863176822662354,-0.034683164209127426,0.2949051558971405,0.7293639183044434,-0.04983988776803017,0.31060990691185,0.5953037738800049,-0.05231037363409996,0.3223162293434143,0.7041460275650024,-0.07366488873958588,0.29536300897598267,0.7035948038101196,-0.07894401252269745,0.28566503524780273,0.6779816746711731,-0.08154460787773132,0.27645689249038696,0.5991356372833252,-0.06597629934549332,0.28313708305358887,0.721368134021759,-0.0792372077703476,0.26172295212745667,0.7067149877548218,-0.07113796472549438,0.25701069831848145,0.6736013889312744,-0.06907230615615845,0.2367786467075348,0.6109399795532227,-0.0780094563961029,0.24281182885169983,0.7240732312202454,-0.0841609537601471,0.22669027745723724,0.7016865611076355,-0.06738864630460739,0.22337667644023895,0.6679863333702087,-0.06016221642494202,0.19685134291648865,0.626826286315918,-0.09060189127922058,0.20738288760185242,0.7177968621253967,-0.08934206515550613,0.19734257459640503,0.6986669898033142,-0.07508176565170288,0.19371546804904938,0.6670898795127869,-0.0680360421538353,0
0.25234970450401306,0.5079661011695862,-4.654051721786345e-08,0.20617900788784027,0.4863791763782501,-0.034914758056402206,0.16028933227062225,0.4787258505821228,-0.05973135679960251,0.16653217375278473,0.46774521470069885,-0.07826255261898041,0.19879460334777832,0.4599132239818573,-0.09337268024682999,0.19256991147994995,0.6086893677711487,-0.06097355857491493,0.21843843162059784,0.5065649151802063,-0.09381293505430222,0.20888486504554749,0.47536444664001465,-0.1128067746758461,0.19681870937347412,0.4867335855960846,-0.12486233562231064,0.24142880737781525,0.6265097856521606,-0.05755400285124779,0.25997620820999146,0.5112465023994446,-0.08056244254112244,0.24285444617271423,0.49107691645622253,-0.08480159193277359,0.2302306443452835,0.5104936957359314,-0.09011748433113098,0.28375786542892456,0.6211261749267578,-0.05657139793038368,0.29302656650543213,0.5092862248420715,-0.07269421219825745,0.276889443397522,0.49380624294281006,-0.06474683433771133,0.2667871117591858,0.5177003145217896,-0.06127702444791794,0.3181004226207733,0.602898895740509,-0.06014993041753769,0.31960421800613403,0.5192158222198486,-0.07139481604099274,0.30506467819213867,0.5031417012214661,-0.06851024180650711,0.29570141434669495,0.5216593146324158,-0.06657297164201736,0
0.12924706935882568,0.4739009141921997,-3.8161206816766935e-07,0.07573947310447693,0.4075809121131897,-0.0038422488141804934,0.0458565279841423,0.33201321959495544,-0.010613443329930305,0.04891764372587204,0.25947070121765137,-0.016360267996788025,0.07339373230934143,0.24504631757736206,-0.019439512863755226,0.11314456909894943,0.2855612635612488,-0.014295299537479877,0.11684125661849976,0.22765526175498962,-0.015327638946473598,0.10576736927032471,0.25483614206314087,-0.013305681757628918,0.09977898001670837,0.28619125485420227,-0.012549079954624176,0.15752780437469482,0.2994196116924286,-0.015892328694462776,0.1550920307636261,0.24814820289611816,-0.01101621426641941,0.1432848572731018,0.27176162600517273,-0.005624878685921431,0.139395073056221,0.3008381128311157,-0.0048864614218473434,0.19375059008598328,0.3215530216693878,-0.016349801793694496,0.18977642059326172,0.27856355905532837,-0.012000998482108116,0.1776971071958542,0.29760706424713135,-0.0037615217734128237,0.17167790234088898,0.32448965311050415,-0.0015054504619911313,0.22114455699920654,0.34871360659599304,-0.016895068809390068,0.2160482257604599,0.31305357813835144,-0.012498301453888416,0.2035684883594513,0.32971906661987305,-0.0030496828258037567,0.19912782311439514,0.35242146253585815,0.002880597021430731,0
0.16913804411888123,0.472353994846344,-2.394517366610671e-07,0.11915063112974167,0.40403950214385986,-0.0036661222111433744,0.10585717856884003,0.31908783316612244,-0.007353685330599546,0.12437216937541962,0.2518255114555359,-0.007197153754532337,0.13922931253910065,0.2136709988117218,-0.007846157997846603,0.15584751963615417,0.316745400428772,-0.036142200231552124,0.15408101677894592,0.219706729054451,-0.04161316901445389,0.15479139983654022,0.1702992469072342,-0.04161607474088669,0.15683066844940186,0.13066750764846802,-0.04283520579338074,0.20245561003684998,0.322861909866333,-0.033943090587854385,0.1814367026090622,0.24484577775001526,-0.03444056212902069,0.16373875737190247,0.2668183445930481,-0.023292558267712593,0.15884441137313843,0.29670950770378113,-0.0170305036008358,0.2354937195777893,0.33821335434913635,-0.029460130259394646,0.2081456035375595,0.2764049172401428,-0.028449220582842827,0.19176892936229706,0.2930368185043335,-0.01603463850915432,0.1876232624053955,0.32082492113113403,-0.010061086155474186,0.2593727111816406,0.3546856641769409,-0.024562997743487358,0.2353563755750656,0.30540716648101807,-0.02334493398666382,0.21945969760417938,0.3185693323612213,-0.014518878422677517,0.21558839082717896,0.34225401282310486,-0.008972549811005592,1
0.21670205891132355,0.3400541841983795,1.3478049254445068e-07,0.26219940185546875,0.296840637922287,0.004823791794478893,0.312023401260376,0.27350911498069763,-0.008871437050402164,0.3509197235107422,0.29130297899246216,-0.026897039264440536,0.3751235008239746,0.3255506753921509,-0.044622763991355896,0.33673256635665894,0.21710684895515442,-0.028919633477926254,0.40348100662231445,0.21602052450180054,-0.05142025277018547,0.43585145473480225,0.2493075132369995,-0.06325214356184006,0.45240339636802673,0.2860828936100006,-0.06967365741729736,0.32348185777664185,0.24134492874145508,-0.044338926672935486,0.3850573003292084,0.3291773498058319,-0.0646621510386467,0.3652440905570984,0.35131534934043884,-0.06453531235456467,0.3513436019420624,0.3369467556476593,-0.06384667754173279,0.31046682596206665,0.282200425863266,-0.05847573280334473,0.3632454574108124,0.3660813868045807,-0.0699983760714531,0.3391271233558655,0.37177491188049316,-0.05752279609441757,0.32322588562965393,0.3517776429653168,-0.04981040582060814,0.29896244406700134,0.3273526430130005,-0.07324938476085663,0.3412000238895416,0.39215102791786194,-0.07341110706329346,0.32151132822036743,0.3976295590400696,-0.058349933475255966,0.30622395873069763,0.3828206956386566,-0.04746214300394058,1
0.20907942950725555,0.23477604985237122,1.2488796130583069e-07,0.262042760848999,0.2828925549983978,-0.0018628363031893969,0.30174893140792847,0.3201103210449219,-0.02229032665491104,0.3232305943965912,0.3576020300388336,-0.04750404879450798,0.3255126476287842,0.3751377463340759,-0.0723714679479599,0.3567614257335663,0.24260856211185455,-0.03353220224380493,0.39510127902030945,0.28255966305732727,-0.06667786091566086,0.40129804611206055,0.33626699447631836,-0.08710290491580963,0.39673149585723877,0.3810034990310669,-0.0987648144364357,0.333365261554718,0.214302659034729,-0.05020024999976158,0.32721826434135437,0.3289913535118103,-0.0812559574842453,0.2968708872795105,0.3429536521434784,-0.08531486243009567,0.28939974308013916,0.3242219090461731,-0.08630520105361938,0.2971269190311432,0.20422759652137756,-0.06745640188455582,0.2838069200515747,0.3236796259880066,-0.09213085472583771,0.26193082332611084,0.32202059030532837,-0.08299901336431503,0.2587014138698578,0.2932888865470886,-0.07498183846473694,0.2597045600414276,0.20665335655212402,-0.08595337718725204,0.2514316439628601,0.30236199498176575,-0.09723591059446335,0.23811836540699005,0.30406150221824646,-0.08669385313987732,0.23503932356834412,0.27721545100212097,-0.07766471058130264,1
0.1418696939945221,0.4004128575325012,-7.135963642213028e-08,0.20036299526691437,0.4330887198448181,-0.02258138172328472,0.24474620819091797,0.45800596475601196,-0.048493608832359314,0.2804134488105774,0.474672794342041,-0.07426070421934128,0.2822219133377075,0.4684399366378784,-0.09696104377508163,0.29235437512397766,0.30799391865730286,-0.04115994647145271,0.3200739026069641,0.399445116519928,-0.07350602746009827,0.29054805636405945,0.42931270599365234,-0.09151523560285568,0.2721932828426361,0.41328108310699463,-0.10365414619445801,0.2566480040550232,0.28686055541038513,-0.048798736184835434,0.27899059653282166,0.4039723575115204,-0.07770334184169769,0.24979828298091888,0.4287342429161072,-0.08532867580652237,0.23732712864875793,0.40484142303466797,-0.09115983545780182,0.2150658518075943,0.28849637508392334,-0.0588843896985054,0.22908084094524384,0.4054945409297943,-0.08094674348831177,0.2063579261302948,0.42101457715034485,-0.07755225896835327,0.1966996043920517,0.39376384019851685,-0.07588541507720947,0.1733752340078354,0.303290456533432,-0.07198687642812729,0.18382003903388977,0.3989580571651459,-0.08447340875864029,0.17589640617370605,0.41338300704956055,-0.0831790491938591,0.17155712842941284,0.3925023376941681,-0.08221098780632019,0
0.10358984023332596,0.4614578187465668,8.51236734433769e-07,0.15897634625434875,0.48148679733276367,-0.025034373626112938,0.2145041823387146,0.4851289987564087,-0.043277040123939514,0.2170010656118393,0.4643084704875946,-0.061489831656217575,0.18444687128067017,0.4341975450515747,-0.08176997303962708,0.2653818130493164,0.3510971665382385,-0.03664456680417061,0.3279600739479065,0.3128542900085449,-0.06098916754126549,0.3665119707584381,0.28847450017929077,-0.07811486721038818,0.39937204122543335,0.25823721289634705,-0.09108730405569077,0.2249836027622223,0.307275652885437,-0.0475601889193058,0.26718226075172424,0.2291875183582306,-0.07261279225349426,0.2986958622932434,0.18066614866256714,-0.09810012578964233,0.3238886296749115,0.13086840510368347,-0.11613243818283081,0.1741715967655182,0.2989785969257355,-0.059997569769620895,0.18565092980861664,0.2678338587284088,-0.09830671548843384,0.20782923698425293,0.2519662380218506,-0.13108308613300323,0.22572031617164612,0.22799761593341827,-0.15079960227012634,0.12297908961772919,0.31644609570503235,-0.07308734953403473,0.14533057808876038,0.36018532514572144,-0.11007338762283325,0.1568754017353058,0.41640743613243103,-0.12748515605926514,0.16249459981918335,0.4546651840209961,-0.1373978555202484,3
0.03990999609231949,0.14196710288524628,4.298807709801622e-07,0.11707562208175659,0.19330193102359772,0.003970238845795393,0.16000793874263763,0.2826898694038391,-0.0035941859241575003,0.15991176664829254,0.37105610966682434,-0.009746881201863289,0.14693892002105713,0.43265169858932495,-0.0155172822996974,0.17330008745193481,0.2998421788215637,-0.04980795085430145,0.22009024024009705,0.420464426279068,-0.06983509659767151,0.2415357083082199,0.49289393424987793,-0.078642837703228,0.26080596446990967,0.5516942143440247,-0.08490338921546936,0.12538807094097137,0.30400902032852173,-0.06351879239082336,0.16868656873703003,0.4238690137863159,-0.08979690074920654,0.18877863883972168,0.5058637261390686,-0.10477426648139954,0.20328617095947266,0.5671408772468567,-0.11568266898393631,0.07273756712675095,0.31117600202560425,-0.07273641228675842,0.08565021306276321,0.4346349835395813,-0.10021182149648666,0.09521038830280304,0.5164093375205994,-0.11583147197961807,0.10404889285564423,0.5738796591758728,-0.12491028010845184,0.021814346313476562,0.32058441638946533,-0.07875575125217438,0.042973294854164124,0.4077577292919159,-0.09690557420253754,0.05516016110777855,0.413327157497406,-0.09832670539617538,0.06450769305229187,0.4092079699039459,-0.09839442372322083,3
0.17561182379722595,0.30073168873786926,1.9074171575539367e-07,0.21756556630134583,0.25291338562965393,0.013211659155786037,0.2585030496120453,0.2523733675479889,0.017491407692432404,0.27901729941368103,0.27861571311950684,0.020477615296840668,0.2893834114074707,0.30939677357673645,0.02184666506946087,0.28601062297821045,0.2505902647972107,-0.004323827568441629,0.33818569779396057,0.2466258704662323,-0.007052931934595108,0.36897289752960205,0.2432526797056198,-0.005688249599188566,0.39218711853027344,0.24287019670009613,-0.003907631151378155,0.2900662124156952,0.29542896151542664,-0.013149261474609375,0.35281652212142944,0.30469822883605957,-0.01406846847385168,0.3900035619735718,0.3092634975910187,-0.01412979792803526,0.4152160882949829,0.31391870975494385,-0.013555540703237057,0.2829767167568207,0.33703678846359253,-0.01981648989021778,0.3305478096008301,0.3617234528064728,-0.021763650700449944,0.3588986396789551,0.37126588821411133,-0.028064170852303505,0.3765586316585541,0.37844982743263245,-0.0326014943420887,0.2668209373950958,0.3700637221336365,-0.02422446385025978,0.2794089913368225,0.3629712462425232,-0.022341670468449593,0.2733481824398041,0.34605151414871216,-0.01935860514640808,0.2626555860042572,0.3357202708721161,-0.017261628061532974,3
0.16686949133872986,0.3305584192276001,-1.3873459181468206e-07,0.21557484567165375,0.29174861311912537,0.011477739550173283,0.25579386949539185,0.28889715671539307,0.010225873440504074,0.280249685049057,0.3149768114089966,0.00578408082947135,0.28792351484298706,0.34709951281547546,0.0026911033783107996,0.28575095534324646,0.28612643480300903,0.0016177644720301032,0.3169696629047394,0.3303002715110779,-0.0011789991986006498,0.3019973635673523,0.3447125554084778,-0.001297512324526906,0.286769300699234,0.3363438546657562,-0.001051848754286766,0.2825675308704376,0.3238487243652344,-0.009026646614074707,0.31110525131225586,0.36715051531791687,-0.006010334473103285,0.29515179991722107,0.376638799905777,-0.003131389617919922,0.28071337938308716,0.36524108052253723,-0.002670646645128727,0.2724435031414032,0.3635123670101166,-0.018345987424254417,0.29611074924468994,0.4013567864894867,-0.013242198154330254,0.27961352467536926,0.40406617522239685,-0.005814777221530676,0.2658878266811371,0.39050382375717163,-0.0033936738036572933,0.25625988841056824,0.39992329478263855,-0.027164464816451073,0.27099189162254333,0.4273192882537842,-0.020376047119498253,0.2559167742729187,0.4243522584438324,-0.010602476075291634,0.2442273199558258,0.41241446137428284,-0.0045334515161812305,0
0.10327333956956863,0.38156259059906006,-2.641555454374611e-07,0.1681976020336151,0.4167877733707428,0.01301941554993391,0.20359539985656738,0.47710272669792175,0.007173504214733839,0.20774118602275848,0.5339580178260803,-0.0020032168831676245,0.1929747313261032,0.5753631591796875,-0.009075768291950226,0.23477980494499207,0.5203505158424377,-0.01927783712744713,0.22405366599559784,0.6147691607475281,-0.027726948261260986,0.20319896936416626,0.5974606871604919,-0.026362543925642967,0.20131924748420715,0.5637227296829224,-0.02424728497862816,0.1991245001554489,0.5324618220329285,-0.0337078683078289,0.1820836365222931,0.6230849027633667,-0.032868996262550354,0.1663253754377365,0.5980505347251892,-0.022948037832975388,0.16685089468955994,0.5616858601570129,-0.019160330295562744,0.15674419701099396,0.539021372795105,-0.04573274403810501,0.1403750628232956,0.615049421787262,-0.04016853868961334,0.12946631014347076,0.5862757563591003,-0.024682797491550446,0.13130775094032288,0.5505958199501038,-0.018819017335772514,0.11338375508785248,0.538213849067688,-0.05718952417373657,0.10145475715398788,0.5999038815498352,-0.0480576790869236,0.09578105062246323,0.5704447627067566,-0.03234367445111275,0.09930585324764252,0.5374476313591003,-0.02332865446805954,0
0.248412624001503,0.4670696258544922,-1.8784726307785604e-07,0.2738776206970215,0.410152405500412,0.0073123169131577015,0.27691149711608887,0.3566414415836334,0.00786918681114912,0.25565072894096375,0.32292988896369934,0.0070428140461444855,0.22941070795059204,0.31928786635398865,0.005763080902397633,0.2579842209815979,0.3157293200492859,0.0009110795217566192,0.23561632633209229,0.28670984506607056,0.000307439302559942,0.22978927195072174,0.3064873516559601,-0.0007347302744165063,0.2354722023010254,0.32554978132247925,-0.00176098826341331,0.22544406354427338,0.3250347971916199,-0.004857421386986971,0.203037828207016,0.29588156938552856,-0.0018472319934517145,0.20254774391651154,0.31839150190353394,0.00044937548227608204,0.2112591564655304,0.3399428129196167,0.0008426844142377377,0.19658918678760529,0.3446902632713318,-0.009145415388047695,0.17798949778079987,0.3184513449668884,-0.006699751131236553,0.18151316046714783,0.34059786796569824,-0.0015080311568453908,0.19143728911876678,0.36089929938316345,0.00036636769073083997,0.1727299690246582,0.3695049285888672,-0.012480311095714569,0.15863344073295593,0.34726840257644653,-0.01091071404516697,0.16499260067939758,0.3661439120769501,-0.003152055898681283,0.17460954189300537,0.3846898674964905,0.0028190866578370333,0
0.25668132305145264,0.5219376087188721,-1.0940627959143967e-07,0.24629490077495575,0.44694262742996216,-0.002639506012201309,0.21315458416938782,0.38625165820121765,-0.007913920097053051,0.1693609058856964,0.3625986576080322,-0.01145675964653492,0.1424802988767624,0.37801051139831543,-0.014399468898773193,0.18080338835716248,0.4130706787109375,-0.027676096186041832,0.13066118955612183,0.39000260829925537,-0.037335801869630814,0.1505511999130249,0.3944264054298401,-0.04010360687971115,0.17210011184215546,0.4041173458099365,-0.039753369987010956,0.16998764872550964,0.4610372483730316,-0.029536444693803787,0.12310290336608887,0.43048903346061707,-0.03088822029531002,0.14133919775485992,0.4312736988067627,-0.025770632550120354,0.15963731706142426,0.44166773557662964,-0.02388812229037285,0.1642514169216156,0.5033390522003174,-0.02986910194158554,0.12488608062267303,0.4724471867084503,-0.028159894049167633,0.14092345535755157,0.47053906321525574,-0.017668666318058968,0.15782196819782257,0.4789513945579529,-0.013180028647184372,0.16252757608890533,0.5394603610038757,-0.030092813074588776,0.129385307431221,0.5090790390968323,-0.02689165435731411,0.1433001011610031,0.5064316391944885,-0.015707634389400482,0.1571374386548996,0.513405442237854,-0.008644649758934975,0
0.1976460963487625,0.5250403881072998,-5.347530063204431e-08,0.23770160973072052,0.4807877242565155,-0.004243488889187574,0.2587065100669861,0.41895541548728943,-0.008797488175332546,0.24799254536628723,0.36370235681533813,-0.011432848870754242,0.22068403661251068,0.35569778084754944,-0.01384249422699213,0.22009244561195374,0.37789401412010193,-0.017347797751426697,0.2075709104537964,0.3367500901222229,-0.02291528694331646,0.21067500114440918,0.36050963401794434,-0.026552457362413406,0.2158348113298416,0.3835006654262543,-0.02822381630539894,0.18127737939357758,0.388069212436676,-0.017971724271774292,0.175772562623024,0.3441634476184845,-0.01741931028664112,0.18111960589885712,0.3653724193572998,-0.015336878597736359,0.18446289002895355,0.38975292444229126,-0.015223910100758076,0.1471836268901825,0.4044652283191681,-0.01751779019832611,0.14775006473064423,0.36529695987701416,-0.0150930630043149,0.15545564889907837,0.3836926519870758,-0.008269847370684147,0.15958096086978912,0.40686389803886414,-0.005673678126186132,0.11971549689769745,0.4238608777523041,-0.0171424001455307,0.12350720912218094,0.3866969645023346,-0.01371370442211628,0.13061299920082092,0.4033728539943695,-0.004274488426744938,0.13327977061271667,0.4219275414943695,0.0022140550427138805,0
0.2946102023124695,0.34256401658058167,-8.165184794961533e-08,0.2065577507019043,0.3377372622489929,-0.013179712928831577,0.1362566500902176,0.40138933062553406,-0.021609464660286903,0.10600008070468903,0.486522376537323,-0.024793554097414017,0.12548278272151947,0.536161482334137,-0.02587130106985569,0.1862570196390152,0.44798898696899414,-0.04495779424905777,0.14940473437309265,0.5407793521881104,-0.06031978130340576,0.14787057042121887,0.4978487491607666,-0.06614156812429428,0.16179820895195007,0.45876362919807434,-0.06641435623168945,0.23435372114181519,0.4785009026527405,-0.04073880985379219,0.18732436001300812,0.5596957802772522,-0.04631286859512329,0.18348415195941925,0.5214134454727173,-0.04374469816684723,0.2006925344467163,0.48840653896331787,-0.042710211127996445,0.27162981033325195,0.4971068203449249,-0.03484245389699936,0.2283082753419876,0.5547643303871155,-0.031912822276353836,0.22275198996067047,0.5227748155593872,-0.020286109298467636,0.234392911195755,0.4960705041885376,-0.015597604215145111,0.29834994673728943,0.5071334838867188,-0.030069496482610703,0.25658267736434937,0.5454239845275879,-0.024168429896235466,0.2536451816558838,0.5198096036911011,-0.012369603849947453,0.26436498761177063,0.4987872242927551,-0.005665253382176161,0
0.3296946585178375,0.4405326247215271,-1.662550062064838e-07,0.31109288334846497,0.3699694275856018,0.006939976941794157,0.27545255422592163,0.3231140375137329,0.0025904264766722918,0.23802196979522705,0.32168805599212646,-0.003184138797223568,0.2144819051027298,0.3477609157562256,-0.00990168284624815,0.25708624720573425,0.31130450963974,-0.01850755885243416,0.2033565789461136,0.30563753843307495,-0.027858052402734756,0.2154620885848999,0.3217240571975708,-0.03145510330796242,0.2338470071554184,0.3274286389350891,-0.03274528309702873,0.2482171207666397,0.3578924536705017,-0.027547046542167664,0.19486185908317566,0.3467959463596344,-0.032133348286151886,0.21006864309310913,0.35902804136276245,-0.028460534289479256,0.2298092395067215,0.36575838923454285,-0.026725362986326218,0.24187450110912323,0.4041592478752136,-0.03455016389489174,0.19462524354457855,0.38916119933128357,-0.036721352487802505,0.21184682846069336,0.3966185450553894,-0.026092423126101494,0.23142538964748383,0.4019189178943634,-0.0200562234967947,0.23911315202713013,0.44776031374931335,-0.04052552953362465,0.20091195404529572,0.42889243364334106,-0.039986468851566315,0.21578145027160645,0.43081438541412354,-0.02780723199248314,0.2322019785642624,0.4350980818271637,-0.01917412504553795,0
0.26826271414756775,0.41858309507369995,-3.1778577636032423e-07,0.22525900602340698,0.3898477554321289,-0.023513847962021828,0.18474715948104858,0.3400847017765045,-0.03905012086033821,0.16875550150871277,0.2889063358306885,-0.05466044321656227,0.1945999562740326,0.2720324993133545,-0.06434131413698196,0.21586209535598755,0.2666514813899994,-0.008341972716152668,0.2053000032901764,0.21923822164535522,-0.038091108202934265,0.2044866532087326,0.26209017634391785,-0.04919661581516266,0.21011492609977722,0.28121230006217957,-0.05262308940291405,0.2479531615972519,0.265372633934021,-0.009543363004922867,0.23792888224124908,0.22647961974143982,-0.03917020931839943,0.23650658130645752,0.2903010845184326,-0.037823792546987534,0.24440883100032806,0.2937101721763611,-0.028382381424307823,0.2804155647754669,0.273185133934021,-0.017330290749669075,0.27184829115867615,0.2440745085477829,-0.04431375116109848,0.2670775055885315,0.30047279596328735,-0.029915671795606613,0.27466171979904175,0.3031630516052246,-0.01228511892259121,0.3123737573623657,0.2866794764995575,-0.028042715042829514,0.3008190095424652,0.26668819785118103,-0.038292914628982544,0.2925613522529602,0.3013746738433838,-0.026382863521575928,0.2978235185146332,0.3058101236820221,-0.013795376755297184,0
0.2376561015844345,0.44515106081962585,-1.9268507855940697e-07,0.19953741133213043,0.43211907148361206,-0.019428767263889313,0.1601661890745163,0.395717054605484,-0.03507881239056587,0.15210682153701782,0.35341718792915344,-0.05086193606257439,0.1833527386188507,0.3416573107242584,-0.06498046219348907,0.18354326486587524,0.29828885197639465,-0.018466591835021973,0.16686785221099854,0.24522428214550018,-0.04102626442909241,0.1496008038520813,0.2187998741865158,-0.05322345346212387,0.1346043050289154,0.19985254108905792,-0.06187129765748978,0.21975314617156982,0.2869000732898712,-0.021147476509213448,0.19609244167804718,0.29372549057006836,-0.04691445454955101,0.199992835521698,0.3478025794029236,-0.046658825129270554,0.2106747031211853,0.35942867398262024,-0.04070999100804329,0.2534251809120178,0.29572296142578125,-0.027744190767407417,0.22994907200336456,0.3263021409511566,-0.04862026125192642,0.22868844866752625,0.3672298192977905,-0.03620647266507149,0.23715323209762573,0.3676089942455292,-0.023276792839169502,0.2848500609397888,0.3169274926185608,-0.037492331117391586,0.2622937560081482,0.34112921357154846,-0.04760243371129036,0.25559863448143005,0.369992733001709,-0.03894675523042679,0.2607446610927582,0.3715575039386749,-0.029886435717344284,1
0.23559559881687164,0.4494084119796753,2.359867892209877e-07,0.19533807039260864,0.4335899353027344,-0.02051774598658085,0.15447451174259186,0.3948386311531067,-0.034795038402080536,0.15804557502269745,0.35903674364089966,-0.048997532576322556,0.19226039946079254,0.3489469289779663,-0.061416078358888626,0.17203636467456818,0.3038643002510071,-0.029683154076337814,0.1414220631122589,0.23303253948688507,-0.05117054283618927,0.12269377708435059,0.1934240460395813,-0.06161085143685341,0.10798449069261551,0.158680722117424,-0.06862073391675949,0.21027344465255737,0.29157549142837524,-0.033323995769023895,0.19894814491271973,0.24131888151168823,-0.05645481124520302,0.1886058747768402,0.22032633423805237,-0.06457296013832092,0.1794051080942154,0.19317051768302917,-0.06640928238630295,0.24659764766693115,0.29943662881851196,-0.039138831198215485,0.22488725185394287,0.3290303945541382,-0.06297818571329117,0.22054994106292725,0.3665468096733093,-0.062107741832733154,0.22363299131393433,0.3779042959213257,-0.0551004521548748,0.2782334089279175,0.31969913840293884,-0.04744287207722664,0.2544514238834381,0.34540197253227234,-0.060728419572114944,0.24846753478050232,0.37066957354545593,-0.056593965739011765,0.2513974905014038,0.3766880929470062,-0.05028514936566353,2
0.2565787434577942,0.45518580079078674,3.4676986615522765e-07,0.21935051679611206,0.4449869990348816,-0.02247464656829834,0.1880108118057251,0.4174986779689789,-0.036192815750837326,0.20826326310634613,0.3968379497528076,-0.04751705005764961,0.24157674610614777,0.37686917185783386,-0.05986897647380829,0.19006940722465515,0.32637926936149597,-0.03409295901656151,0.15984058380126953,0.2766641676425934,-0.05084986984729767,0.1404784619808197,0.24430425465106964,-0.06007842347025871,0.1229226216673851,0.2124595046043396,-0.06765180826187134,0.22372184693813324,0.3058411180973053,-0.038914166390895844,0.2152186930179596,0.22527602314949036,-0.05177999287843704,0.21036556363105774,0.17384961247444153,-0.0615813322365284,0.205356165766716,0.12636488676071167,-0.06867748498916626,0.2558695673942566,0.3135189712047577,-0.04590859264135361,0.25789564847946167,0.2793259024620056,-0.06938300281763077,0.25667205452919006,0.2586120367050171,-0.0869375616312027,0.25567498803138733,0.2342139631509781,-0.09728620201349258,0.2865971326828003,0.3362037241458893,-0.0536440946161747,0.26972219347953796,0.35046619176864624,-0.07830380648374557,0.25702643394470215,0.3859376907348633,-0.08651947230100632,0.2477847933769226,0.4132404625415802,-0.09082207828760147,3
0.2250009924173355,0.4634621739387512,-3.6492417621047935e-07,0.17888998985290527,0.44758808612823486,-0.025828978046774864,0.13633692264556885,0.41237735748291016,-0.042262423783540726,0.11975521594285965,0.3752647936344147,-0.05682560056447983,0.15249855816364288,0.36434829235076904,-0.0653073638677597,0.16620352864265442,0.29494741559028625,-0.014453084208071232,0.13551126420497894,0.29996854066848755,-0.04236215353012085,0.14673292636871338,0.3535347878932953,-0.057066842913627625,0.16176660358905792,0.361895352602005,-0.06508059054613113,0.20083582401275635,0.28642934560775757,-0.014266282320022583,0.1727297008037567,0.30672532320022583,-0.04051029682159424,0.18115296959877014,0.36384060978889465,-0.04218699410557747,0.1925419420003891,0.3622760474681854,-0.037467096000909805,0.23375608026981354,0.29893797636032104,-0.019878661260008812,0.2082909196615219,0.33148664236068726,-0.042792245745658875,0.21055054664611816,0.37839454412460327,-0.032932549715042114,0.22133103013038635,0.37057825922966003,-0.020624909549951553,0.26467156410217285,0.3217683434486389,-0.029002288356423378,0.2405622899532318,0.3493390679359436,-0.038672368973493576,0.23743349313735962,0.37934014201164246,-0.03176752105355263,0.24475117027759552,0.37482669949531555,-0.023330047726631165,0
0.2710030674934387,0.43275725841522217,-2.6546848630459863e-07,0.23548853397369385,0.3789515197277069,-0.0009959157323464751,0.1960849016904831,0.3347403407096863,-0.011187803000211716,0.156260684132576,0.32741326093673706,-0.022991985082626343,0.13410340249538422,0.34381532669067383,-0.03280161693692207,0.220720112323761,0.2708236575126648,-0.016478288918733597,0.14857825636863708,0.2836253046989441,-0.03633942827582359,0.15666073560714722,0.3173264265060425,-0.04411538690328598,0.17525742948055267,0.3204076290130615,-0.04760425165295601,0.23196330666542053,0.2999420166015625,-0.026568839326500893,0.15528467297554016,0.32424089312553406,-0.0459924153983593,0.17134812474250793,0.3482152223587036,-0.045472774654626846,0.19104202091693878,0.3443702757358551,-0.043768275529146194,0.23769152164459229,0.3376171290874481,-0.03751972317695618,0.16687560081481934,0.3616204559803009,-0.054375551640987396,0.1855156421661377,0.38059374690055847,-0.046206798404455185,0.2055913358926773,0.3739001750946045,-0.03890576958656311,0.23992669582366943,0.3793807923793793,-0.048493750393390656,0.1859443485736847,0.39403611421585083,-0.058247845619916916,0.19876165688037872,0.40648117661476135,-0.05226172134280205,0.21678262948989868,0.4027268886566162,-0.046211570501327515,0
0.2574150562286377,0.4396688938140869,-2.871795743430994e-07,0.2499873787164688,0.3766879439353943,0.003101466689258814,0.21637752652168274,0.3182715177536011,-0.006077880039811134,0.16610503196716309,0.3019706606864929,-0.016386089846491814,0.13181176781654358,0.30820831656455994,-0.026679497212171555,0.23610037565231323,0.2877892553806305,-0.02342790924012661,0.1709212064743042,0.2597893476486206,-0.03948589786887169,0.16180583834648132,0.29000502824783325,-0.04434908553957939,0.17232105135917664,0.30681923031806946,-0.04618582874536514,0.22666475176811218,0.3242933750152588,-0.033710602670907974,0.15415096282958984,0.2999703288078308,-0.04826273396611214,0.15739230811595917,0.3277958929538727,-0.045207250863313675,0.17591364681720734,0.33849188685417175,-0.04289710894227028,0.2138606160879135,0.3640568256378174,-0.04304056242108345,0.1483774185180664,0.34299445152282715,-0.05628826841711998,0.16022910177707672,0.3650403320789337,-0.04642543941736221,0.18127869069576263,0.37231138348579407,-0.039028942584991455,0.19978071749210358,0.4023991823196411,-0.05134851485490799,0.15121152997016907,0.38196784257888794,-0.060291025787591934,0.16174501180648804,0.3956296741962433,-0.05284678190946579,0.17896988987922668,0.4015025198459625,-0.046656109392642975,0
0.24749058485031128,0.46030595898628235,-1.8658469969068392e-07,0.2569020390510559,0.39254432916641235,0.0030620780307799578,0.23959656059741974,0.32940444350242615,-0.004024810623377562,0.21172739565372467,0.29026737809181213,-0.011171108111739159,0.1851879209280014,0.2746981382369995,-0.017904158681631088,0.23594930768013,0.3289417624473572,-0.03469768539071083,0.18546216189861298,0.2671298682689667,-0.04954112321138382,0.19356700778007507,0.29334044456481934,-0.052568599581718445,0.20934948325157166,0.317076712846756,-0.051488008350133896,0.20981022715568542,0.36600059270858765,-0.041497666388750076,0.1627766489982605,0.30165520310401917,-0.05132894590497017,0.17486844956874847,0.3257511258125305,-0.045215968042612076,0.19062863290309906,0.3479730486869812,-0.040640346705913544,0.18414781987667084,0.3990711271762848,-0.04618389904499054,0.14612989127635956,0.3379344940185547,-0.05049751326441765,0.16069501638412476,0.3582756221294403,-0.036069028079509735,0.1755910962820053,0.3787739872932434,-0.027080755680799484,0.16259779036045074,0.42755478620529175,-0.05019398778676987,0.13727757334709167,0.37611863017082214,-0.05035782232880592,0.1500929296016693,0.3885662853717804,-0.03739968687295914,0.1612822711467743,0.40592333674430847,-0.02838868647813797,0
0.21979887783527374,0.492337703704834,-6.982566702617987e-08,0.2522520422935486,0.43796029686927795,-0.005990618374198675,0.2603008449077606,0.3666292428970337,-0.018283577635884285,0.2439679652452469,0.3207206428050995,-0.02742205746471882,0.21894404292106628,0.3064050078392029,-0.034977514296770096,0.2442220002412796,0.4035661518573761,-0.05846221372485161,0.22237226366996765,0.3048067092895508,-0.0762646421790123,0.2266779989004135,0.33172309398651123,-0.07615963369607925,0.23521500825881958,0.36545780301094055,-0.07170828431844711,0.20851759612560272,0.4290359914302826,-0.06101839616894722,0.189439594745636,0.32025814056396484,-0.07568861544132233,0.1982295662164688,0.3454400897026062,-0.06741256266832352,0.20689252018928528,0.38064441084861755,-0.060044094920158386,0.17602010071277618,0.44383683800697327,-0.060971569269895554,0.1622651219367981,0.34483227133750916,-0.06708782911300659,0.17303285002708435,0.36606550216674805,-0.05019926279783249,0.1815636307001114,0.39611637592315674,-0.03877972438931465,0.1501694619655609,0.4518410563468933,-0.060770947486162186,0.1409764438867569,0.3718417286872864,-0.0594988651573658,0.15041863918304443,0.384683221578598,-0.04505269601941109,0.1563766449689865,0.41005900502204895,-0.03581840917468071,0
0.21830159425735474,0.4811714291572571,-1.1292232215964759e-07,0.26168009638786316,0.4600319564342499,-0.0011098921531811357,0.29640915989875793,0.40770286321640015,-0.012393180280923843,0.2984916567802429,0.3551524579524994,-0.022240184247493744,0.2783842384815216,0.32639655470848083,-0.032332468777894974,0.28163790702819824,0.4291580617427826,-0.05000843107700348,0.2856920659542084,0.3314927816390991,-0.06726575642824173,0.2763955295085907,0.35368141531944275,-0.07009784132242203,0.2717364430427551,0.3879302144050598,-0.06873095035552979,0.2418409138917923,0.4278029799461365,-0.05661835893988609,0.25125131011009216,0.32543250918388367,-0.07100320607423782,0.24461886286735535,0.3519269526004791,-0.065364308655262,0.23968006670475006,0.38662189245224,-0.06096776947379112,0.2064288854598999,0.41974717378616333,-0.06050547957420349,0.21948757767677307,0.32600492238998413,-0.06887765228748322,0.2165897637605667,0.3526816964149475,-0.05410069599747658,0.2139243483543396,0.38631486892700195,-0.04427717253565788,0.17485815286636353,0.4090249538421631,-0.06373205780982971,0.19033044576644897,0.33579978346824646,-0.06757073104381561,0.1917417049407959,0.35478609800338745,-0.05518585070967674,0.18810780346393585,0.38228321075439453,-0.04664487764239311,0
0.1947326362133026,0.46806666254997253,-1.0830405727801917e-07,0.22481659054756165,0.409061461687088,0.010076889768242836,0.23113059997558594,0.3570636510848999,0.013370527885854244,0.20739535987377167,0.3269977569580078,0.015785524621605873,0.18210935592651367,0.3284531533718109,0.017643235623836517,0.1964821219444275,0.30382993817329407,0.00439588213339448,0.17983762919902802,0.2786833941936493,0.011160455644130707,0.18168744444847107,0.30139222741127014,0.014048182405531406,0.18848834931850433,0.3226619064807892,0.015256970189511776,0.15988755226135254,0.3129678964614868,0.00027948321076110005,0.1506909281015396,0.29521146416664124,0.014599664136767387,0.15384091436862946,0.31741511821746826,0.02007962018251419,0.16060243546962738,0.33715343475341797,0.02032591961324215,0.13066665828227997,0.33582937717437744,-0.0015163514763116837,0.12670373916625977,0.3194994628429413,0.01128402166068554,0.13195347785949707,0.3413451015949249,0.01659492962062359,0.13949523866176605,0.36180853843688965,0.016034042462706566,0.10814093798398972,0.3649618923664093,-0.0022394764237105846,0.10459107905626297,0.3493877053260803,0.007564610335975885,0.11274297535419464,0.3682694733142853,0.01650577038526535,0.12123629450798035,0.3852650225162506,0.02204810455441475,0
0.29851168394088745,0.4279221296310425,-2.9968094850119087e-07,0.2693033218383789,0.35841602087020874,-0.011130677536129951,0.26763102412223816,0.2975822985172272,-0.017189515754580498,0.2886529564857483,0.2638434171676636,-0.019703002646565437,0.3103993833065033,0.27626609802246094,-0.02070821449160576,0.3468739986419678,0.29472047090530396,-0.021064504981040955,0.3267456591129303,0.2580568194389343,-0.01311667449772358,0.3106415569782257,0.2758735120296478,-0.0063930535688996315,0.30831393599510193,0.2958821654319763,-0.0042106155306100845,0.37038540840148926,0.32586824893951416,-0.01532308291643858,0.3463176190853119,0.2910518944263458,-0.005666512995958328,0.33020249009132385,0.301361083984375,-0.0008579404675401747,0.32790082693099976,0.31943070888519287,-0.0017140164272859693,0.37992197275161743,0.3598410487174988,-0.007651337422430515,0.3625514507293701,0.325653612613678,-0.0013901214115321636,0.3480466604232788,0.33091431856155396,0.001644002622924745,0.3431244492530823,0.34835588932037354,0.00016679803957231343,0.3818383514881134,0.3904043138027191,-0.0003994626458734274,0.3720476031303406,0.3584638237953186,0.0020499504171311855,0.3589860200881958,0.36215275526046753,0.005797554273158312,0.3529747724533081,0.37722113728523254,0.007777464110404253,0
0.2513916492462158,0.382140576839447,-2.065269910644929e-07,0.24115709960460663,0.32329368591308594,-0.00043900535092689097,0.2562049627304077,0.2739484906196594,-0.0019309979397803545,0.2815728783607483,0.2509288191795349,-0.00364448269829154,0.2982272803783417,0.2504967451095581,-0.0038763368502259254,0.2930208146572113,0.2514679431915283,-0.003621460171416402,0.3198109269142151,0.2539254128932953,-0.0067286863923072815,0.3118651807308197,0.27028295397758484,-0.008322486653923988,0.29645881056785583,0.27861714363098145,-0.009076578542590141,0.31330472230911255,0.28196150064468384,-0.0071311770007014275,0.33485645055770874,0.2837083041667938,-0.007002065423876047,0.3263697326183319,0.29906395077705383,-0.006545688025653362,0.3123863637447357,0.3102371096611023,-0.006797943729907274,0.3287363052368164,0.3166544437408447,-0.010380014777183533,0.34962552785873413,0.31564682722091675,-0.0114305280148983,0.339767724275589,0.327480673789978,-0.007440987043082714,0.32465678453445435,0.3371509313583374,-0.00519157387316227,0.33897948265075684,0.35223451256752014,-0.013677597045898438,0.35885706543922424,0.34919366240501404,-0.013991275802254677,0.34758254885673523,0.35783490538597107,-0.008008535020053387,0.33427491784095764,0.3650451600551605,-0.0029759265016764402,0
0.23705503344535828,0.3778054118156433,-1.3980232438370876e-07,0.2800757884979248,0.3767085075378418,0.0031126055400818586,0.30936199426651,0.3563671112060547,-0.0002863122499547899,0.33402398228645325,0.3450184762477875,-0.005900062154978514,0.34905219078063965,0.33890795707702637,-0.008931837975978851,0.2851528525352478,0.25187069177627563,0.0036813959013670683,0.34064316749572754,0.2830480933189392,-0.004870634060353041,0.3334735631942749,0.31222251057624817,-0.012153774499893188,0.3143247365951538,0.31815895438194275,-0.01811646856367588,0.2844237685203552,0.253804087638855,-0.004646291024982929,0.34501972794532776,0.28802064061164856,-0.009647533297538757,0.3369133472442627,0.3161905109882355,-0.010256611742079258,0.32005539536476135,0.31963667273521423,-0.01219137478619814,0.2873567044734955,0.27087146043777466,-0.013762404210865498,0.3451240062713623,0.3004259765148163,-0.018626170232892036,0.33637309074401855,0.3293830454349518,-0.01438975054770708,0.31894293427467346,0.3329494297504425,-0.012713728472590446,0.2937370240688324,0.29789477586746216,-0.023295631632208824,0.33740782737731934,0.3260752558708191,-0.024970615282654762,0.330114483833313,0.3490573465824127,-0.020766660571098328,0.3156004548072815,0.3526988923549652,-0.018713098019361496,0
0.2629646956920624,0.3648627996444702,-1.6043638595419907e-07,0.30239197611808777,0.38353797793388367,-0.005064334254711866,0.33589112758636475,0.3812527358531952,-0.008892749436199665,0.3614087402820587,0.3696914613246918,-0.015116319991648197,0.3622606694698334,0.34461915493011475,-0.018632035702466965,0.3391895294189453,0.312705397605896,0.00405357638373971,0.36975258588790894,0.3048447370529175,-0.013798451982438564,0.35102295875549316,0.3371516466140747,-0.021898481994867325,0.33535605669021606,0.3376880884170532,-0.024215757846832275,0.3281540870666504,0.29667192697525024,-0.0012911345111206174,0.3602255880832672,0.2963991165161133,-0.020983753725886345,0.337680846452713,0.3339833617210388,-0.02606564573943615,0.32049137353897095,0.3259263336658478,-0.025198662653565407,0.31488537788391113,0.2781437635421753,-0.009429407306015491,0.35006195306777954,0.27999985218048096,-0.029902903363108635,0.32974472641944885,0.31684234738349915,-0.025063296779990196,0.31178635358810425,0.3092980980873108,-0.016513092443346977,0.2973712682723999,0.2560482323169708,-0.017825109884142876,0.331437349319458,0.26626285910606384,-0.028818845748901367,0.321137398481369,0.29576483368873596,-0.021696316078305244,0.3044537901878357,0.2942110598087311,-0.01336432620882988,0
0.23912972211837769,0.2975704073905945,-1.959128752559991e-07,0.24894842505455017,0.356791228055954,-0.006896643899381161,0.27188998460769653,0.40612727403640747,-0.011049081571400166,0.3029656410217285,0.42447707056999207,-0.017053334042429924,0.32060810923576355,0.39944764971733093,-0.021633408963680267,0.3208766281604767,0.37736281752586365,0.0007483339286409318,0.3488433063030243,0.3978378176689148,-0.014818992465734482,0.32094427943229675,0.39715149998664856,-0.022344423457980156,0.30515891313552856,0.38700830936431885,-0.024392569437623024,0.32728350162506104,0.3459593653678894,-0.003203627187758684,0.3522486388683319,0.3671407997608185,-0.018087146803736687,0.31514790654182434,0.3603611886501312,-0.020627576857805252,0.304747074842453,0.3458830714225769,-0.018604081124067307,0.32963883876800537,0.3123721480369568,-0.009526239708065987,0.3527572751045227,0.336029976606369,-0.026619024574756622,0.31718215346336365,0.33221933245658875,-0.0196416936814785,0.3056565821170807,0.3170627951622009,-0.010308736003935337,0.32955849170684814,0.27296972274780273,-0.016219399869441986,0.3527340888977051,0.2950015962123871,-0.02514994703233242,0.32823625206947327,0.3023519515991211,-0.015502789057791233,0.31431713700294495,0.2954990565776825,-0.0055539291352033615,0
0.19816240668296814,0.36234039068222046,-1.6469633123961103e-07,0.17813724279403687,0.42037948966026306,-0.01484678778797388,0.1657271683216095,0.477814257144928,-0.024889282882213593,0.1752677857875824,0.5157938003540039,-0.03533435985445976,0.2008264660835266,0.5118062496185303,-0.042622894048690796,0.22559012472629547,0.509887158870697,-0.004238035064190626,0.2232198566198349,0.5404484272003174,-0.024747056886553764,0.20518626272678375,0.5013110637664795,-0.03612150624394417,0.20867475867271423,0.487384557723999,-0.041910771280527115,0.24964916706085205,0.4901970624923706,-0.0063121686689555645,0.2462545484304428,0.5182558298110962,-0.024170540273189545,0.2221577763557434,0.4742009937763214,-0.028072472661733627,0.23217439651489258,0.46741101145744324,-0.02802048623561859,0.26921164989471436,0.46434152126312256,-0.011789081618189812,0.26963359117507935,0.49394288659095764,-0.030825719237327576,0.24311889708042145,0.45739641785621643,-0.02269786410033703,0.24956704676151276,0.4470784068107605,-0.014025011099874973,0.288579523563385,0.4320755898952484,-0.018528403714299202,0.28571414947509766,0.45717015862464905,-0.02832147479057312,0.2634950280189514,0.4375942051410675,-0.018364356830716133,0.26397502422332764,0.426355242729187,-0.00872783176600933,0
0.19404681026935577,0.40863028168678284,1.0993139909487581e-07,0.17602455615997314,0.45807862281799316,-0.01167721301317215,0.1641225665807724,0.5120704174041748,-0.025679465383291245,0.16925999522209167,0.5511620044708252,-0.04156427085399628,0.19503480195999146,0.55405193567276,-0.05761443451046944,0.23718246817588806,0.5554608702659607,-0.009937032125890255,0.2208128571510315,0.5960057377815247,-0.03050456941127777,0.20901454985141754,0.62874436378479,-0.04467013105750084,0.19996954500675201,0.6595574021339417,-0.053491778671741486,0.26377129554748535,0.5372278094291687,-0.01568426378071308,0.22455669939517975,0.5525458455085754,-0.038338202983140945,0.20187774300575256,0.5094315409660339,-0.04400963708758354,0.20850342512130737,0.4964171051979065,-0.04356418550014496,0.2779362201690674,0.5085204839706421,-0.023433061316609383,0.23661577701568604,0.52142333984375,-0.04790200665593147,0.21771520376205444,0.4849562346935272,-0.042082879692316055,0.22779172658920288,0.47246021032333374,-0.03291388228535652,0.28630390763282776,0.4725039303302765,-0.032277148216962814,0.2544501721858978,0.4914188086986542,-0.04756132885813713,0.23574501276016235,0.47000375390052795,-0.03943944722414017,0.24173031747341156,0.45547306537628174,-0.029329819604754448,1
0.19801753759384155,0.4028530716896057,5.18341380484344e-07,0.1822628378868103,0.4608926475048065,-0.011790560558438301,0.1754368543624878,0.5156039595603943,-0.023194903507828712,0.18636974692344666,0.5514748096466064,-0.03581251576542854,0.2122013419866562,0.558624804019928,-0.04728864133358002,0.23540246486663818,0.5576357245445251,-0.005505942739546299,0.21571914851665497,0.6092516183853149,-0.026412930339574814,0.20329031348228455,0.645279586315155,-0.04226722568273544,0.19451269507408142,0.6752784252166748,-0.0517146922647953,0.25896403193473816,0.5463426113128662,-0.011694570071995258,0.2536133825778961,0.6045562028884888,-0.03276227414608002,0.243665874004364,0.641468346118927,-0.043603185564279556,0.23822131752967834,0.6739813685417175,-0.04812934622168541,0.27340757846832275,0.5221261978149414,-0.02054937370121479,0.233628511428833,0.5495171546936035,-0.04532632976770401,0.21486501395702362,0.5165262222290039,-0.04431595653295517,0.2147916853427887,0.493396133184433,-0.03699938952922821,0.2777651846408844,0.4908428490161896,-0.030813150107860565,0.2418307512998581,0.5134307742118835,-0.047227196395397186,0.2258654683828354,0.4927831292152405,-0.04264532029628754,0.22998179495334625,0.47592154145240784,-0.03512100130319595,2
0.1836986094713211,0.4101758599281311,6.481376999545319e-07,0.17103111743927002,0.46968206763267517,-0.014790965244174004,0.167568176984787,0.5306270122528076,-0.030495868995785713,0.1499813348054886,0.5733187794685364,-0.048221688717603683,0.1258966326713562,0.6079789996147156,-0.06461084634065628,0.237533837556839,0.5624312162399292,-0.017416415736079216,0.24917611479759216,0.6250529289245605,-0.03836040571331978,0.25862112641334534,0.665571928024292,-0.050529949367046356,0.26950928568840027,0.698145866394043,-0.05845050886273384,0.2591259181499481,0.5385782122612,-0.025874672457575798,0.2737903892993927,0.6005766987800598,-0.05093991011381149,0.2725030481815338,0.6424239873886108,-0.06141252815723419,0.27590805292129517,0.6779497265815735,-0.06482827663421631,0.268461138010025,0.5056149363517761,-0.03660455718636513,0.22788956761360168,0.5352903604507446,-0.06342067569494247,0.20379343628883362,0.5053849220275879,-0.06343990564346313,0.2031753808259964,0.48572254180908203,-0.056638188660144806,0.26662498712539673,0.47248920798301697,-0.049497008323669434,0.22363236546516418,0.490906298160553,-0.06626942753791809,0.20854772627353668,0.4705422520637512,-0.06487063318490982,0.2169674187898636,0.4574838876724243,-0.06036267802119255,3
0.18940085172653198,0.4095860421657562,4.96241796099639e-07,0.17852245271205902,0.4693496823310852,-0.011912485584616661,0.18395188450813293,0.5239728689193726,-0.018810275942087173,0.19676119089126587,0.5455998182296753,-0.025515152141451836,0.2197335958480835,0.5359400510787964,-0.030991939827799797,0.25523704290390015,0.5641127824783325,-0.0067257871851325035,0.2675051987171173,0.6252151727676392,-0.016580890864133835,0.27498120069503784,0.6651507019996643,-0.02380693145096302,0.2839856743812561,0.6968732476234436,-0.02886967919766903,0.2748298645019531,0.5368468761444092,-0.013188067823648453,0.31447502970695496,0.585966169834137,-0.024130284786224365,0.33497145771980286,0.6229171752929688,-0.0324845016002655,0.3510969877243042,0.648017168045044,-0.03707768768072128,0.2787846624851227,0.5023103952407837,-0.021916769444942474,0.28539153933525085,0.5392109155654907,-0.041206229478120804,0.28901129961013794,0.5762501955032349,-0.05701226368546486,0.29528647661209106,0.6017756462097168,-0.06610891968011856,0.2668699324131012,0.467944860458374,-0.0313434824347496,0.23413464426994324,0.5075206160545349,-0.05004797875881195,0.20794211328029633,0.5071097612380981,-0.057221997529268265,0.19060447812080383,0.49789854884147644,-0.06072954833507538,3
0.2289658784866333,0.46388205885887146,-1.1653703779757052e-07,0.2817714810371399,0.4779476225376129,-0.0006624056841246784,0.31644973158836365,0.46778151392936707,-0.006832422222942114,0.3435649275779724,0.4619968831539154,-0.015160243958234787,0.35394608974456787,0.45446592569351196,-0.020467618480324745,0.30498069524765015,0.35214710235595703,-0.002973295981064439,0.3600468933582306,0.3953871428966522,-0.017437083646655083,0.3457193374633789,0.42136457562446594,-0.026471585035324097,0.32696691155433655,0.42067766189575195,-0.032772816717624664,0.30000290274620056,0.3525766134262085,-0.011365644633769989,0.35890206694602966,0.4098302721977234,-0.02214067615568638,0.3422233462333679,0.4334562122821808,-0.022972945123910904,0.32591012120246887,0.4277786612510681,-0.02416071482002735,0.2966524064540863,0.36929962038993835,-0.021273912861943245,0.34833061695098877,0.4322666823863983,-0.029626846313476562,0.3291065990924835,0.45197466015815735,-0.025200441479682922,0.3111274838447571,0.4437013864517212,-0.023482343181967735,0.29559028148651123,0.39721015095710754,-0.03223026543855667,0.3289276361465454,0.4553423225879669,-0.03609348461031914,0.3119147717952728,0.47207435965538025,-0.0334160216152668,0.29652291536331177,0.46534213423728943,-0.0326809361577034,0
0.10679934918880463,0.5612127780914307,-3.585495278457529e-07,0.08687669038772583,0.47237110137939453,-0.0010675538796931505,0.1040077954530716,0.40129104256629944,-0.0010156291536986828,0.14178180694580078,0.3754420280456543,-0.0006239653448574245,0.16786694526672363,0.38877108693122864,0.0009816470555961132,0.16116629540920258,0.4135516881942749,-0.007893763482570648,0.1799038201570511,0.3595488965511322,-0.007543007377535105,0.1604551523923874,0.3729020655155182,-0.00519478740170598,0.14945653080940247,0.3968019485473633,-0.0038935882039368153,0.19337184727191925,0.4499911963939667,-0.008717432618141174,0.20617669820785522,0.3917393982410431,-0.004781689494848251,0.18519870936870575,0.3993779122829437,-1.9591987438616343e-05,0.17409121990203857,0.4227222800254822,0.002141008386388421,0.21392862498760223,0.4830295741558075,-0.00867598969489336,0.21880413591861725,0.4289020299911499,-0.005586783401668072,0.20026886463165283,0.43255099654197693,-0.0002639791346155107,0.18925832211971283,0.4526938796043396,0.0015792861813679338,0.22583726048469543,0.511277437210083,-0.008633551187813282,0.22724857926368713,0.467247873544693,-0.006885625887662172,0.21190451085567474,0.47084006667137146,-0.0009324218844994903,0.20224595069885254,0.4894842207431793,0.00338795967400074,0
0.26138073205947876,0.5618536472320557,-3.09531458242418e-07,0.23898088932037354,0.4857781231403351,-0.008655824698507786,0.24868178367614746,0.42164498567581177,-0.013248256407678127,0.2763407826423645,0.39286378026008606,-0.015281623229384422,0.299034982919693,0.3992208242416382,-0.015871696174144745,0.32117900252342224,0.4369431734085083,-0.014983035624027252,0.3110862672328949,0.38621342182159424,-0.012205397710204124,0.293349027633667,0.4026241600513458,-0.010127522982656956,0.29029494524002075,0.42609718441963196,-0.010149447247385979,0.34284985065460205,0.4670751094818115,-0.010457386262714863,0.3284284472465515,0.4173576533794403,-0.006088439840823412,0.3099481165409088,0.4258810579776764,-0.003168874653056264,0.30592361092567444,0.44657137989997864,-0.0035598808899521828,0.35182344913482666,0.4961496889591217,-0.004732036497443914,0.3401029706001282,0.44997063279151917,-0.0026535403449088335,0.32376089692115784,0.4545513093471527,0.0008149469504132867,0.31810805201530457,0.474340558052063,0.0010551009327173233,0.35417670011520386,0.5207493305206299,0.0006919489824213088,0.34597474336624146,0.48089632391929626,0.0004154860507696867,0.33109527826309204,0.48504355549812317,0.004334094002842903,0.3250143229961395,0.5027849674224854,0.007377395406365395,0
0.22383321821689606,0.5415652394294739,-2.413523816358065e-07,0.19734728336334229,0.48217031359672546,0.00253119133412838,0.19810117781162262,0.42668354511260986,0.003134955419227481,0.21794909238815308,0.3979467749595642,0.002866275142878294,0.23735208809375763,0.39759182929992676,0.0032339373137801886,0.23740984499454498,0.41312357783317566,-0.0007599676609970629,0.2446349561214447,0.3753572404384613,-0.0036905568558722734,0.23426498472690582,0.3880593776702881,-0.0058740596286952496,0.22810900211334229,0.4080466032028198,-0.0067058829590678215,0.26520970463752747,0.4321484863758087,-0.003924702759832144,0.2694254517555237,0.39312368631362915,-0.002104872837662697,0.2566843628883362,0.4030081629753113,-0.0003952771658077836,0.2504848837852478,0.42309147119522095,0.000385510444175452,0.28608718514442444,0.453487366437912,-0.006736844312399626,0.28679707646369934,0.4196137487888336,-0.005051898770034313,0.2743685245513916,0.4265297055244446,-0.0015016247052699327,0.2677379548549652,0.44473037123680115,0.00018865888705477118,0.3009370267391205,0.47476938366889954,-0.009368767030537128,0.3000028729438782,0.44635534286499023,-0.007185071241110563,0.28928133845329285,0.45242059230804443,-0.0016067764954641461,0.2835496962070465,0.4688539505004883,0.0027456616517156363,0
0.20667093992233276,0.5184280872344971,-1.91985407127504e-07,0.2387578785419464,0.4752436578273773,-0.010251017287373543,0.25777468085289,0.43178364634513855,-0.021380985155701637,0.26301872730255127,0.4002470076084137,-0.03299616649746895,0.24678942561149597,0.40508419275283813,-0.04166530445218086,0.17945455014705658,0.36463987827301025,-0.007826847955584526,0.22912099957466125,0.35436195135116577,-0.027841417118906975,0.2368171513080597,0.3934267461299896,-0.04128049314022064,0.22636213898658752,0.407907098531723,-0.049960605800151825,0.16381263732910156,0.37792205810546875,-0.013533022254705429,0.22175569832324982,0.370247483253479,-0.030842671170830727,0.22820065915584564,0.41074201464653015,-0.03510001674294472,0.2173103243112564,0.42224761843681335,-0.03677985817193985,0.15669383108615875,0.4012731611728668,-0.02171909436583519,0.21234488487243652,0.3966640532016754,-0.036315713077783585,0.21877585351467133,0.43052324652671814,-0.03269229829311371,0.20810168981552124,0.44052302837371826,-0.028932906687259674,0.15740966796875,0.43018975853919983,-0.03167407214641571,0.20269852876663208,0.42456528544425964,-0.038432471454143524,0.20880316197872162,0.447125107049942,-0.03469764441251755,0.19963064789772034,0.4565262794494629,-0.031186074018478394,0
0.23067517578601837,0.5442768335342407,-1.722728626418757e-07,0.25923001766204834,0.5134527087211609,-0.011227929964661598,0.2834239602088928,0.4719972014427185,-0.020396145060658455,0.28727227449417114,0.4356350898742676,-0.029802758246660233,0.2651253640651703,0.42760971188545227,-0.03612504154443741,0.23288355767726898,0.40252992510795593,-0.0032910811714828014,0.25960394740104675,0.38309746980667114,-0.02332894876599312,0.2666979134082794,0.42523109912872314,-0.033884432166814804,0.2594843804836273,0.4438588321208954,-0.03847650811076164,0.2113262265920639,0.40688297152519226,-0.007138187065720558,0.24195341765880585,0.388561487197876,-0.027086621150374413,0.25075846910476685,0.43944841623306274,-0.031520016491413116,0.23891760408878326,0.4531856179237366,-0.030281007289886475,0.19217532873153687,0.4206668734550476,-0.013780620880424976,0.2248372733592987,0.4048829674720764,-0.03403937816619873,0.23442745208740234,0.45083922147750854,-0.02813519537448883,0.22148078680038452,0.4630311131477356,-0.019386667758226395,0.17457258701324463,0.4428080916404724,-0.02131032943725586,0.20535366237163544,0.4259243309497833,-0.03183746710419655,0.216200053691864,0.4571675956249237,-0.02390901930630207,0.2063603699207306,0.4705576002597809,-0.015004873275756836,0
0.27790015935897827,0.5105109810829163,-2.714648417168064e-07,0.2389991283416748,0.4827696681022644,-0.007349091582000256,0.21294580399990082,0.4478405714035034,-0.015691567212343216,0.19402794539928436,0.42368412017822266,-0.02469133399426937,0.1884511262178421,0.4063977301120758,-0.030796917155385017,0.2570517361164093,0.3758697211742401,-0.006885610520839691,0.20818734169006348,0.37889885902404785,-0.02462911047041416,0.20956742763519287,0.408409059047699,-0.03433767333626747,0.22188949584960938,0.4136645793914795,-0.039365630596876144,0.2696492075920105,0.3866998851299286,-0.011822858825325966,0.21446658670902252,0.40040159225463867,-0.028466854244470596,0.2190147489309311,0.42845383286476135,-0.03074062429368496,0.23266716301441193,0.4294050633907318,-0.030112899839878082,0.27740633487701416,0.40829703211784363,-0.019152166321873665,0.22482365369796753,0.42321309447288513,-0.034635696560144424,0.2298661172389984,0.448530912399292,-0.02950417250394821,0.2424641251564026,0.44900667667388916,-0.023500436916947365,0.28082942962646484,0.43713948130607605,-0.027620552107691765,0.24164938926696777,0.4496457278728485,-0.03778572380542755,0.24284367263317108,0.4665074348449707,-0.03530232608318329,0.25255683064460754,0.46899333596229553,-0.03084193728864193,0
0.28147733211517334,0.5059801340103149,-1.0205656764128435e-07,0.2993099093437195,0.4581470489501953,0.0017807352123782039,0.29901835322380066,0.4059326648712158,0.0016184153500944376,0.2827334403991699,0.37127503752708435,0.0014319333713501692,0.26622122526168823,0.36920297145843506,0.0011659980518743396,0.2703584134578705,0.38507869839668274,-0.006878343876451254,0.24481342732906342,0.3579239845275879,-0.010335920378565788,0.24756735563278198,0.3741091787815094,-0.012223782017827034,0.25752878189086914,0.38841712474823,-0.012813286855816841,0.2474043071269989,0.4063608646392822,-0.009496883489191532,0.22484368085861206,0.3803226947784424,-0.009571223519742489,0.23008690774440765,0.39548709988594055,-0.007248003967106342,0.2398645281791687,0.40972134470939636,-0.006199747323989868,0.2279110997915268,0.4308674931526184,-0.011280597187578678,0.21084773540496826,0.40517622232437134,-0.01042874064296484,0.21767374873161316,0.4178732633590698,-0.00510206026956439,0.22742483019828796,0.4318104088306427,-0.0024759056977927685,0.21292725205421448,0.45658567547798157,-0.01273326575756073,0.20147159695625305,0.4329635798931122,-0.010797115042805672,0.20863045752048492,0.4435289204120636,-0.003948740195482969,0.21660631895065308,0.4553002119064331,0.0010645180009305477,0
0.28440672159194946,0.5698423385620117,-1.1180664394316864e-08,0.3196324110031128,0.5472626090049744,-0.020019307732582092,0.34461554884910583,0.5175207853317261,-0.03850727528333664,0.3519844114780426,0.48794734477996826,-0.053999513387680054,0.33751028776168823,0.47312092781066895,-0.06832320243120193,0.33225786685943604,0.5762224793434143,-0.04173077642917633,0.3307749629020691,0.49710243940353394,-0.061080388724803925,0.3263491988182068,0.4982875883579254,-0.07173500210046768,0.32616788148880005,0.519038200378418,-0.07799916714429855,0.30115681886672974,0.5861968398094177,-0.04237363114953041,0.2986144721508026,0.4974839687347412,-0.05570389702916145,0.29913589358329773,0.5098351240158081,-0.05531315132975578,0.30300694704055786,0.5376480221748352,-0.055962249636650085,0.27125611901283264,0.585084855556488,-0.04432452470064163,0.27023056149482727,0.5019597411155701,-0.05629490315914154,0.2759745717048645,0.5160810351371765,-0.0483381412923336,0.2815684974193573,0.5428213477134705,-0.0421706922352314,0.2465227246284485,0.579005241394043,-0.048877615481615067,0.24528753757476807,0.517234742641449,-0.058197591453790665,0.2517259120941162,0.527338445186615,-0.05418636277318001,0.2574860751628876,0.5496575832366943,-0.05007172003388405,0
0.2949674725532532,0.5739657878875732,-2.5662302505224943e-07,0.2831425666809082,0.5198748707771301,-0.000320712715620175,0.25218334794044495,0.475796639919281,-0.007954150438308716,0.21135666966438293,0.4625389277935028,-0.01651957631111145,0.1854211986064911,0.4665237069129944,-0.023453334346413612,0.265695720911026,0.4328920245170593,-0.00968844722956419,0.2055562287569046,0.4352337121963501,-0.02661758102476597,0.2090255618095398,0.46292170882225037,-0.035020411014556885,0.22368840873241425,0.46784114837646484,-0.038937732577323914,0.26194262504577637,0.45751723647117615,-0.01697937399148941,0.1985437572002411,0.4654150903224945,-0.03186604380607605,0.20768935978412628,0.48734551668167114,-0.031953804194927216,0.22380226850509644,0.48883816599845886,-0.031114818528294563,0.2553013861179352,0.4882138967514038,-0.02517561987042427,0.1978878229856491,0.49678897857666016,-0.03768710792064667,0.21049539744853973,0.515705406665802,-0.031247582286596298,0.22760142385959625,0.5155278444290161,-0.02575254626572132,0.24817296862602234,0.5212047100067139,-0.03351164609193802,0.20496873557567596,0.5280888676643372,-0.04191550612449646,0.21542038023471832,0.5412846803665161,-0.03853633999824524,0.23013734817504883,0.5416203737258911,-0.03463590145111084,0
0.32497742772102356,0.6407836675643921,1.136279195179668e-07,0.31228742003440857,0.5872854590415955,0.004757389891892672,0.2835156321525574,0.5499963760375977,-0.002209489233791828,0.2524033784866333,0.5429830551147461,-0.011505013331770897,0.2295776605606079,0.5548162460327148,-0.022645533084869385,0.2785058319568634,0.5167781710624695,-0.02244562655687332,0.22989754378795624,0.4809834063053131,-0.037269700318574905,0.20110973715782166,0.463131844997406,-0.04556509479880333,0.17665109038352966,0.45012331008911133,-0.05019016191363335,0.27116355299949646,0.5465928912162781,-0.03365244343876839,0.2147701382637024,0.5168954730033875,-0.0476713553071022,0.1794927716255188,0.5042303800582886,-0.05319460853934288,0.15074408054351807,0.49527230858802795,-0.05672502517700195,0.26463449001312256,0.5831979513168335,-0.04272584617137909,0.21177339553833008,0.5739678740501404,-0.055270005017519,0.22592051327228546,0.5841649770736694,-0.050649140030145645,0.24351347982883453,0.5898360013961792,-0.04455561563372612,0.25911837816238403,0.6214674711227417,-0.05108446255326271,0.21931135654449463,0.6106770634651184,-0.05806920677423477,0.23053883016109467,0.6146762371063232,-0.050173740833997726,0.2463230937719345,0.6158923506736755,-0.0422888919711113,2
0.3744848072528839,0.6309381127357483,3.8136079183459515e-08,0.37419381737709045,0.5801786780357361,0.002671759109944105,0.3572624921798706,0.5336300730705261,-0.005366775672882795,0.3306109309196472,0.5103519558906555,-0.01462596282362938,0.31267955899238586,0.5018783807754517,-0.025127224624156952,0.3700697124004364,0.5037555694580078,-0.023107033222913742,0.3325102925300598,0.4593700170516968,-0.03756667301058769,0.31009405851364136,0.4354887902736664,-0.04632838815450668,0.29204338788986206,0.4161817729473114,-0.0517139732837677,0.3600710332393646,0.5296533703804016,-0.03300277888774872,0.31975257396698,0.4815424680709839,-0.04644883796572685,0.29326021671295166,0.45664718747138977,-0.05189084634184837,0.2728979289531708,0.4370380640029907,-0.0561274029314518,0.3476160764694214,0.5594121217727661,-0.04104749113321304,0.3039829730987549,0.5274339914321899,-0.05254247412085533,0.31099429726600647,0.5438621044158936,-0.04699022322893143,0.3243998885154724,0.5564111471176147,-0.04128355160355568,0.3341197073459625,0.5896638631820679,-0.048574917018413544,0.29991844296455383,0.5627697110176086,-0.05508818104863167,0.3067604899406433,0.5726779699325562,-0.04742371663451195,0.319963276386261,0.5807069540023804,-0.040484003722667694,2
0.3823137879371643,0.6158182621002197,3.163231383496168e-07,0.40047356486320496,0.5672962069511414,0.0006078381557017565,0.39466655254364014,0.5169721841812134,-0.0022135169710963964,0.36865735054016113,0.4950908422470093,-0.0040628183633089066,0.34441620111465454,0.491353839635849,-0.007466553710401058,0.39439356327056885,0.5058608055114746,-0.01686820574104786,0.3814443349838257,0.44258469343185425,-0.021836182102560997,0.37256690859794617,0.40934666991233826,-0.023189667612314224,0.3630835711956024,0.3838141858577728,-0.023411527276039124,0.3683488965034485,0.5167168378829956,-0.0209350548684597,0.35563036799430847,0.44800713658332825,-0.025652870535850525,0.3475068509578705,0.41053444147109985,-0.027622632682323456,0.33922117948532104,0.3815792500972748,-0.0284475926309824,0.34298914670944214,0.5294786691665649,-0.023238463327288628,0.3262074589729309,0.4729304611682892,-0.028638020157814026,0.3194570541381836,0.4405335783958435,-0.03205076977610588,0.31246188282966614,0.41652193665504456,-0.03429131954908371,0.32257890701293945,0.5431656241416931,-0.024393461644649506,0.3225918114185333,0.5009645223617554,-0.027063319459557533,0.33268219232559204,0.5069118142127991,-0.021978098899126053,0.34010428190231323,0.5196095108985901,-0.017761340364813805,3
0.3709060847759247,0.6205965280532837,9.771827080840012e-08,0.3859955072402954,0.5651547312736511,0.003820769488811493,0.37828728556632996,0.5142211318016052,0.002562714507803321,0.35648980736732483,0.4918920695781708,0.001117484993301332,0.3355616331100464,0.493426114320755,-0.0016066910466179252,0.3664083480834961,0.49444320797920227,-0.013242658227682114,0.35124194622039795,0.4348093867301941,-0.01617923006415367,0.34130558371543884,0.40162765979766846,-0.015310750342905521,0.332213431596756,0.37775784730911255,-0.014633758924901485,0.339512437582016,0.5090072751045227,-0.01695607788860798,0.32400283217430115,0.4643416702747345,-0.01901271939277649,0.3312552869319916,0.47860097885131836,-0.014090698212385178,0.3393533229827881,0.49742457270622253,-0.010220657102763653,0.3183552324771881,0.5289382338523865,-0.01869800314307213,0.31065529584884644,0.49469298124313354,-0.017121952027082443,0.3189879357814789,0.5080106854438782,-0.008511708118021488,0.3253544569015503,0.5242066979408264,-0.0037380564026534557,0.30168792605400085,0.550093412399292,-0.02002173662185669,0.2980251908302307,0.5207749009132385,-0.015267831273376942,0.3069663643836975,0.5318549871444702,-0.005605641286820173,0.31201842427253723,0.545839786529541,0.0009953670669347048,1
0.3693857192993164,0.6094939112663269,3.1513766884927463e-07,0.3880619704723358,0.5599591135978699,0.00016736160614527762,0.3844768702983856,0.5071493983268738,-0.00342708476819098,0.3585585057735443,0.48370587825775146,-0.006789829581975937,0.33554330468177795,0.48345673084259033,-0.010954026132822037,0.3741137385368347,0.49305567145347595,-0.01899455487728119,0.3635934591293335,0.4304417371749878,-0.025788908824324608,0.357025682926178,0.3963192403316498,-0.0273753572255373,0.35182151198387146,0.3707076609134674,-0.02675432711839676,0.34686532616615295,0.5063909888267517,-0.02198086865246296,0.3242969810962677,0.4452332854270935,-0.02701423317193985,0.3105478584766388,0.41026031970977783,-0.027393976226449013,0.2997763752937317,0.38713282346725464,-0.027022453024983406,0.3239244520664215,0.5230341553688049,-0.022925082594156265,0.31250229477882385,0.48198193311691284,-0.02626093104481697,0.32313892245292664,0.4921414256095886,-0.02118597738444805,0.3306100368499756,0.5091522932052612,-0.015803709626197815,0.3063843250274658,0.5408046245574951,-0.02352728694677353,0.30298811197280884,0.5058186650276184,-0.021825753152370453,0.31244415044784546,0.5150874257087708,-0.01259307749569416,0.31764715909957886,0.5300860404968262,-0.004562664311379194,2
0.36357834935188293,0.6025272011756897,-9.141540147084015e-08,0.38358187675476074,0.5540083050727844,0.005464243236929178,0.3851269781589508,0.5054585933685303,0.004520147107541561,0.3687974512577057,0.4776155948638916,0.002630252856761217,0.34862032532691956,0.473295658826828,0.00022465476649813354,0.3729199767112732,0.48279157280921936,-0.006304696202278137,0.3537556231021881,0.44821980595588684,-0.010148681700229645,0.3533724248409271,0.4654919505119324,-0.01216419879347086,0.3599041700363159,0.48232975602149963,-0.012843163684010506,0.34734484553337097,0.49582546949386597,-0.011543139815330505,0.3312593996524811,0.4597419500350952,-0.011451770551502705,0.33306342363357544,0.47685152292251587,-0.008900913409888744,0.33945924043655396,0.49457070231437683,-0.007697476539760828,0.324481338262558,0.5134574770927429,-0.015508643351495266,0.31209397315979004,0.47956204414367676,-0.014017737470567226,0.3165194094181061,0.4955884516239166,-0.007753967773169279,0.3233076333999634,0.5117745399475098,-0.004705172963440418,0.3061094284057617,0.5339248776435852,-0.01875375770032406,0.29943111538887024,0.5050716400146484,-0.01607092097401619,0.3057102859020233,0.5184386372566223,-0.0077503155916929245,0.3114829659461975,0.532020628452301,-0.0018584822537377477,0
0.36468541622161865,0.5877314209938049,-6.636334148879541e-08,0.35147255659103394,0.5293548703193665,-0.0045676445588469505,0.3199816048145294,0.48624834418296814,-0.008024396374821663,0.28521841764450073,0.4741480350494385,-0.00946136750280857,0.26502788066864014,0.4831487238407135,-0.009463485330343246,0.2979885935783386,0.5187381505966187,-0.02077244594693184,0.2573733329772949,0.4970979690551758,-0.028493277728557587,0.27491989731788635,0.49828267097473145,-0.030665654689073563,0.29138219356536865,0.5060694813728333,-0.03012072667479515,0.2903578579425812,0.5573904514312744,-0.020504634827375412,0.25068098306655884,0.5299888849258423,-0.02249044179916382,0.2653265595436096,0.5276347398757935,-0.01924172416329384,0.2798760235309601,0.5362380743026733,-0.017290731891989708,0.28681427240371704,0.5898473858833313,-0.019385969266295433,0.25553545355796814,0.5633152723312378,-0.01805729791522026,0.26812463998794556,0.5590976476669312,-0.010544498451054096,0.28080055117607117,0.5659924745559692,-0.006906610913574696,0.28624236583709717,0.6155006289482117,-0.018553514033555984,0.2620867192745209,0.5893343091011047,-0.015972526744008064,0.27299201488494873,0.5849744081497192,-0.008098489604890347,0.2832932472229004,0.5910069942474365,-0.0028228338342159986,0
0.3489707410335541,0.5335573554039001,-8.302416887318032e-08,0.3722832500934601,0.49390485882759094,0.0024135445710271597,0.37919485569000244,0.44987040758132935,0.0015529899392277002,0.3682226240634918,0.41468653082847595,0.0006178774056024849,0.35119640827178955,0.40161579847335815,-0.0005217065918259323,0.3598884344100952,0.4153447449207306,-0.005228521302342415,0.3427881598472595,0.3918536603450775,-0.007250957190990448,0.342550128698349,0.40902113914489746,-0.008873316459357738,0.3491053879261017,0.42537787556648254,-0.009726207703351974,0.33414512872695923,0.4237446188926697,-0.008103099651634693,0.3219168782234192,0.3974580764770508,-0.006634007208049297,0.3231123685836792,0.4155752658843994,-0.004441292956471443,0.32879433035850525,0.43355587124824524,-0.003687493735924363,0.31118330359458923,0.43942752480506897,-0.00994631927460432,0.3028317093849182,0.4152787923812866,-0.008281868882477283,0.30623531341552734,0.43237006664276123,-0.0032951387111097574,0.3124632239341736,0.44874298572540283,-0.0011000341037288308,0.2922842502593994,0.45942413806915283,-0.011336448602378368,0.288568913936615,0.439606249332428,-0.009785076603293419,0.2929787039756775,0.4538314640522003,-0.003480796702206135,0.297655314207077,0.4665064513683319,0.001328187994658947,0
0.33837541937828064,0.4375293254852295,-8.568348164317285e-08,0.35005810856819153,0.38682034611701965,-0.0005758451879955828,0.33767083287239075,0.3532252311706543,-0.003301402786746621,0.31678420305252075,0.34537017345428467,-0.005968332756310701,0.29953137040138245,0.354895681142807,-0.00900137610733509,0.321990430355072,0.31889644265174866,-0.004074402153491974,0.31219348311424255,0.33235999941825867,-0.010217866860330105,0.3176495134830475,0.35212263464927673,-0.0177618395537138,0.3249764144420624,0.3649749755859375,-0.023205751553177834,0.29817524552345276,0.3289799094200134,-0.006543309427797794,0.29288771748542786,0.3426668047904968,-0.007349466904997826,0.29908517003059387,0.36039817333221436,-0.00934365764260292,0.3081154525279999,0.37321609258651733,-0.012008124962449074,0.27950519323349,0.35096654295921326,-0.008823418989777565,0.2782154977321625,0.3647974729537964,-0.010173615999519825,0.28642505407333374,0.38057786226272583,-0.01013883389532566,0.2965809404850006,0.3915180265903473,-0.011169100180268288,0.26526135206222534,0.3756408095359802,-0.011259863153100014,0.2657008171081543,0.3906090557575226,-0.013727673329412937,0.27448543906211853,0.40501827001571655,-0.012243222445249557,0.28278014063835144,0.4136061370372772,-0.010423259809613228,0
0.26859429478645325,0.5295406579971313,-3.050277541660762e-07,0.22738349437713623,0.5118640661239624,-0.01450175978243351,0.19158843159675598,0.48518985509872437,-0.025853632017970085,0.16546732187271118,0.459057092666626,-0.03747161105275154,0.18129891157150269,0.44675102829933167,-0.04481792449951172,0.21987131237983704,0.39589378237724304,-0.0029635420069098473,0.1836947351694107,0.4005357027053833,-0.022674961015582085,0.1917281150817871,0.43818315863609314,-0.03280423581600189,0.20381686091423035,0.4434949457645416,-0.03812723979353905,0.24242565035820007,0.390567809343338,-0.004838943015784025,0.2018537074327469,0.4052480161190033,-0.02516426146030426,0.21192459762096405,0.44896477460861206,-0.025914562866091728,0.22526217997074127,0.4494164288043976,-0.02152324840426445,0.2647467255592346,0.398171603679657,-0.010902350768446922,0.2257496565580368,0.41769376397132874,-0.030441848561167717,0.2321297526359558,0.4561789035797119,-0.02282399870455265,0.24488544464111328,0.4546222686767578,-0.012280777096748352,0.2842799127101898,0.4157586693763733,-0.018929773941636086,0.2522922456264496,0.4322294294834137,-0.028369944542646408,0.253037691116333,0.45659327507019043,-0.02334335446357727,0.2630379796028137,0.4576345682144165,-0.016114335507154465,0
0.287910521030426,0.4197259545326233,-1.515602008339556e-07,0.32689207792282104,0.44703447818756104,0.009833049029111862,0.34981873631477356,0.4854709506034851,0.007225404493510723,0.35316750407218933,0.5217964053153992,0.001430679578334093,0.34507516026496887,0.5509893894195557,-0.003445587819442153,0.363497257232666,0.5107024312019348,-0.005059575196355581,0.36482930183410645,0.5658584237098694,-0.013647196814417839,0.3497733473777771,0.5636733174324036,-0.017527351155877113,0.3447002172470093,0.5492635369300842,-0.01889852061867714,0.34189528226852417,0.5200662016868591,-0.016495591029524803,0.3380959630012512,0.5819182395935059,-0.020191889256238937,0.3233628273010254,0.5718712210655212,-0.01792043261229992,0.3201712667942047,0.5502679347991943,-0.016441557556390762,0.31479984521865845,0.5251310467720032,-0.026855040341615677,0.3078162670135498,0.5813754200935364,-0.028445640578866005,0.2972761392593384,0.566262423992157,-0.019916828721761703,0.29659274220466614,0.5436540246009827,-0.014874023385345936,0.28434208035469055,0.5246933102607727,-0.03663751482963562,0.27862995862960815,0.5721782445907593,-0.03511768579483032,0.2739327847957611,0.5571488738059998,-0.025121845304965973,0.2753981649875641,0.5356079339981079,-0.017969924956560135,0
0.31747812032699585,0.40833958983421326,-1.8083298414239835e-07,0.29482603073120117,0.4594483971595764,-0.007973297499120235,0.2854519784450531,0.5039969086647034,-0.01854848861694336,0.27880004048347473,0.5320248603820801,-0.03025592863559723,0.2826034724712372,0.534126877784729,-0.039385925978422165,0.36367762088775635,0.5533269643783569,-0.007513310760259628,0.3198511302471161,0.579904317855835,-0.025895603001117706,0.30463868379592896,0.5430810451507568,-0.03703005611896515,0.31478530168533325,0.5277726054191589,-0.04447975382208824,0.3789174556732178,0.5360860824584961,-0.014687849208712578,0.32627737522125244,0.5603151321411133,-0.03010701760649681,0.31001535058021545,0.5188758969306946,-0.03290948644280434,0.32339033484458923,0.5085819959640503,-0.03404522314667702,0.3847860097885132,0.5108176469802856,-0.023936253041028976,0.33584317564964294,0.5319808125495911,-0.03830493986606598,0.32068440318107605,0.496125727891922,-0.03286462277173996,0.3338107168674469,0.48583024740219116,-0.028274202719330788,0.38350093364715576,0.4813706576824188,-0.03446728363633156,0.34847819805145264,0.49865463376045227,-0.04117288067936897,0.3360326588153839,0.4760949909687042,-0.03480284661054611,0.3450174927711487,0.46584367752075195,-0.029545407742261887,0
0.3590191602706909,0.4190056324005127,-1.7495345616680424e-07,0.38154029846191406,0.42732784152030945,-0.020190196111798286,0.4027043282985687,0.449449360370636,-0.03203495964407921,0.398910254240036,0.4785495698451996,-0.04118181765079498,0.38074177503585815,0.4957119822502136,-0.046791188418865204,0.3983302116394043,0.5239883661270142,-0.01690685749053955,0.38343575596809387,0.5319483280181885,-0.03182097151875496,0.37675994634628296,0.5016066431999207,-0.038327280431985855,0.3787730038166046,0.4863344132900238,-0.04176558554172516,0.37265917658805847,0.5318742990493774,-0.015398383140563965,0.35849529504776,0.5389294624328613,-0.03111983835697174,0.3559783399105072,0.49993741512298584,-0.03405853733420372,0.3625139594078064,0.4909423291683197,-0.03294738009572029,0.34848442673683167,0.5288011431694031,-0.01661008596420288,0.33474496006965637,0.5310174822807312,-0.033171240240335464,0.3370610773563385,0.4968924820423126,-0.029688209295272827,0.3464827835559845,0.49106365442276,-0.024106765165925026,0.3262180685997009,0.5169917345046997,-0.01953108236193657,0.31563377380371094,0.5216391086578369,-0.030710749328136444,0.3191949427127838,0.4973079264163971,-0.02709515392780304,0.32839107513427734,0.49090275168418884,-0.021852845326066017,0
0.31310877203941345,0.2913435995578766,-1.705875121160716e-07,0.2679457664489746,0.3180696368217468,0.00759076839312911,0.24635982513427734,0.36826735734939575,0.004765153396874666,0.24912390112876892,0.4075583517551422,-0.0002718753821682185,0.2636074423789978,0.430855393409729,-0.0056845648214221,0.22215451300144196,0.39144429564476013,-0.009160351939499378,0.23112580180168152,0.45993342995643616,-0.017576949670910835,0.2453443855047226,0.4438200891017914,-0.021672163158655167,0.2465335577726364,0.41996508836746216,-0.02350759692490101,0.25145554542541504,0.40054601430892944,-0.017637386918067932,0.25972869992256165,0.46488308906555176,-0.021974405273795128,0.2709295153617859,0.4453152120113373,-0.019165828824043274,0.27095428109169006,0.42021358013153076,-0.01760813593864441,0.28355270624160767,0.40575945377349854,-0.024811819195747375,0.2885741889476776,0.4608115553855896,-0.026870226487517357,0.29592829942703247,0.439164936542511,-0.01885211654007435,0.2954176962375641,0.414522647857666,-0.014090980403125286,0.315050333738327,0.40593117475509644,-0.03128873556852341,0.3150328993797302,0.4470149874687195,-0.031500138342380524,0.3175865411758423,0.4290252923965454,-0.022743793204426765,0.31700432300567627,0.40818268060684204,-0.01586143672466278,0
0.3266639709472656,0.35282832384109497,-1.7583663236564462e-07,0.272624671459198,0.3619299829006195,-0.014707943424582481,0.23170755803585052,0.36084648966789246,-0.027333689853549004,0.2103928178548813,0.3694046437740326,-0.038746178150177,0.2233726978302002,0.37827882170677185,-0.047854408621788025,0.24404659867286682,0.26659485697746277,-0.022514479234814644,0.21544520556926727,0.3259301781654358,-0.039076466113328934,0.23051577806472778,0.3515177071094513,-0.04694978892803192,0.2432335615158081,0.34389159083366394,-0.05177323520183563,0.2703302502632141,0.2703259587287903,-0.025134844705462456,0.24313199520111084,0.34530162811279297,-0.04062964394688606,0.25716376304626465,0.3613375723361969,-0.04162559285759926,0.2680491507053375,0.34675803780555725,-0.04124295338988304,0.29533475637435913,0.2888718843460083,-0.029693415388464928,0.27160823345184326,0.3627275824546814,-0.04143742471933365,0.28054600954055786,0.3710624873638153,-0.0355050154030323,0.288546085357666,0.3539546728134155,-0.03026881441473961,0.3171566128730774,0.3136840760707855,-0.03629150241613388,0.29668912291526794,0.36751964688301086,-0.04217829182744026,0.301166296005249,0.3702545762062073,-0.0381300151348114,0.3080151081085205,0.35499027371406555,-0.03376525267958641,0
0.30719515681266785,0.32840120792388916,-2.2827053669516317e-07,0.31413546204566956,0.2832760214805603,-0.03178431838750839,0.32219401001930237,0.24410349130630493,-0.054446328431367874,0.2996353507041931,0.23453396558761597,-0.07053802162408829,0.27378231287002563,0.25973546504974365,-0.08260144293308258,0.35221046209335327,0.32091495394706726,-0.055618785321712494,0.3005034029483795,0.2908231019973755,-0.07682331651449203,0.296379029750824,0.27222740650177,-0.0852893739938736,0.30886754393577576,0.2779161036014557,-0.09267095476388931,0.33862873911857605,0.36035165190696716,-0.0495261549949646,0.28248846530914307,0.31659743189811707,-0.06889007985591888,0.2846970558166504,0.2941097021102905,-0.06726590543985367,0.3040273189544678,0.3059019148349762,-0.06720631569623947,0.32010892033576965,0.38577303290367126,-0.04550114646553993,0.26693835854530334,0.3404082953929901,-0.061389606446027756,0.2754807770252228,0.3202844262123108,-0.053053464740514755,0.2965642213821411,0.32949966192245483,-0.048153169453144073,0.3000735640525818,0.40168774127960205,-0.04524131864309311,0.2626304030418396,0.3645337224006653,-0.06395468860864639,0.26700443029403687,0.35012170672416687,-0.06699201464653015,0.28163766860961914,0.35440102219581604,-0.0677509680390358,0
0.2092651128768921,0.21196763217449188,3.1202620220938115e-07,0.26126453280448914,0.24837905168533325,0.004977521952241659,0.2777255177497864,0.3159484267234802,0.0046278340741992,0.26475048065185547,0.3644900321960449,0.0038253662642091513,0.24714010953903198,0.3943006694316864,0.0033718470949679613,0.28577733039855957,0.34994959831237793,-0.01392408274114132,0.30739626288414,0.41844362020492554,-0.01672409474849701,0.3206166923046112,0.45815330743789673,-0.01751803047955036,0.3290974795818329,0.48910731077194214,-0.01855667121708393,0.25174492597579956,0.36013102531433105,-0.019530167803168297,0.2604447901248932,0.43740126490592957,-0.019597720354795456,0.2677481770515442,0.4821445047855377,-0.02022434212267399,0.2692399024963379,0.5156636834144592,-0.022871999070048332,0.21937337517738342,0.35791411995887756,-0.02268703654408455,0.2232915312051773,0.42303627729415894,-0.021410979330539703,0.23484773933887482,0.40573495626449585,-0.015646934509277344,0.23936286568641663,0.3801236152648926,-0.01242716982960701,0.19364255666732788,0.3489784002304077,-0.025534462183713913,0.20564967393875122,0.3813904821872711,-0.022428490221500397,0.21599091589450836,0.36987125873565674,-0.014530413784086704,0.2179887890815735,0.3532315492630005,-0.008609817363321781,2
0.24827244877815247,0.24631725251674652,1.884329776657978e-07,0.29745063185691833,0.2932305932044983,0.004499569535255432,0.30568134784698486,0.3657326102256775,0.006219092290848494,0.2883323132991791,0.4089154899120331,0.009122558869421482,0.2722090780735016,0.4331335425376892,0.011090545915067196,0.3151736557483673,0.3858213424682617,-0.01445011142641306,0.3311545252799988,0.4583647847175598,-0.014420712366700172,0.34092459082603455,0.501101016998291,-0.01218499056994915,0.3498225212097168,0.5360400676727295,-0.011899342760443687,0.28160059452056885,0.39160600304603577,-0.020100701600313187,0.29276934266090393,0.46629443764686584,-0.022363189607858658,0.29863640666007996,0.5121950507164001,-0.024942468851804733,0.30272117257118225,0.5460986495018005,-0.028541889041662216,0.24971887469291687,0.390457421541214,-0.023570451885461807,0.24643605947494507,0.45997491478919983,-0.029493408277630806,0.2483723759651184,0.5035005211830139,-0.037323448807001114,0.24844658374786377,0.5332053899765015,-0.043936796486377716,0.22487257421016693,0.38471317291259766,-0.025261763483285904,0.23971553146839142,0.4199120104312897,-0.02709532156586647,0.25196534395217896,0.40463849902153015,-0.024662014096975327,0.2555449306964874,0.3847475051879883,-0.024313468486070633,3
0.24695870280265808,0.2504093647003174,-1.9523362482232187e-08,0.2939833402633667,0.30167481303215027,0.007779250852763653,0.30325832962989807,0.36999180912971497,0.005476487334817648,0.2899676561355591,0.4169326722621918,0.0021623994689434767,0.2696476876735687,0.4435984492301941,-0.0016219635726884007,0.3076867461204529,0.40051981806755066,-0.01789972372353077,0.3230000138282776,0.4759916663169861,-0.023463431745767593,0.33006981015205383,0.5189601182937622,-0.023786436766386032,0.335407555103302,0.5535199046134949,-0.024378718808293343,0.2748618423938751,0.4017137289047241,-0.026036467403173447,0.2644237279891968,0.47193583846092224,-0.031216422095894814,0.26563119888305664,0.4482518136501312,-0.02427861839532852,0.27008119225502014,0.41864773631095886,-0.01797196827828884,0.24269066751003265,0.39245888590812683,-0.03159596771001816,0.2377038300037384,0.44131991267204285,-0.029851354658603668,0.24249616265296936,0.419973224401474,-0.016564328223466873,0.24609079957008362,0.3962244689464569,-0.008336355909705162,0.21679548919200897,0.37753909826278687,-0.03683632239699364,0.21964575350284576,0.41093993186950684,-0.027784835547208786,0.22483393549919128,0.3943641185760498,-0.013271189294755459,0.22755201160907745,0.37593698501586914,-0.0037263305857777596,1
0.24423658847808838,0.2592461109161377,2.112133330456345e-07,0.28943589329719543,0.313002347946167,0.004010540433228016,0.29188108444213867,0.3831101357936859,0.003358528483659029,0.2688755691051483,0.42014458775520325,0.0043206606060266495,0.24903205037117004,0.44049566984176636,0.003969989251345396,0.3027048707008362,0.40304017066955566,-0.022092584520578384,0.3151553273200989,0.47768688201904297,-0.02429228462278843,0.32179877161979675,0.5216413140296936,-0.023032844066619873,0.3275662958621979,0.5596567392349243,-0.02350001595914364,0.2673569321632385,0.4046403467655182,-0.028132304549217224,0.27142202854156494,0.4797315001487732,-0.03204740583896637,0.2707422375679016,0.5281756520271301,-0.0357852466404438,0.26893720030784607,0.5654130578041077,-0.04069257900118828,0.23415228724479675,0.39845094084739685,-0.03152208402752876,0.22330327332019806,0.4649863541126251,-0.039566051214933395,0.2194247841835022,0.5122486352920532,-0.050168391317129135,0.21460461616516113,0.5470892190933228,-0.05910877138376236,0.20809109508991241,0.3892739415168762,-0.032690662890672684,0.22065286338329315,0.4213208854198456,-0.0366903655230999,0.2366962730884552,0.4059189558029175,-0.03636889159679413,0.24412332475185394,0.38741394877433777,-0.03798576071858406,3
0.24697653949260712,0.2606465816497803,2.9635452847287524e-07,0.28997349739074707,0.31313568353652954,-0.0029043350368738174,0.29055073857307434,0.3841884434223175,-0.009025989100337029,0.2651076912879944,0.4303755760192871,-0.014055155217647552,0.24348057806491852,0.45398038625717163,-0.018298722803592682,0.29687586426734924,0.3989758789539337,-0.027450671419501305,0.31152409315109253,0.4641342759132385,-0.03818507865071297,0.32246658205986023,0.5077338218688965,-0.04541964828968048,0.3294244706630707,0.5441275238990784,-0.051598235964775085,0.2616599500179291,0.3935270309448242,-0.03284420073032379,0.2582431733608246,0.467816025018692,-0.04116686433553696,0.25946733355522156,0.5135932564735413,-0.04626467823982239,0.25730279088020325,0.5476218461990356,-0.05264870077371597,0.2298315018415451,0.38152703642845154,-0.03655921295285225,0.21604573726654053,0.45963239669799805,-0.04558825120329857,0.23189419507980347,0.4556744694709778,-0.043630484491586685,0.24414567649364471,0.4365408718585968,-0.04209786653518677,0.20507466793060303,0.3685031831264496,-0.04026045650243759,0.2058090716600418,0.4222087860107422,-0.04784408584237099,0.22148020565509796,0.41500240564346313,-0.044635165482759476,0.2305746227502823,0.39589256048202515,-0.04144330322742462,2
0.24648459255695343,0.2931491732597351,-1.6749368114687968e-07,0.290401816368103,0.3321229815483093,0.0022287992760539055,0.3057100772857666,0.39430510997772217,-0.005689471960067749,0.2953808307647705,0.44699591398239136,-0.013646818697452545,0.27464866638183594,0.4769617021083832,-0.019495956599712372,0.3139761686325073,0.4019894301891327,-0.031306106597185135,0.30882027745246887,0.485443651676178,-0.0427430123090744,0.2961972951889038,0.4691358506679535,-0.04331544414162636,0.2932763397693634,0.44323375821113586,-0.041276462376117706,0.2810310125350952,0.39921021461486816,-0.03891783580183983,0.2741484045982361,0.483619749546051,-0.04476603865623474,0.26770666241645813,0.4630797505378723,-0.036983538419008255,0.26817047595977783,0.4339500963687897,-0.03191962093114853,0.24705596268177032,0.394345223903656,-0.04471117630600929,0.2420913428068161,0.469821572303772,-0.045511964708566666,0.24096351861953735,0.44769755005836487,-0.030712459236383438,0.24288254976272583,0.4195743203163147,-0.022038893774151802,0.21529047191143036,0.38711175322532654,-0.0503138042986393,0.2167361080646515,0.4491361379623413,-0.04569349065423012,0.2193099558353424,0.4308643639087677,-0.031120382249355316,0.2207605540752411,0.40537336468696594,-0.021810628473758698,0
0.17565293610095978,0.2703436017036438,-1.8100125487308105e-07,0.18808336555957794,0.2769280970096588,-0.030490385368466377,0.20801419019699097,0.2577562928199768,-0.04896451160311699,0.22112417221069336,0.2259509563446045,-0.06257176399230957,0.20940880477428436,0.19956210255622864,-0.07172279059886932,0.1511932760477066,0.14071272313594818,-0.03138696402311325,0.17412254214286804,0.15706966817378998,-0.05211341008543968,0.178591787815094,0.1995084434747696,-0.06182503327727318,0.16491836309432983,0.19943329691886902,-0.06873536109924316,0.13935419917106628,0.11818772554397583,-0.02795848622918129,0.16579680144786835,0.1424330621957779,-0.046728573739528656,0.17800866067409515,0.196538046002388,-0.04904397204518318,0.16864238679409027,0.1934698522090912,-0.050194889307022095,0.13117502629756927,0.11869584023952484,-0.02786862850189209,0.15547281503677368,0.1430024355649948,-0.0501340888440609,0.1675041764974594,0.19517582654953003,-0.04399256408214569,0.1579568237066269,0.19624124467372894,-0.03853951022028923,0.1253235936164856,0.1333371102809906,-0.03022504411637783,0.14422707259655,0.1605360209941864,-0.0470287911593914,0.15620814263820648,0.19681967794895172,-0.04376722127199173,0.1527235209941864,0.19995586574077606,-0.039687931537628174,0
0.3070230782032013,0.3774668276309967,-1.0567106301095919e-07,0.30193862318992615,0.43324756622314453,0.0002905151341110468,0.30175334215164185,0.4807438552379608,-0.005714006256312132,0.2933464050292969,0.5173998475074768,-0.013390873558819294,0.28559520840644836,0.5349130630493164,-0.018666241317987442,0.3723861575126648,0.49267688393592834,-0.002302703447639942,0.33059361577033997,0.541662871837616,-0.010747643187642097,0.31779250502586365,0.5196619629859924,-0.017136137932538986,0.3230786621570587,0.4999810457229614,-0.02244691178202629,0.36663758754730225,0.48933884501457214,-0.009171376004815102,0.31551697850227356,0.5384863018989563,-0.01434867549687624,0.3067478537559509,0.5139568448066711,-0.01517810020595789,0.3144053816795349,0.49529051780700684,-0.017562350258231163,0.3507547974586487,0.48329922556877136,-0.016559086740016937,0.3012484014034271,0.5255292057991028,-0.01951668970286846,0.29599881172180176,0.4990421533584595,-0.01597130484879017,0.3038637042045593,0.47879600524902344,-0.015518336556851864,0.3295724391937256,0.47648054361343384,-0.024713799357414246,0.2911764085292816,0.5060587525367737,-0.024035563692450523,0.286514014005661,0.48671674728393555,-0.020353419706225395,0.2920205593109131,0.4721314311027527,-0.01905800588428974,0
0.20299743115901947,0.4151204526424408,-9.847349957681217e-08,0.19707252085208893,0.39835411310195923,-0.035190150141716,0.19215334951877594,0.4147125482559204,-0.05479740723967552,0.21591097116470337,0.456606388092041,-0.06852056086063385,0.2308255285024643,0.4915820360183716,-0.07768232375383377,0.1197272390127182,0.4777577519416809,-0.03161716088652611,0.16842779517173767,0.4830566346645355,-0.06016094982624054,0.17819517850875854,0.45312756299972534,-0.07979084551334381,0.16555877029895782,0.44422104954719543,-0.0916915163397789,0.1293586790561676,0.5109688639640808,-0.023913003504276276,0.18405097723007202,0.5073173642158508,-0.048563551157712936,0.19333510100841522,0.4689197242259979,-0.055851224809885025,0.1793120801448822,0.4613161087036133,-0.0580316036939621,0.14917927980422974,0.5291364789009094,-0.020678753033280373,0.2011229544878006,0.5207497477531433,-0.039355985820293427,0.21027512848377228,0.48601147532463074,-0.03343939408659935,0.19901302456855774,0.48081886768341064,-0.027427274733781815,0.1721774786710739,0.5373469591140747,-0.021521443501114845,0.2135034203529358,0.5277413725852966,-0.032747771590948105,0.22198206186294556,0.5016202926635742,-0.02984333410859108,0.21397632360458374,0.49461305141448975,-0.02509615384042263,0
0.2313506007194519,0.3980334997177124,5.662796809247084e-08,0.2712036967277527,0.4441795349121094,-0.009259562939405441,0.2959555387496948,0.5035557746887207,-0.027439983561635017,0.28962916135787964,0.5525751709938049,-0.04382174089550972,0.26375293731689453,0.5611734986305237,-0.05806470662355423,0.32487449049949646,0.4459398686885834,-0.04832838103175163,0.31592682003974915,0.5268760919570923,-0.06335240602493286,0.2968502938747406,0.5236834287643433,-0.06631862372159958,0.2930043637752533,0.5011017918586731,-0.06842517107725143,0.2982710301876068,0.43866345286369324,-0.055571604520082474,0.2880183160305023,0.5331941246986389,-0.06842061132192612,0.2719956338405609,0.5222693681716919,-0.06316132843494415,0.26985079050064087,0.4959568679332733,-0.06111931428313255,0.2666938900947571,0.43998613953590393,-0.06161884963512421,0.25685179233551025,0.5305487513542175,-0.06682664155960083,0.24747012555599213,0.5129474401473999,-0.056352823972702026,0.24895840883255005,0.4862678647041321,-0.052089110016822815,0.23446816205978394,0.4484288692474365,-0.06899123638868332,0.22958534955978394,0.5201138257980347,-0.06840722262859344,0.22494256496429443,0.504175066947937,-0.06014936417341232,0.22642944753170013,0.4784976840019226,-0.05700080096721649,0
0.19282770156860352,0.33063361048698425,5.845656048109049e-08,0.23808836936950684,0.346142053604126,-0.019510671496391296,0.27165406942367554,0.36579573154449463,-0.041427016258239746,0.2902523875236511,0.389963835477829,-0.061997849494218826,0.28755947947502136,0.4001733064651489,-0.08085374534130096,0.27818435430526733,0.26511722803115845,-0.04364028200507164,0.30463090538978577,0.3411700427532196,-0.06674718856811523,0.29265153408050537,0.35691219568252563,-0.07910220324993134,0.28087320923805237,0.3404218256473541,-0.0882469043135643,0.24905584752559662,0.26702702045440674,-0.04790571704506874,0.2778186500072479,0.35587817430496216,-0.0665220394730568,0.26437482237815857,0.3602926433086395,-0.06851555407047272,0.25625982880592346,0.33653944730758667,-0.07240527123212814,0.22102142870426178,0.2848120927810669,-0.05349935591220856,0.24753084778785706,0.3735167384147644,-0.06729637831449509,0.23647871613502502,0.37090983986854553,-0.06024860218167305,0.22957490384578705,0.3459482192993164,-0.05747004598379135,0.19600136578083038,0.3092391788959503,-0.0619012750685215,0.21816468238830566,0.38062769174575806,-0.07291769236326218,0.2150697112083435,0.3774186968803406,-0.07120431959629059,0.2098603993654251,0.35485321283340454,-0.07055171579122543,0
0.2325422167778015,0.24540875852108002,-1.30916873786191e-07,0.19826292991638184,0.24534174799919128,-0.0362091101706028,0.1693800687789917,0.2575203776359558,-0.058040134608745575,0.18933837115764618,0.2883184552192688,-0.07378087192773819,0.21540598571300507,0.31674203276634216,-0.08476471155881882,0.15429635345935822,0.3826078176498413,-0.03776362165808678,0.1679290533065796,0.36436694860458374,-0.07082092761993408,0.1771252155303955,0.32123294472694397,-0.08905665576457977,0.17477628588676453,0.3129396438598633,-0.09969331324100494,0.19270473718643188,0.4052630066871643,-0.03317790478467941,0.20937195420265198,0.37987276911735535,-0.06354055553674698,0.21403563022613525,0.32984277606010437,-0.07002092152833939,0.208733469247818,0.32621708512306213,-0.07053837180137634,0.23016510903835297,0.40421268343925476,-0.03359970822930336,0.2464924454689026,0.3625563979148865,-0.06198227033019066,0.24275405704975128,0.3191242516040802,-0.057912617921829224,0.23422890901565552,0.32266542315483093,-0.05155051127076149,0.26321202516555786,0.3890228867530823,-0.037440620362758636,0.27349036931991577,0.34474486112594604,-0.05785616487264633,0.26619261503219604,0.30983617901802063,-0.057257018983364105,0.25630152225494385,0.3130929172039032,-0.05295227840542793,0
0.24363401532173157,0.3168751895427704,-2.97112990210735e-07,0.285636305809021,0.2743637263774872,0.0009867217158898711,0.32496488094329834,0.2672162353992462,0.0009920647135004401,0.34735551476478577,0.2902834713459015,0.0011170199140906334,0.35026368498802185,0.31743916869163513,0.0017129210755228996,0.3325248062610626,0.32313114404678345,-0.008182979188859463,0.37243860960006714,0.30986151099205017,-0.007975459098815918,0.3578750789165497,0.2966051697731018,-0.006053093820810318,0.3417373597621918,0.29902681708335876,-0.005000033415853977,0.3263522982597351,0.3603050112724304,-0.008900279179215431,0.36533257365226746,0.34565460681915283,-0.006957339122891426,0.35502567887306213,0.3290829360485077,-0.003361409530043602,0.3396606743335724,0.327362596988678,-0.001568522653542459,0.31779831647872925,0.38510024547576904,-0.008375775068998337,0.3498074412345886,0.3679983913898468,-0.0071675437502563,0.3426002860069275,0.35306990146636963,-0.0035327619407325983,0.32977941632270813,0.35162773728370667,-0.0019469874678179622,0.30901339650154114,0.4004208445549011,-0.007383039686828852,0.3352397084236145,0.3863331973552704,-0.006593810860067606,0.3288937509059906,0.37225598096847534,-0.0019267464522272348,0.31628739833831787,0.36925485730171204,0.0016102669760584831,0
0.2939930260181427,0.3890211582183838,-3.067736642492491e-08,0.2998506724834442,0.4371144473552704,-0.0017566087190061808,0.2899320125579834,0.4948485493659973,-0.01000689622014761,0.26154327392578125,0.5309085249900818,-0.019374635070562363,0.2405334711074829,0.531025230884552,-0.026031142100691795,0.3364924490451813,0.5278768539428711,-0.00999534223228693,0.2871980667114258,0.5657508373260498,-0.02164718508720398,0.2787323296070099,0.5421120524406433,-0.027703972533345222,0.2869938313961029,0.5266739130020142,-0.0320911668241024,0.3276080787181854,0.5162129402160645,-0.01734912022948265,0.2720238268375397,0.5492665767669678,-0.025071730837225914,0.267911821603775,0.525215208530426,-0.024428732693195343,0.27855703234672546,0.5141308307647705,-0.024973353371024132,0.31092584133148193,0.5002732872962952,-0.025395065546035767,0.25662723183631897,0.5241017937660217,-0.029841067269444466,0.2566744387149811,0.5004059076309204,-0.02562340721487999,0.2691590189933777,0.49091261625289917,-0.02409983240067959,0.2889404594898224,0.48315364122390747,-0.03442365676164627,0.2445659190416336,0.49885237216949463,-0.03269921988248825,0.24617835879325867,0.4776403605937958,-0.027869822457432747,0.257413774728775,0.46746134757995605,-0.02589702606201172,0
0.3901742696762085,0.298525869846344,-4.8393076212960295e-08,0.37566497921943665,0.24383386969566345,-0.010548458434641361,0.34357956051826477,0.19789403676986694,-0.019211124628782272,0.3078417479991913,0.18555092811584473,-0.024381568655371666,0.29138946533203125,0.20905020833015442,-0.027624275535345078,0.3377145528793335,0.24251754581928253,-0.03230147808790207,0.29402002692222595,0.21265831589698792,-0.04500195384025574,0.31259384751319885,0.21489201486110687,-0.04843197762966156,0.33001261949539185,0.22567574679851532,-0.04798244312405586,0.33112046122550964,0.2808777987957001,-0.030803099274635315,0.2857755720615387,0.246087908744812,-0.03881803900003433,0.3029758930206299,0.24572420120239258,-0.03657790645956993,0.31966155767440796,0.25623762607574463,-0.034193526953458786,0.3255646228790283,0.311855673789978,-0.028712669387459755,0.29008767008781433,0.27888405323028564,-0.030934998765587807,0.3045087456703186,0.27719366550445557,-0.02280653640627861,0.31730028986930847,0.28579798340797424,-0.0181172676384449,0.32201820611953735,0.33644726872444153,-0.027421025559306145,0.2954683303833008,0.30488377809524536,-0.026024581864476204,0.30847156047821045,0.3032497763633728,-0.01851511560380459,0.3187485933303833,0.31251072883605957,-0.013943619094789028,0
0.35312727093696594,0.29978668689727783,-1.544522802987558e-07,0.30758920311927795,0.30932801961898804,0.0022174189798533916,0.27570611238479614,0.3464239835739136,5.823202809551731e-05,0.26286619901657104,0.3852382004261017,-0.0024177569430321455,0.2695988118648529,0.4128666818141937,-0.004956881981343031,0.27930939197540283,0.3626946806907654,-0.015405373647809029,0.26699236035346985,0.41884350776672363,-0.023710079491138458,0.27671748399734497,0.4057431221008301,-0.026782948523759842,0.2836124897003174,0.38466551899909973,-0.027168042957782745,0.3059142827987671,0.37690165638923645,-0.019606292247772217,0.2943297326564789,0.42947596311569214,-0.023710567504167557,0.3011723458766937,0.4128372371196747,-0.021026236936450005,0.3063482642173767,0.3913111090660095,-0.019337235018610954,0.33176538348197937,0.3874208927154541,-0.022675303742289543,0.3203830420970917,0.4319326877593994,-0.024182597175240517,0.3236624002456665,0.4147801697254181,-0.01666608266532421,0.3275550603866577,0.39447683095932007,-0.012390358373522758,0.354763925075531,0.39337193965911865,-0.025370024144649506,0.34273114800453186,0.42757222056388855,-0.024871451780200005,0.34390902519226074,0.41317760944366455,-0.01673327200114727,0.34781500697135925,0.3965882956981659,-0.010966748930513859,0
0.33977991342544556,0.3376489281654358,-3.1619251217307465e-08,0.3235560357570648,0.2912236452102661,-0.006570016499608755,0.295788437128067,0.25202277302742004,-0.014914043247699738,0.2660865783691406,0.24017077684402466,-0.021201269701123238,0.24903036653995514,0.2535040080547333,-0.025901174172759056,0.29151660203933716,0.2896541655063629,-0.03057948499917984,0.24492229521274567,0.2694677412509918,-0.043399278074502945,0.25955137610435486,0.2715149521827698,-0.04688560217618942,0.27679169178009033,0.27814093232154846,-0.04616643488407135,0.2889789640903473,0.3278094530105591,-0.03128137066960335,0.24002239108085632,0.30239707231521606,-0.03906727209687233,0.25376614928245544,0.301740437746048,-0.03611426800489426,0.2707599103450775,0.3085702359676361,-0.03340786695480347,0.28611326217651367,0.359694242477417,-0.031279146671295166,0.2438690960407257,0.33397093415260315,-0.03349453583359718,0.256267786026001,0.33183544874191284,-0.02450568974018097,0.2708246409893036,0.3378075659275055,-0.01918664574623108,0.2841489017009735,0.3848302662372589,-0.03175445646047592,0.25138700008392334,0.36075279116630554,-0.030649391934275627,0.26133647561073303,0.3574713468551636,-0.02269401028752327,0.2728586494922638,0.36358723044395447,-0.01761023700237274,0
0.34146443009376526,0.3074033558368683,-5.948138692701832e-08,0.3586583435535431,0.2607252895832062,-0.02176009863615036,0.3612704277038574,0.20671510696411133,-0.039505716413259506,0.3401203155517578,0.16317668557167053,-0.05177151784300804,0.31252726912498474,0.16408061981201172,-0.059730105102062225,0.33135631680488586,0.2611680328845978,-0.05805302411317825,0.31240877509117126,0.1791636049747467,-0.07805024087429047,0.32778218388557434,0.18873818218708038,-0.08054845780134201,0.33460667729377747,0.21242639422416687,-0.07880309224128723,0.3035866320133209,0.27834442257881165,-0.05276285111904144,0.28765010833740234,0.19022628664970398,-0.0685054138302803,0.30138927698135376,0.20020689070224762,-0.06259100884199142,0.3065594732761383,0.22517287731170654,-0.05803939327597618,0.2800639867782593,0.28553327918052673,-0.047474220395088196,0.27070194482803345,0.20380926132202148,-0.05554469674825668,0.2819993495941162,0.2123381793498993,-0.0460490807890892,0.2852115035057068,0.2351612001657486,-0.040816664695739746,0.2618817687034607,0.28634271025657654,-0.043873198330402374,0.2567088305950165,0.2202303260564804,-0.04705532267689705,0.2681279182434082,0.22761234641075134,-0.04194071143865585,0.27284473180770874,0.2501026391983032,-0.03943193703889847,0
0.3501128554344177,0.3462371230125427,-1.0418882112617212e-07,0.304211288690567,0.34334802627563477,0.0053405058570206165,0.2713761031627655,0.3712886571884155,0.0029650835786014795,0.26486220955848694,0.407589852809906,-0.0005880727549083531,0.2733127474784851,0.4352382719516754,-0.004426544066518545,0.2610960304737091,0.38396307826042175,-0.010886293835937977,0.24072054028511047,0.433572381734848,-0.017583565786480904,0.25429806113243103,0.42452627420425415,-0.020331529900431633,0.2650858759880066,0.40608781576156616,-0.020947562530636787,0.2837614417076111,0.40963214635849,-0.016929039731621742,0.2640146017074585,0.4544602632522583,-0.01904601976275444,0.27524641156196594,0.44169673323631287,-0.016307327896356583,0.28441524505615234,0.42333656549453735,-0.014862718060612679,0.30742108821868896,0.43116316199302673,-0.02159247174859047,0.28782257437705994,0.466850608587265,-0.02129974775016308,0.2969386577606201,0.4520356357097626,-0.013709528371691704,0.30513009428977966,0.4348633587360382,-0.0096404068171978,0.33023619651794434,0.44650498032569885,-0.025628089904785156,0.3110434412956238,0.46981215476989746,-0.023418450728058815,0.3168010115623474,0.455353707075119,-0.01417441014200449,0.32412296533584595,0.4413037598133087,-0.007657915353775024,0
0.3716822862625122,0.3349323272705078,1.5628754113095056e-07,0.3275822699069977,0.33926254510879517,-0.007694541942328215,0.29255756735801697,0.37828072905540466,-0.013592096045613289,0.2826411724090576,0.42256397008895874,-0.016505684703588486,0.29109957814216614,0.45263728499412537,-0.020101889967918396,0.3025498390197754,0.3868001103401184,-0.030604219064116478,0.27038970589637756,0.4362882375717163,-0.03963002189993858,0.25195014476776123,0.46733784675598145,-0.042830802500247955,0.23903551697731018,0.4931180775165558,-0.04509897902607918,0.3284701704978943,0.4112549424171448,-0.029930710792541504,0.3021343946456909,0.46267926692962646,-0.03939975053071976,0.29978057742118835,0.44356486201286316,-0.03702192381024361,0.3063872754573822,0.42028501629829407,-0.03410019725561142,0.35234326124191284,0.4283819794654846,-0.027608627453446388,0.32640543580055237,0.4687550961971283,-0.03200541064143181,0.3225688934326172,0.45008838176727295,-0.023300230503082275,0.3289209008216858,0.431020587682724,-0.017382485792040825,0.3721510171890259,0.43982601165771484,-0.0257142074406147,0.34780338406562805,0.47045111656188965,-0.027740051969885826,0.3440651297569275,0.45409005880355835,-0.02074350230395794,0.35050445795059204,0.43859753012657166,-0.015490162186324596,1
0.3651556074619293,0.30345314741134644,3.9585125932717347e-07,0.3225228190422058,0.31466734409332275,-0.010643886402249336,0.29415610432624817,0.357022762298584,-0.018856486305594444,0.2889268100261688,0.39883068203926086,-0.024501964449882507,0.2994864881038666,0.42599520087242126,-0.030441097915172577,0.30033376812934875,0.36359378695487976,-0.03399967774748802,0.26573434472084045,0.4081122875213623,-0.04719318822026253,0.2467678189277649,0.4358313977718353,-0.05378391593694687,0.22971710562705994,0.4579550325870514,-0.05698736757040024,0.3281610906124115,0.38082778453826904,-0.03351500257849693,0.3112022280693054,0.4476449191570282,-0.04527820646762848,0.30150288343429565,0.49247926473617554,-0.04937874153256416,0.29560303688049316,0.5266128778457642,-0.05244508013129234,0.35490262508392334,0.39218419790267944,-0.03156130015850067,0.3358941972255707,0.440540075302124,-0.04275868460536003,0.3296162188053131,0.42422229051589966,-0.03833518549799919,0.33234766125679016,0.402563214302063,-0.032630983740091324,0.37681519985198975,0.3987421989440918,-0.030019985511898994,0.3548717200756073,0.436402827501297,-0.036507684737443924,0.3501850366592407,0.4214230477809906,-0.02975774183869362,0.3540843725204468,0.40270334482192993,-0.022885311394929886,2
0.3456353545188904,0.32778310775756836,2.7798895985142735e-07,0.30296605825424194,0.34492647647857666,-0.004416157491505146,0.26359444856643677,0.39077335596084595,-0.011557125486433506,0.23601284623146057,0.4291737675666809,-0.017211588099598885,0.2079959511756897,0.44027599692344666,-0.024300040677189827,0.27667996287345886,0.3966057300567627,-0.03749452158808708,0.24917228519916534,0.4530930519104004,-0.05123619735240936,0.23121461272239685,0.48700860142707825,-0.057911764830350876,0.21727609634399414,0.5142383575439453,-0.061782654374837875,0.3040902018547058,0.4105476438999176,-0.038778722286224365,0.29541856050491333,0.4830867052078247,-0.04908495396375656,0.2899700701236725,0.5256155729293823,-0.050313226878643036,0.2886689305305481,0.5594995617866516,-0.05223201960325241,0.331548810005188,0.4188042879104614,-0.037655651569366455,0.3221535086631775,0.47362130880355835,-0.04433763772249222,0.31852006912231445,0.4535291790962219,-0.0350000262260437,0.32183849811553955,0.4306761622428894,-0.027613161131739616,0.3553697168827057,0.42348936200141907,-0.03675580397248268,0.3423815965652466,0.4630129337310791,-0.04046103358268738,0.34028545022010803,0.4468069076538086,-0.032049305737018585,0.343026340007782,0.4277009665966034,-0.02454044669866562,3
0.3350711762905121,0.4407352805137634,2.3335127252721577e-07,0.34443801641464233,0.44791024923324585,-0.024456875398755074,0.3506995439529419,0.46824392676353455,-0.036427680402994156,0.3311164975166321,0.494630366563797,-0.044520340859889984,0.3114316463470459,0.5170689225196838,-0.052484896034002304,0.36855652928352356,0.5283688902854919,-0.025630120187997818,0.385775089263916,0.5671402215957642,-0.03718768432736397,0.3932552933692932,0.591697633266449,-0.045117102563381195,0.39920565485954285,0.6133264899253845,-0.050564657896757126,0.35073423385620117,0.5437495112419128,-0.023178689181804657,0.3615266978740692,0.5990910530090332,-0.03170757740736008,0.362785667181015,0.6336590647697449,-0.03845665976405144,0.36415815353393555,0.6627933382987976,-0.042489465326070786,0.33192911744117737,0.5424691438674927,-0.022912438958883286,0.3243197500705719,0.5760794878005981,-0.0367879718542099,0.3153078556060791,0.5995370745658875,-0.04684605449438095,0.30878210067749023,0.621517539024353,-0.05292510613799095,0.3122541308403015,0.5296946167945862,-0.02435288392007351,0.30568692088127136,0.5351001024246216,-0.040024932473897934,0.3054300844669342,0.5105143189430237,-0.04314342513680458,0.30527055263519287,0.48706570267677307,-0.04373620077967644,3
0.28448545932769775,0.37934720516204834,3.143256890325574e-07,0.3198366165161133,0.42994844913482666,0.005769121460616589,0.32246896624565125,0.48714199662208557,0.001433802768588066,0.3045307695865631,0.5274856686592102,-0.0044376440346241,0.28282833099365234,0.5456880331039429,-0.00982707366347313,0.331118643283844,0.5183596014976501,-0.015927227213978767,0.3414771854877472,0.5818029046058655,-0.02565232664346695,0.3510538935661316,0.6216725707054138,-0.031085669994354248,0.358020544052124,0.6526722311973572,-0.034437716007232666,0.3038354516029358,0.5179589986801147,-0.02494010515511036,0.2982058823108673,0.5887860059738159,-0.033804621547460556,0.2947181463241577,0.6326818466186523,-0.03870224952697754,0.29044950008392334,0.665596604347229,-0.04217621311545372,0.275762140750885,0.5089391469955444,-0.031313586980104446,0.25776997208595276,0.5523496270179749,-0.035473547875881195,0.26481735706329346,0.535744309425354,-0.028294051066040993,0.27330508828163147,0.516409158706665,-0.02207135781645775,0.2509586811065674,0.49429944157600403,-0.03761909529566765,0.24163739383220673,0.5258648991584778,-0.03456280380487442,0.2488541156053543,0.5102041959762573,-0.022831592708826065,0.2551653981208801,0.49227210879325867,-0.013326031155884266,2
0.285358726978302,0.37427622079849243,7.726247197581415e-09,0.3189721703529358,0.43105563521385193,0.012535770423710346,0.3213527202606201,0.49055835604667664,0.009051257744431496,0.30785804986953735,0.5314468145370483,0.003278142074123025,0.28589606285095215,0.5522859692573547,-0.003711288794875145,0.3279259204864502,0.5180420875549316,-0.018636224791407585,0.3374030590057373,0.5853923559188843,-0.027163438498973846,0.3413606882095337,0.6254510283470154,-0.03062357008457184,0.3442316949367523,0.6584265828132629,-0.03316504508256912,0.30228352546691895,0.5138075351715088,-0.029964160174131393,0.27442094683647156,0.5763928890228271,-0.034572191536426544,0.2669270634651184,0.5575700998306274,-0.027682587504386902,0.270594984292984,0.5351888537406921,-0.02265964262187481,0.2740558385848999,0.49970072507858276,-0.03836440294981003,0.2505825161933899,0.5428144335746765,-0.035734981298446655,0.2514720559120178,0.523243248462677,-0.021032502874732018,0.25856757164001465,0.5032342672348022,-0.012900348752737045,0.24953125417232513,0.4805482029914856,-0.0461575984954834,0.23359258472919464,0.5180448889732361,-0.036896076053380966,0.2378898561000824,0.4982871413230896,-0.021052515134215355,0.24576865136623383,0.47867006063461304,-0.01104579959064722,1
0.296592116355896,0.375993937253952,1.9500888015500095e-07,0.3305291533470154,0.43555817008018494,0.0007993346080183983,0.3295036554336548,0.5018585324287415,-0.0019944822415709496,0.304385781288147,0.5361404418945312,-0.004055701661854982,0.28274399042129517,0.5517334342002869,-0.006560258101671934,0.34376364946365356,0.5097736716270447,-0.020917993038892746,0.3515073359012604,0.5780206918716431,-0.027661476284265518,0.3550998270511627,0.620464563369751,-0.030719375237822533,0.3587946593761444,0.6581699848175049,-0.034351225942373276,0.31509876251220703,0.5053951740264893,-0.028157465159893036,0.3193233609199524,0.5724491477012634,-0.0403178334236145,0.3181450366973877,0.6192189455032349,-0.04968448728322983,0.3173302412033081,0.6561009883880615,-0.05736789479851723,0.2846806049346924,0.49868762493133545,-0.03344375640153885,0.2690945267677307,0.5625813007354736,-0.04863636568188667,0.2595212161540985,0.6054816246032715,-0.059875063598155975,0.2532430589199066,0.6357126235961914,-0.06699009239673615,0.2568846344947815,0.4917869567871094,-0.03715089336037636,0.26078474521636963,0.5418218970298767,-0.046101514250040054,0.27270078659057617,0.5340596437454224,-0.04625287279486656,0.27956661581993103,0.5185814499855042,-0.04683094471693039,3
0.3053358197212219,0.38138285279273987,-1.6001543201582535e-07,0.3371189534664154,0.42779242992401123,0.006778026930987835,0.34058377146720886,0.48374539613723755,-0.0019452106207609177,0.3191910982131958,0.5277617573738098,-0.0128500796854496,0.2961295247077942,0.5550709962844849,-0.022169310599565506,0.36908501386642456,0.4992329776287079,-0.020397335290908813,0.348388135433197,0.5687921047210693,-0.03273256868124008,0.3343724012374878,0.5494341850280762,-0.037682294845581055,0.3384518623352051,0.5252613425254822,-0.03994922712445259,0.3445589244365692,0.49170687794685364,-0.03228812292218208,0.3203900456428528,0.5593849420547485,-0.03702831268310547,0.31013384461402893,0.5382834672927856,-0.03329502418637276,0.3168676495552063,0.5135334134101868,-0.032944418489933014,0.31440362334251404,0.48273971676826477,-0.04278400540351868,0.2925354838371277,0.5428676605224609,-0.042479872703552246,0.28706127405166626,0.5213248133659363,-0.030090130865573883,0.2946886420249939,0.4970213770866394,-0.02466614916920662,0.28299474716186523,0.4713403582572937,-0.05314810201525688,0.2683100700378418,0.5212109088897705,-0.04728811979293823,0.266430139541626,0.5009102821350098,-0.033477187156677246,0.27260369062423706,0.47806912660598755,-0.025792468339204788,0
0.25903865694999695,0.41373592615127563,-3.723514225839608e-07,0.3094029128551483,0.4028486907482147,-0.02068033069372177,0.3463594317436218,0.431985080242157,-0.03157604858279228,0.3614187240600586,0.4792756140232086,-0.035820018500089645,0.3496191203594208,0.5039944648742676,-0.03717828541994095,0.28892242908477783,0.4696318209171295,-0.04944947734475136,0.348405122756958,0.4993956685066223,-0.0592024102807045,0.3471197187900543,0.47253158688545227,-0.05754806846380234,0.3294447362422943,0.4561052918434143,-0.05552944913506508,0.27349740266799927,0.5004667043685913,-0.0407538115978241,0.33857518434524536,0.5216909646987915,-0.050099123269319534,0.3396487832069397,0.49413543939590454,-0.044375400990247726,0.32262182235717773,0.48033061623573303,-0.04047326371073723,0.2675814628601074,0.5234207510948181,-0.03124568611383438,0.32715120911598206,0.5371934771537781,-0.03719384968280792,0.32756301760673523,0.5137873888015747,-0.029901692643761635,0.3120764493942261,0.5022110342979431,-0.02576613612473011,0.2679893970489502,0.5382914543151855,-0.02311825007200241,0.31132689118385315,0.5466812252998352,-0.031730908900499344,0.31359583139419556,0.5267171859741211,-0.031025659292936325,0.3019404411315918,0.5144091844558716,-0.029510410502552986,0
0.2952665686607361,0.4404154419898987,-8.009736518488353e-08,0.3147488832473755,0.4852338433265686,0.0058965724892914295,0.3168039917945862,0.5350927710533142,0.0003748083545360714,0.29447242617607117,0.5702968835830688,-0.0082853389903903,0.2701524794101715,0.5838304162025452,-0.015210832469165325,0.35216307640075684,0.5608171820640564,-0.0017243603942915797,0.3137762248516083,0.6098066568374634,-0.010351918637752533,0.3015579283237457,0.5918401479721069,-0.015346644446253777,0.3062797486782074,0.5738407969474792,-0.019147906452417374,0.3394637405872345,0.5579789876937866,-0.011824165470898151,0.2944631576538086,0.6052225828170776,-0.01637834683060646,0.2859996259212494,0.5838790535926819,-0.016105519607663155,0.2947148382663727,0.5660990476608276,-0.0173298679292202,0.3201950490474701,0.5507254004478455,-0.021925142034888268,0.27602076530456543,0.5896691679954529,-0.02277577668428421,0.2709384858608246,0.5676572322845459,-0.018444931134581566,0.2814721167087555,0.551710307598114,-0.017659872770309448,0.29693108797073364,0.5412899851799011,-0.03235182911157608,0.2614098787307739,0.5658722519874573,-0.028002139180898666,0.2591390907764435,0.5462914109230042,-0.022305641323328018,0.26888778805732727,0.5327779054641724,-0.020250283181667328,0
0.29207760095596313,0.46319127082824707,-1.0177694065305332e-07,0.2648310959339142,0.5099714994430542,0.001280463533475995,0.25609761476516724,0.5485930442810059,-0.00425505917519331,0.24736711382865906,0.5760266780853271,-0.012025028467178345,0.2382361888885498,0.5907913446426392,-0.01772807165980339,0.32070860266685486,0.5928089022636414,-0.006435443181544542,0.2783331871032715,0.6251116991043091,-0.018502241000533104,0.26847800612449646,0.5977707505226135,-0.024841563776135445,0.2755613625049591,0.581318736076355,-0.029318643733859062,0.3256899118423462,0.5783007740974426,-0.015147344209253788,0.27301475405693054,0.6104950308799744,-0.025136344134807587,0.26641136407852173,0.5812410116195679,-0.024815581738948822,0.27727895975112915,0.5680314302444458,-0.025121349841356277,0.3206988573074341,0.5574649572372437,-0.02451484091579914,0.2686915695667267,0.5823031067848206,-0.03258221223950386,0.2638864517211914,0.5551280975341797,-0.026683714240789413,0.2750326097011566,0.5428313612937927,-0.023411203175783157,0.3095337748527527,0.532970666885376,-0.03441451117396355,0.2682796120643616,0.5549372434616089,-0.03753902018070221,0.2641056180000305,0.5345155000686646,-0.03235025703907013,0.2730315625667572,0.5212642550468445,-0.029465286061167717,0
0.4420357346534729,0.3832666277885437,-2.890697103907769e-08,0.3976708650588989,0.40982934832572937,-0.0173589326441288,0.37040412425994873,0.4528336524963379,-0.02882646769285202,0.3628007769584656,0.5090268850326538,-0.03561358153820038,0.37925565242767334,0.5381343364715576,-0.03893912956118584,0.4216386079788208,0.46085360646247864,-0.03532968461513519,0.3965621590614319,0.5252755880355835,-0.04916856065392494,0.3887682259082794,0.49998822808265686,-0.05348549038171768,0.39451923966407776,0.4744506776332855,-0.05368974804878235,0.4512900710105896,0.4706181585788727,-0.02901116944849491,0.42069917917251587,0.5355162620544434,-0.0384402833878994,0.411795973777771,0.5126692056655884,-0.037196118384599686,0.41953912377357483,0.49005794525146484,-0.035729240626096725,0.4701917767524719,0.4795825481414795,-0.02270505577325821,0.43904638290405273,0.5335967540740967,-0.026456883177161217,0.4307206869125366,0.5135152339935303,-0.019391685724258423,0.43756526708602905,0.49350473284721375,-0.015156077221035957,0.481946736574173,0.48650625348091125,-0.017808284610509872,0.4521688222885132,0.5247846841812134,-0.019002394750714302,0.44639289379119873,0.5086765885353088,-0.014228886924684048,0.4533728361129761,0.4916546046733856,-0.010925129987299442,0
0.43143537640571594,0.3769456744194031,-1.659638115825146e-07,0.41936734318733215,0.3717787563800812,-0.03854721784591675,0.4117918610572815,0.38768401741981506,-0.06053731590509415,0.39777177572250366,0.4188966155052185,-0.07469621300697327,0.3842078447341919,0.44353023171424866,-0.0836028978228569,0.4633007049560547,0.46894705295562744,-0.046260952949523926,0.41181665658950806,0.4740428030490875,-0.06728332489728928,0.4100588858127594,0.4407767057418823,-0.07754766196012497,0.4248480498790741,0.43111494183540344,-0.08462586998939514,0.4569970965385437,0.4926510751247406,-0.034902047365903854,0.40262237191200256,0.48903319239616394,-0.05522667244076729,0.40160688757896423,0.4495852589607239,-0.05750846490263939,0.4172291159629822,0.44003263115882874,-0.057714615017175674,0.4457673728466034,0.5039895176887512,-0.026475975289940834,0.3965598940849304,0.5003604292869568,-0.045245882123708725,0.39554792642593384,0.46498003602027893,-0.04184725508093834,0.4104022681713104,0.45407822728157043,-0.03775123879313469,0.4324343204498291,0.5057172179222107,-0.021079616621136665,0.39899373054504395,0.5020249485969543,-0.034042373299598694,0.3968493938446045,0.4767204523086548,-0.03386160731315613,0.40763741731643677,0.46785804629325867,-0.031811486929655075,0
0.40894317626953125,0.3913831114768982,-3.1671245892539446e-07,0.44549623131752014,0.4100557565689087,-0.014675535261631012,0.4769134819507599,0.4387509822845459,-0.024510018527507782,0.49386879801750183,0.4639439582824707,-0.03418389707803726,0.47724539041519165,0.4745490849018097,-0.03992219641804695,0.4504319429397583,0.5261439681053162,-0.00508808484300971,0.4711763262748718,0.5212845206260681,-0.023750687018036842,0.4677879214286804,0.48423701524734497,-0.03292886167764664,0.46016865968704224,0.4777134954929352,-0.03776264935731888,0.425724595785141,0.5328637361526489,-0.007031431887298822,0.4461744427680969,0.5159943103790283,-0.026288313791155815,0.443716436624527,0.47241050004959106,-0.028097713366150856,0.4357675313949585,0.47262275218963623,-0.024743789806962013,0.40125423669815063,0.5242024660110474,-0.012727495282888412,0.4194570481777191,0.4979303181171417,-0.029637984931468964,0.4207081198692322,0.46203815937042236,-0.023010211065411568,0.41353675723075867,0.46788090467453003,-0.014512922614812851,0.37899550795555115,0.5066226124763489,-0.020643915981054306,0.3946186602115631,0.4827660620212555,-0.027195941656827927,0.40005528926849365,0.4571966826915741,-0.021922608837485313,0.3961087763309479,0.45962703227996826,-0.015760600566864014,0
